epoch,step,train/L_coord_epoch,train/L_coord_step,train/L_geo_pred_pred_art_epoch,train/L_geo_pred_pred_art_step,train/L_kld_epoch,train/L_kld_step,train/L_mask_epoch,train/L_mask_step,train/L_motion_recon_epoch,train/L_motion_recon_step,train/L_motion_type_epoch,train/L_motion_type_step,train/L_origin_epoch,train/L_origin_map_epoch,train/L_origin_map_step,train/L_origin_step,train/L_point_3d_epoch,train/L_point_3d_step,train/L_point_map_epoch,train/L_point_map_step,train/L_trajectory_epoch,train/L_trajectory_m2,train/L_trajectory_step,train/L_vae_total_epoch,train/L_vae_total_step,train/loss_total_epoch,train/loss_total_step,train/p_rev_mean,val/L_coord,val/L_geo_pred_pred_art,val/L_kld,val/L_mask,val/L_motion_recon,val/L_motion_type,val/L_origin,val/L_origin_map,val/L_point_3d,val/L_point_map,val/L_trajectory,val/L_trajectory_m2,val/L_vae_total,val/loss_total
0,9,,0.37707316875457764,,0.5099583268165588,,0.0,,0.9124060869216919,,0.6347373127937317,,0.6266471743583679,,,5.756510257720947,2.1430187225341797,,0.2991255223751068,,4.691656112670898,,,1.4183944463729858,,0.6347373127937317,,8.480779647827148,,,,,,,,,,,,,,,
0,19,,0.35463717579841614,,0.4762762784957886,,0.0,,0.6236950755119324,,0.4492433965206146,,0.5843534469604492,,,4.296957969665527,1.2751466035842896,,0.23622927069664001,,4.16022253036499,,,1.0766842365264893,,0.4492433965206146,,6.576212406158447,,,,,,,,,,,,,,,
0,29,,0.30361002683639526,,0.4054359793663025,,0.0,,0.6433049440383911,,0.3329564332962036,,0.5825908780097961,,,3.3311681747436523,0.8263176679611206,,0.19552326202392578,,3.352853298187256,,,0.948578953742981,,0.3329564332962036,,5.298995494842529,,,,,,,,,,,,,,,
0,39,,0.3220025897026062,,0.399487167596817,,0.0,,0.6290007829666138,,0.30408698320388794,,0.5802587866783142,,,2.7987241744995117,0.6670840978622437,,0.25686734914779663,,3.2419075965881348,,,0.9155173897743225,,0.30408698320388794,,4.897674083709717,,,,,,,,,,,,,,,
0,49,,0.32960766553878784,,0.3913683295249939,,0.0,,0.6200023889541626,,0.3409235179424286,,0.4997785687446594,,,3.507472276687622,0.514300525188446,,0.18788829445838928,,3.002185821533203,,,0.8593116402626038,,0.3409235179424286,,4.96987247467041,,,,,,,,,,,,,,,
0,59,,0.27284905314445496,,0.34208956360816956,,0.0,,0.6173179149627686,,0.25893092155456543,,0.5392575860023499,,,3.0340380668640137,0.40520066022872925,,0.1549530029296875,,3.1392581462860107,,,0.852082371711731,,0.25893092155456543,,4.671152114868164,,,,,,,,,,,,,,,
0,69,,0.2283947467803955,,0.32317349314689636,,0.0,,0.6566959619522095,,0.2962152361869812,,0.44234588742256165,,,2.2925832271575928,0.46709737181663513,,0.14399144053459167,,2.7870283126831055,,,0.7183575630187988,,0.2962152361869812,,4.048671722412109,,,,,,,,,,,,,,,
0,79,,0.20679865777492523,,0.3319459855556488,,0.0,,0.6257278919219971,,0.1783258467912674,,0.45265042781829834,,,2.0558300018310547,0.32047948241233826,,0.12148015201091766,,2.8478996753692627,,,0.649376392364502,,0.1783258467912674,,3.7624785900115967,,,,,,,,,,,,,,,
0,84,,,,,,,,,,,,,,,,,,,,,,,,,,,,,0.2652730941772461,0.44191089272499084,0.0,0.618613600730896,0.6946331262588501,0.5125444531440735,0.6595359444618225,1.9393917322158813,0.1630517542362213,2.2845828533172607,0.9220442771911621,0.1531984806060791,0.6946331262588501,4.074025630950928
0,84,0.289371520280838,,0.4212310016155243,,0.0,,1.2300413846969604,,0.35552453994750977,,0.5387269258499146,,0.8531460165977478,4.461927890777588,,,0.1987036019563675,,4.098944187164307,,0.9428249597549438,0.1543666571378708,,0.35552453994750977,,6.526726722717285,,0.3461436927318573,,,,,,,,,,,,,,
1,89,,0.1953940987586975,,0.3239728510379791,,0.0,,0.6082044839859009,,0.20895196497440338,,0.48704564571380615,,,1.8373634815216064,0.19853220880031586,,0.12711411714553833,,2.5982747077941895,,,0.646468997001648,,0.20895196497440338,,3.486072063446045,,,,,,,,,,,,,,,
1,99,,0.18025541305541992,,0.26519325375556946,,0.0,,0.6363862752914429,,0.23525303602218628,,0.4052203297615051,,,2.011730909347534,0.1958763599395752,,0.08162811398506165,,2.5929832458496094,,,0.5597944259643555,,0.23525303602218628,,3.476083755493164,,,,,,,,,,,,,,,
1,109,,0.2038092464208603,,0.26156485080718994,,0.0,,0.6127043962478638,,0.16017590463161469,,0.4124653935432434,,,2.1018874645233154,0.43167397379875183,,0.07962702959775925,,2.1261024475097656,,,0.5789790153503418,,0.16017590463161469,,3.379868745803833,,,,,,,,,,,,,,,
1,119,,0.16149327158927917,,0.2953416109085083,,0.0,,0.5854517817497253,,0.1352090984582901,,0.46268367767333984,,,1.7798831462860107,0.231350377202034,,0.09715893864631653,,2.2911672592163086,,,0.5576106309890747,,0.1352090984582901,,3.1805381774902344,,,,,,,,,,,,,,,
1,129,,0.15865124762058258,,0.269919753074646,,0.0,,0.595349907875061,,0.12430751323699951,,0.3708905577659607,,,1.4473612308502197,0.21728511154651642,,0.0756145715713501,,2.0507447719573975,,,0.5179803371429443,,0.12430751323699951,,2.8060848712921143,,,,,,,,,,,,,,,
1,139,,0.15660130977630615,,0.19776341319084167,,0.0,,0.6002838611602783,,0.16977757215499878,,0.3645617961883545,,,1.3559887409210205,0.3180224597454071,,0.06527984142303467,,2.0310935974121094,,,0.46995481848716736,,0.16977757215499878,,2.7855584621429443,,,,,,,,,,,,,,,
1,149,,0.11714715510606766,,0.27237582206726074,,0.0,,0.5836596488952637,,0.16998308897018433,,0.3601691722869873,,,1.0771938562393188,0.2116536945104599,,0.061251066625118256,,2.0185203552246094,,,0.46174535155296326,,0.16998308897018433,,2.5578994750976562,,,,,,,,,,,,,,,
1,159,,0.16451331973075867,,0.22438937425613403,,0.0,,0.5692487955093384,,0.10152176022529602,,0.4222134053707123,,,1.0140998363494873,0.27189192175865173,,0.08346690982580185,,2.004328489303589,,,0.4295578598976135,,0.10152176022529602,,2.5528602600097656,,,,,,,,,,,,,,,
1,169,,0.13599900901317596,,0.18748164176940918,,0.0,,0.552962601184845,,0.1866976022720337,,0.3668276369571686,,,1.005393385887146,0.24931733310222626,,0.061096008867025375,,1.8841207027435303,,,0.44882163405418396,,0.1866976022720337,,2.4643659591674805,,,,,,,,,,,,,,,
1,169,,,,,,,,,,,,,,,,,,,,,,,,,,,,,0.2057938277721405,0.3992759883403778,0.0,0.5750799179077148,0.6488616466522217,0.4335302710533142,0.5433072447776794,0.724348247051239,0.1320965588092804,1.4396051168441772,0.8356006741523743,0.13930970430374146,0.6488616466522217,2.8090386390686035
1,169,0.1762872189283371,,0.2462334781885147,,0.0,,0.5980050563812256,,0.15599852800369263,,0.4001530706882477,,0.3041635751724243,1.469462275505066,,,0.09467276185750961,,2.250553846359253,,0.5120505094528198,0.08738437294960022,,0.15599852800369263,,3.005296230316162,,0.21763966977596283,,,,,,,,,,,,,,
2,179,,0.1289343535900116,,0.17153309285640717,,0.0,,0.5944791436195374,,0.11923114210367203,,0.3317206799983978,,,0.7637021541595459,0.158318430185318,,0.07047702372074127,,1.8727295398712158,,,0.3390958309173584,,0.11923114210367203,,2.2064976692199707,,,,,,,,,,,,,,,
2,189,,0.15120643377304077,,0.21420401334762573,,0.0,,0.5735049843788147,,0.09204499423503876,,0.35397782921791077,,,0.8825439810752869,0.4125387370586395,,0.09318524599075317,,1.6250618696212769,,,0.3659290075302124,,0.09204499423503876,,2.296417236328125,,,,,,,,,,,,,,,
2,199,,0.1511889398097992,,0.18288958072662354,,0.0,,0.5736395120620728,,0.09829253703355789,,0.36536705493927,,,0.7425538897514343,0.2330004721879959,,0.06290430575609207,,1.9463268518447876,,,0.4380565583705902,,0.09829253703355789,,2.323953866958618,,,,,,,,,,,,,,,
2,209,,0.1367892324924469,,0.17994283139705658,,0.0,,0.5548182129859924,,0.111818827688694,,0.36644986271858215,,,0.6532583236694336,0.10100574046373367,,0.07195859402418137,,1.8146721124649048,,,0.4159948229789734,,0.111818827688694,,2.1313769817352295,,,,,,,,,,,,,,,
2,219,,0.11579534411430359,,0.1514868140220642,,0.0,,0.5500009059906006,,0.14421871304512024,,0.32086095213890076,,,0.6343655586242676,0.26171404123306274,,0.05414574593305588,,1.8334355354309082,,,0.3651542067527771,,0.14421871304512024,,2.154994010925293,,,,,,,,,,,,,,,
2,229,,0.11046425998210907,,0.1800970733165741,,0.0,,0.5741420984268188,,0.11847780644893646,,0.3209381699562073,,,0.6688750386238098,0.247834712266922,,0.05527138710021973,,1.6358004808425903,,,0.4080062806606293,,0.11847780644893646,,2.0879147052764893,,,,,,,,,,,,,,,
2,239,,0.11618471890687943,,0.18396128714084625,,0.0,,0.5415996313095093,,0.18951427936553955,,0.2861270308494568,,,0.5155242085456848,0.3065278232097626,,0.04312252998352051,,1.8381614685058594,,,0.4369504451751709,,0.18951427936553955,,2.15525221824646,,,,,,,,,,,,,,,
2,249,,0.0979691594839096,,0.12886714935302734,,0.0,,0.5531054139137268,,0.1300143152475357,,0.2856399416923523,,,0.4460712969303131,0.11347898840904236,,0.05032377690076828,,1.3050934076309204,,,0.3433449864387512,,0.1300143152475357,,1.6754074096679688,,,,,,,,,,,,,,,
2,254,,,,,,,,,,,,,,,,,,,,,,,,,,,,,0.18289442360401154,0.41941511631011963,0.0,0.5537600517272949,0.6193748712539673,0.3720649480819702,0.5274936556816101,0.4617600440979004,0.11530274897813797,1.0280174016952515,0.8066926598548889,0.13489873707294464,0.6193748712539673,2.375622510910034
2,254,0.11920700967311859,,0.1825248748064041,,0.0,,0.5535959005355835,,0.11125118285417557,,0.33767369389533997,,0.18778479099273682,0.6935276389122009,,,0.05782811716198921,,1.7697820663452148,,0.3784041106700897,0.06674987077713013,,0.11125118285417557,,2.122779607772827,,0.19293776154518127,,,,,,,,,,,,,,
3,259,,0.10461445897817612,,0.17056739330291748,,0.0,,0.5277256965637207,,0.1275668740272522,,0.30751854181289673,,,0.4390335977077484,0.11551199853420258,,0.04216073080897331,,1.6175768375396729,,,0.3880981504917145,,0.1275668740272522,,1.8519600629806519,,,,,,,,,,,,,,,
3,269,,0.08293791115283966,,0.16515827178955078,,0.0,,0.5349141359329224,,0.10232576727867126,,0.28478336334228516,,,0.5246585607528687,0.15090811252593994,,0.04879757761955261,,1.2738866806030273,,,0.33581864833831787,,0.10232576727867126,,1.686031460762024,,,,,,,,,,,,,,,
3,279,,0.13514472544193268,,0.18629488348960876,,0.0,,0.5462184548377991,,0.11443033069372177,,0.35647910833358765,,,0.4317759871482849,0.18696531653404236,,0.08767427504062653,,1.6302151679992676,,,0.39262932538986206,,0.11443033069372177,,1.9593958854675293,,,,,,,,,,,,,,,
3,289,,0.07016511261463165,,0.12668180465698242,,0.0,,0.5121579170227051,,0.06537523865699768,,0.27904370427131653,,,0.5457574129104614,0.18362084031105042,,0.03558311238884926,,1.2726268768310547,,,0.29633742570877075,,0.06537523865699768,,1.643001914024353,,,,,,,,,,,,,,,
3,299,,0.0964340791106224,,0.2058112621307373,,0.0,,0.540580153465271,,0.06630839407444,,0.32558315992355347,,,0.43460220098495483,0.11697658151388168,,0.03244969993829727,,1.3282078504562378,,,0.37458154559135437,,0.06630839407444,,1.6784430742263794,,,,,,,,,,,,,,,
3,309,,0.09919967502355576,,0.18153786659240723,,0.0,,0.5240054130554199,,0.13784970343112946,,0.3106321394443512,,,0.45008522272109985,0.0758071318268776,,0.038687631487846375,,1.4940764904022217,,,0.3921951353549957,,0.13784970343112946,,1.7794232368469238,,,,,,,,,,,,,,,
3,319,,0.08734637498855591,,0.14152923226356506,,0.0,,0.521805465221405,,0.061399418860673904,,0.29169395565986633,,,0.39062657952308655,0.24136993288993835,,0.048502832651138306,,1.342505931854248,,,0.2926042377948761,,0.061399418860673904,,1.6530803442001343,,,,,,,,,,,,,,,
3,329,,0.10224679857492447,,0.2003363072872162,,0.0,,0.5108473300933838,,0.0697580873966217,,0.31683170795440674,,,0.43671658635139465,0.07544006407260895,,0.041490402072668076,,1.1575007438659668,,,0.36392658948898315,,0.0697580873966217,,1.5574127435684204,,,,,,,,,,,,,,,
3,339,,0.06155785918235779,,0.14108192920684814,,0.0,,0.5211151242256165,,0.06648411601781845,,0.255746454000473,,,0.355377197265625,0.07571476697921753,,0.029452567920088768,,1.2903693914413452,,,0.29070255160331726,,0.06648411601781845,,1.4873682260513306,,,,,,,,,,,,,,,
3,339,,,,,,,,,,,,,,,,,,,,,,,,,,,,,0.16952413320541382,0.43015241622924805,0.0,0.5380913615226746,0.6079073548316956,0.33433377742767334,0.5083011388778687,0.38083580136299133,0.10697679966688156,0.8236968517303467,0.8017829060554504,0.13448092341423035,0.6079073548316956,2.1787397861480713
3,339,0.09437532722949982,,0.16388416290283203,,0.0,,0.5277120471000671,,0.08545921742916107,,0.29635488986968994,,0.13921071588993073,0.4484371542930603,,,0.043785326182842255,,1.3790570497512817,,0.3188416361808777,0.05729090794920921,,0.08545921742916107,,1.6830053329467773,,0.18548355996608734,,,,,,,,,,,,,,
4,349,,0.07262763381004333,,0.15732935070991516,,0.0,,0.5234169960021973,,0.09249069541692734,,0.2839421331882477,,,0.39600685238838196,0.09331269562244415,,0.03698231279850006,,1.3451151847839355,,,0.29477834701538086,,0.09249069541692734,,1.5850694179534912,,,,,,,,,,,,,,,
4,359,,0.08649981021881104,,0.122861348092556,,0.0,,0.5133410096168518,,0.06671406328678131,,0.25260239839553833,,,0.3272043466567993,0.1650732159614563,,0.05956662818789482,,1.2843784093856812,,,0.2710666060447693,,0.06671406328678131,,1.5255095958709717,,,,,,,,,,,,,,,
4,369,,0.08913631737232208,,0.15266764163970947,,0.0,,0.5086625814437866,,0.0837123692035675,,0.330414742231369,,,0.3956899046897888,0.13498757779598236,,0.026751404628157616,,1.1101346015930176,,,0.3451926112174988,,0.0837123692035675,,1.5276079177856445,,,,,,,,,,,,,,,
4,379,,0.06886935234069824,,0.14095091819763184,,0.0,,0.4904378652572632,,0.06491497159004211,,0.26770463585853577,,,0.35458987951278687,0.5623996257781982,,0.038245655596256256,,1.4447948932647705,,,0.29665321111679077,,0.06491497159004211,,1.808400273323059,,,,,,,,,,,,,,,
4,389,,0.07960617542266846,,0.14137932658195496,,0.0,,0.5035445690155029,,0.04590476676821709,,0.2885379493236542,,,0.39933860301971436,0.19070923328399658,,0.03334496542811394,,1.141467571258545,,,0.30111420154571533,,0.04590476676821709,,1.5059220790863037,,,,,,,,,,,,,,,
4,399,,0.06985868513584137,,0.13285484910011292,,0.0,,0.5094611644744873,,0.0935693010687828,,0.256458580493927,,,0.3489767909049988,0.07760517299175262,,0.024785220623016357,,1.076479196548462,,,0.249103844165802,,0.0935693010687828,,1.3664345741271973,,,,,,,,,,,,,,,
4,409,,0.08307608217000961,,0.10309994220733643,,0.0,,0.5120023488998413,,0.04860832914710045,,0.2636944353580475,,,0.3238505423069,0.2149144858121872,,0.031038466840982437,,1.430837631225586,,,0.24106371402740479,,0.04860832914710045,,1.584853172302246,,,,,,,,,,,,,,,
4,419,,0.07223211973905563,,0.11504852771759033,,0.0,,0.4982777237892151,,0.03062283992767334,,0.2545243501663208,,,0.35056889057159424,0.1142416000366211,,0.027531873434782028,,1.051023006439209,,,0.19882965087890625,,0.03062283992767334,,1.3104307651519775,,,,,,,,,,,,,,,
4,424,,,,,,,,,,,,,,,,,,,,,,,,,,,,,0.16305424273014069,0.4189489185810089,0.0,0.5272929072380066,0.6038622260093689,0.31034523248672485,0.48917514085769653,0.3900400400161743,0.10312928259372711,0.7162423729896545,0.8007766604423523,0.13469496369361877,0.6038622260093689,2.0938541889190674
4,424,0.0820021778345108,,0.1407136470079422,,0.0,,0.5067156553268433,,0.07142490148544312,,0.2725694179534912,,0.11942371726036072,0.37608224153518677,,,0.036129798740148544,,1.184569239616394,,0.2829427123069763,0.05150861665606499,,0.07142490148544312,,1.4800013303756714,,0.18534868955612183,,,,,,,,,,,,,,
5,429,,0.0818505585193634,,0.14341986179351807,,0.0,,0.4859125018119812,,0.07957343012094498,,0.2966848611831665,,,0.37750187516212463,0.08322825282812119,,0.037516191601753235,,1.0054466724395752,,,0.3487568199634552,,0.07957343012094498,,1.4125776290893555,,,,,,,,,,,,,,,
5,439,,0.08623494952917099,,0.1262855976819992,,0.0,,0.4991801977157593,,0.05161011219024658,,0.2559981942176819,,,0.3491850793361664,0.07880730926990509,,0.03367066755890846,,1.0199640989303589,,,0.23089006543159485,,0.05161011219024658,,1.3153988122940063,,,,,,,,,,,,,,,
5,449,,0.08203323185443878,,0.10741827636957169,,0.0,,0.4796297252178192,,0.07352453470230103,,0.2672562003135681,,,0.38612106442451477,0.08168476074934006,,0.033877894282341,,1.0040552616119385,,,0.2524542808532715,,0.07352453470230103,,1.3410604000091553,,,,,,,,,,,,,,,
5,459,,0.0702124610543251,,0.16048720479011536,,0.0,,0.48979806900024414,,0.04150304198265076,,0.25969547033309937,,,0.3125249147415161,0.06365135312080383,,0.03282415121793747,,0.8719049692153931,,,0.23720693588256836,,0.04150304198265076,,1.2057093381881714,,,,,,,,,,,,,,,
5,469,,0.07069103419780731,,0.13220906257629395,,0.0,,0.47520413994789124,,0.05564972385764122,,0.2383674681186676,,,0.3131375312805176,0.09490837156772614,,0.02883867919445038,,0.9346667528152466,,,0.18542547523975372,,0.05564972385764122,,1.211665391921997,,,,,,,,,,,,,,,
5,479,,0.09565725177526474,,0.14307093620300293,,0.0,,0.4933014214038849,,0.05577211454510689,,0.2796347141265869,,,0.40502241253852844,0.11365969479084015,,0.041280221194028854,,1.309661865234375,,,0.24272455275058746,,0.05577211454510689,,1.5326642990112305,,,,,,,,,,,,,,,
5,489,,0.07703949511051178,,0.12750646471977234,,0.0,,0.4982272982597351,,0.08439333736896515,,0.2553026080131531,,,0.40693530440330505,0.23736149072647095,,0.04157332703471184,,0.9151860475540161,,,0.2936689853668213,,0.08439333736896515,,1.4175944328308105,,,,,,,,,,,,,,,
5,499,,0.08601812273263931,,0.1372181475162506,,0.0,,0.4894869923591614,,0.058565374463796616,,0.23018546402454376,,,0.3082941174507141,0.1341162472963333,,0.03195755183696747,,1.0576424598693848,,,0.18697217106819153,,0.058565374463796616,,1.3053410053253174,,,,,,,,,,,,,,,
5,509,,0.06814178079366684,,0.1263720840215683,,0.0,,0.4775926470756531,,0.08999796211719513,,0.24565675854682922,,,0.33971235156059265,0.14202900230884552,,0.028501741588115692,,0.8467367887496948,,,0.24088957905769348,,0.08999796211719513,,1.252266526222229,,,,,,,,,,,,,,,
5,509,,,,,,,,,,,,,,,,,,,,,,,,,,,,,0.15377525985240936,0.39267978072166443,0.0,0.5176555514335632,0.5971029996871948,0.2960469424724579,0.477263480424881,0.3703096807003021,0.0924442782998085,0.5752487778663635,0.7993021607398987,0.13480642437934875,0.5971029996871948,1.9788427352905273
5,509,0.07725284993648529,,0.12986516952514648,,0.0,,0.488976389169693,,0.0598309300839901,,0.25689369440078735,,0.09560034424066544,0.34325823187828064,,,0.0334470234811306,,1.019144892692566,,0.2559479773044586,0.04683564230799675,,0.0598309300839901,,1.3281627893447876,,0.1873890906572342,,,,,,,,,,,,,,
6,519,,0.07369653880596161,,0.10735993832349777,,0.0,,0.4690970778465271,,0.05000392347574234,,0.2505866289138794,,,0.35239025950431824,0.12868791818618774,,0.03216245770454407,,0.8030813932418823,,,0.21094560623168945,,0.05000392347574234,,1.1960618495941162,,,,,,,,,,,,,,,
6,529,,0.08009836077690125,,0.11241179704666138,,0.0,,0.49376770853996277,,0.062078315764665604,,0.2336895763874054,,,0.3259070813655853,0.1527458131313324,,0.034342117607593536,,0.8923673033714294,,,0.24488863348960876,,0.062078315764665604,,1.2711836099624634,,,,,,,,,,,,,,,
6,539,,0.07905350625514984,,0.1350085437297821,,0.0,,0.4760063588619232,,0.03665245324373245,,0.2767864465713501,,,0.3027113080024719,0.1834019422531128,,0.03590055927634239,,0.7566152215003967,,,0.25172388553619385,,0.03665245324373245,,1.2129267454147339,,,,,,,,,,,,,,,
6,549,,0.08441874384880066,,0.14574432373046875,,0.0,,0.4837760925292969,,0.07040415704250336,,0.27134639024734497,,,0.30629223585128784,0.06038779392838478,,0.03722115233540535,,1.1047043800354004,,,0.2878199517726898,,0.07040415704250336,,1.3677599430084229,,,,,,,,,,,,,,,
6,559,,0.07172185182571411,,0.09348678588867188,,0.0,,0.48700836300849915,,0.0552854984998703,,0.2254447340965271,,,0.2888493537902832,0.12866491079330444,,0.028874656185507774,,0.9013968706130981,,,0.1989600956439972,,0.0552854984998703,,1.2024518251419067,,,,,,,,,,,,,,,
6,569,,0.06726455688476562,,0.12949740886688232,,0.0,,0.4720976650714874,,0.05393050238490105,,0.22512286901474,,,0.3413304090499878,0.07160494476556778,,0.024753257632255554,,0.744331955909729,,,0.2408755123615265,,0.05393050238490105,,1.1336054801940918,,,,,,,,,,,,,,,
6,579,,0.07593519240617752,,0.08970826864242554,,0.0,,0.48123490810394287,,0.030290931463241577,,0.29340046644210815,,,0.29247230291366577,0.0800495520234108,,0.02926604263484478,,0.7303464412689209,,,0.20174114406108856,,0.030290931463241577,,1.1163393259048462,,,,,,,,,,,,,,,
6,589,,0.08241944015026093,,0.09808383882045746,,0.0,,0.48242783546447754,,0.11500734090805054,,0.26526278257369995,,,0.33328375220298767,0.15659594535827637,,0.036008670926094055,,0.747147262096405,,,0.31892579793930054,,0.11500734090805054,,1.2783479690551758,,,,,,,,,,,,,,,
6,594,,,,,,,,,,,,,,,,,,,,,,,,,,,,,0.15219402313232422,0.44990774989128113,0.0,0.5141258239746094,0.5763640403747559,0.28554269671440125,0.4720615744590759,0.3959704339504242,0.09393328428268433,0.5224674940109253,0.8087452054023743,0.13657788932323456,0.5763640403747559,1.9556928873062134
6,594,0.07087869197130203,,0.11748604476451874,,0.0,,0.4753173887729645,,0.05462329089641571,,0.24663695693016052,,0.08337651193141937,0.3199535012245178,,,0.029277214780449867,,0.8951414823532104,,0.23427416384220123,0.043199244886636734,,0.05462329089641571,,1.2164885997772217,,0.18849420547485352,,,,,,,,,,,,,,
7,599,,0.062213681638240814,,0.12195439636707306,,0.0,,0.46704164147377014,,0.05672299489378929,,0.23457075655460358,,,0.32922598719596863,0.05118183791637421,,0.02725190483033657,,0.7421369552612305,,,0.2401782125234604,,0.05672299489378929,,1.117457389831543,,,,,,,,,,,,,,,
7,609,,0.0674111545085907,,0.13472770154476166,,0.0,,0.4639687240123749,,0.02915211394429207,,0.23205623030662537,,,0.3085150420665741,0.03920798376202583,,0.029338840395212173,,0.9549375772476196,,,0.1823841631412506,,0.02915211394429207,,1.1669588088989258,,,,,,,,,,,,,,,
7,619,,0.06597796827554703,,0.09737883508205414,,0.0,,0.44939422607421875,,0.030562397092580795,,0.2147405743598938,,,0.2828173041343689,0.06694503128528595,,0.0228009894490242,,0.8251309990882874,,,0.17818930745124817,,0.030562397092580795,,1.078017234802246,,,,,,,,,,,,,,,
7,629,,0.05760444328188896,,0.11424523591995239,,0.0,,0.4626758098602295,,0.04638805240392685,,0.21993237733840942,,,0.31835222244262695,0.05370638892054558,,0.021813709288835526,,0.8634148836135864,,,0.22451898455619812,,0.04638805240392685,,1.1456280946731567,,,,,,,,,,,,,,,
7,639,,0.06629803776741028,,0.10238456726074219,,0.0,,0.4631413221359253,,0.04638991504907608,,0.2645706534385681,,,0.29862794280052185,0.03511667996644974,,0.027851786464452744,,0.6824132204055786,,,0.21023856103420258,,0.04638991504907608,,1.0575624704360962,,,,,,,,,,,,,,,
7,649,,0.06299348175525665,,0.08445551991462708,,0.0,,0.4458538293838501,,0.055388953536748886,,0.2792954444885254,,,0.29906660318374634,0.038283731788396835,,0.029305879026651382,,0.7760167121887207,,,0.20565015077590942,,0.055388953536748886,,1.1043728590011597,,,,,,,,,,,,,,,
7,659,,0.07448520511388779,,0.09154152870178223,,0.0,,0.44806331396102905,,0.06689724326133728,,0.2415386438369751,,,0.2777388393878937,0.1032005250453949,,0.024832462891936302,,0.7741996049880981,,,0.2029905915260315,,0.06689724326133728,,1.116127371788025,,,,,,,,,,,,,,,
7,669,,0.05897501856088638,,0.10727201402187347,,0.0,,0.44460099935531616,,0.03511505201458931,,0.2530515491962433,,,0.30195602774620056,0.08887725323438644,,0.021825913339853287,,0.8861481547355652,,,0.24412864446640015,,0.03511505201458931,,1.178066372871399,,,,,,,,,,,,,,,
7,679,,0.07387538254261017,,0.10585940629243851,,0.0,,0.4844784140586853,,0.06182801350951195,,0.2295485883951187,,,0.29987964034080505,0.07456562668085098,,0.020009106025099754,,0.6997109651565552,,,0.24472364783287048,,0.06182801350951195,,1.1048955917358398,,,,,,,,,,,,,,,
7,679,,,,,,,,,,,,,,,,,,,,,,,,,,,,,0.14594238996505737,0.48171675205230713,0.0,0.5127791166305542,0.5817832946777344,0.278716117143631,0.43908926844596863,0.3824058175086975,0.08489660918712616,0.5063180923461914,0.813418984413147,0.13777543604373932,0.5817832946777344,1.9208462238311768
7,679,0.06719048321247101,,0.11056063324213028,,0.0,,0.4617810547351837,,0.04497922584414482,,0.23969605565071106,,0.06859152764081955,0.30138787627220154,,,0.026879796758294106,,0.7926685810089111,,0.2141970843076706,0.03968152031302452,,0.04497922584414482,,1.1197419166564941,,0.18987061083316803,,,,,,,,,,,,,,
8,689,,0.0702006071805954,,0.09580664336681366,,0.0,,0.45484137535095215,,0.03467411920428276,,0.23422552645206451,,,0.24790994822978973,0.07591622322797775,,0.023290634155273438,,0.7257921099662781,,,0.16580042243003845,,0.03467411920428276,,1.0259060859680176,,,,,,,,,,,,,,,
8,699,,0.06667760014533997,,0.12012910842895508,,0.0,,0.45179247856140137,,0.0280773863196373,,0.22807428240776062,,,0.291390597820282,0.03622271120548248,,0.027771737426519394,,0.6999087333679199,,,0.17164714634418488,,0.0280773863196373,,1.0127942562103271,,,,,,,,,,,,,,,
8,709,,0.06343210488557816,,0.07995836436748505,,0.0,,0.455173134803772,,0.03688632696866989,,0.23500913381576538,,,0.26088786125183105,0.054292116314172745,,0.024585260078310966,,0.6367272138595581,,,0.1681654453277588,,0.03688632696866989,,0.9755751490592957,,,,,,,,,,,,,,,
8,719,,0.06295213848352432,,0.09844453632831573,,0.0,,0.44524359703063965,,0.044360313564538956,,0.2242182195186615,,,0.2710855305194855,0.030145253986120224,,0.024707183241844177,,0.669441282749176,,,0.21579770743846893,,0.044360313564538956,,1.0038200616836548,,,,,,,,,,,,,,,
8,729,,0.07736522704362869,,0.1321355104446411,,0.0,,0.44518113136291504,,0.028709139674901962,,0.25465935468673706,,,0.313679039478302,0.0906432569026947,,0.03061782568693161,,0.6667630672454834,,,0.13657480478286743,,0.028709139674901962,,1.035309910774231,,,,,,,,,,,,,,,
8,739,,0.06338899582624435,,0.07920937240123749,,0.0,,0.4329061508178711,,0.03698485344648361,,0.20901280641555786,,,0.2977236211299896,0.037518009543418884,,0.028578102588653564,,0.7156376838684082,,,0.18239960074424744,,0.03698485344648361,,1.0099958181381226,,,,,,,,,,,,,,,
8,749,,0.06801009923219681,,0.12209765613079071,,0.0,,0.4612511098384857,,0.025781970471143723,,0.22934120893478394,,,0.2954008877277374,0.046658776700496674,,0.022609636187553406,,0.7296884655952454,,,0.22544005513191223,,0.025781970471143723,,1.0643008947372437,,,,,,,,,,,,,,,
8,759,,0.0586748942732811,,0.08030883967876434,,0.0,,0.4444222152233124,,0.036047328263521194,,0.21959978342056274,,,0.26055604219436646,0.09584402292966843,,0.021461091935634613,,0.6622703075408936,,,0.16214457154273987,,0.036047328263521194,,0.9885410666465759,,,,,,,,,,,,,,,
8,764,,,,,,,,,,,,,,,,,,,,,,,,,,,,,0.14296843111515045,0.4984625577926636,0.0,0.5106385350227356,0.5850790739059448,0.2729990482330322,0.4365461468696594,0.37446311116218567,0.08359921723604202,0.47867247462272644,0.8285396695137024,0.14041568338871002,0.5850790739059448,1.9065989255905151
8,764,0.06398371607065201,,0.10373435169458389,,0.0,,0.45007410645484924,,0.03956732526421547,,0.23402616381645203,,0.0644400343298912,0.2923597991466522,,,0.025546589866280556,,0.700396716594696,,0.1969909369945526,0.03663814812898636,,0.03956732526421547,,1.044066071510315,,0.1911478340625763,,,,,,,,,,,,,,
9,769,,0.060541488230228424,,0.09105293452739716,,0.0,,0.44594165682792664,,0.034810859709978104,,0.22374776005744934,,,0.29922473430633545,0.03217390924692154,,0.021058525890111923,,0.5696280002593994,,,0.15911364555358887,,0.034810859709978104,,0.9322255849838257,,,,,,,,,,,,,,,
9,779,,0.06149860471487045,,0.15594056248664856,,0.0,,0.4517133831977844,,0.03289911150932312,,0.25274088978767395,,,0.2649238407611847,0.07096247375011444,,0.028620213270187378,,0.5549423694610596,,,0.2039078176021576,,0.03289911150932312,,0.9766983985900879,,,,,,,,,,,,,,,
9,789,,0.05833489075303078,,0.059409163892269135,,0.0,,0.44469842314720154,,0.026842376217246056,,0.20589140057563782,,,0.3186455965042114,0.023139765486121178,,0.02001812309026718,,0.6632751226425171,,,0.13687852025032043,,0.026842376217246056,,0.9548029899597168,,,,,,,,,,,,,,,
9,799,,0.06569946557283401,,0.0852818414568901,,0.0,,0.4505894184112549,,0.050000689923763275,,0.23647424578666687,,,0.25597184896469116,0.10325025022029877,,0.027796905487775803,,0.8422340154647827,,,0.1517300009727478,,0.050000689923763275,,1.1004016399383545,,,,,,,,,,,,,,,
9,809,,0.05075641721487045,,0.18284067511558533,,0.0,,0.4348241686820984,,0.04173306003212929,,0.24049179255962372,,,0.27464038133621216,0.016319116577506065,,0.021755477413535118,,0.5133849382400513,,,0.16479504108428955,,0.04173306003212929,,0.8976342082023621,,,,,,,,,,,,,,,
9,819,,0.06517618149518967,,0.14254215359687805,,0.0,,0.4243801534175873,,0.03247562050819397,,0.2219449281692505,,,0.25132712721824646,0.048154447227716446,,0.02795526012778282,,0.6480580568313599,,,0.2148692011833191,,0.03247562050819397,,0.9814246892929077,,,,,,,,,,,,,,,
9,829,,0.06202377378940582,,0.07929762452840805,,0.0,,0.42610737681388855,,0.0369955338537693,,0.24422800540924072,,,0.27227383852005005,0.058026041835546494,,0.020256999880075455,,0.598395824432373,,,0.17156913876533508,,0.0369955338537693,,0.9528680443763733,,,,,,,,,,,,,,,
9,839,,0.04946036636829376,,0.10662288218736649,,0.0,,0.4308376610279083,,0.02425330877304077,,0.21642379462718964,,,0.22433431446552277,0.0255479384213686,,0.014951254241168499,,0.540958046913147,,,0.20056048035621643,,0.02425330877304077,,0.8743258714675903,,,,,,,,,,,,,,,
9,849,,0.04720998555421829,,0.09552314132452011,,0.0,,0.4438134729862213,,0.0274692140519619,,0.22079184651374817,,,0.2508932054042816,0.03245316818356514,,0.015390731394290924,,0.4993479251861572,,,0.17085960507392883,,0.0274692140519619,,0.863666832447052,,,,,,,,,,,,,,,
9,849,,,,,,,,,,,,,,,,,,,,,,,,,,,,,0.1408085972070694,0.5137704610824585,0.0,0.5092503428459167,0.5567532181739807,0.2691361904144287,0.45071277022361755,0.3842324912548065,0.08250308036804199,0.4774992763996124,0.8291449546813965,0.14072291553020477,0.5567532181739807,1.901397705078125
9,849,0.06130940094590187,,0.09918779134750366,,0.0,,0.43903955817222595,,0.03673456609249115,,0.22947892546653748,,0.05504902824759483,0.281284898519516,,,0.023528164252638817,,0.616136908531189,,0.179544135928154,0.03348585590720177,,0.03673456609249115,,0.9709718823432922,,0.19022272527217865,,,,,,,,,,,,,,
10,859,,0.06498710811138153,,0.08031796663999557,,0.0,,0.4296328127384186,,0.03148408606648445,,0.21641206741333008,,,0.3139679431915283,0.025697048753499985,,0.022991444915533066,,0.6119933128356934,,,0.17817142605781555,,0.03148408606648445,,0.9557003378868103,,,,,,,,,,,,,,,
10,869,,0.061187151819467545,,0.11043459922075272,,0.0,,0.44846856594085693,,0.040197476744651794,,0.2292722463607788,,,0.25219017267227173,0.07559119164943695,,0.02906261384487152,,0.5267833471298218,,,0.22881120443344116,,0.040197476744651794,,0.9568255543708801,,,,,,,,,,,,,,,
10,879,,0.05167508125305176,,0.08076688647270203,,0.0,,0.42479193210601807,,0.028575457632541656,,0.2175889015197754,,,0.23928508162498474,0.0523860827088356,,0.020716091617941856,,0.5059123039245605,,,0.16467392444610596,,0.028575457632541656,,0.8608790636062622,,,,,,,,,,,,,,,
10,889,,0.054586030542850494,,0.10958206653594971,,0.0,,0.44155535101890564,,0.024493573233485222,,0.21659496426582336,,,0.25575944781303406,0.01989506371319294,,0.02258603647351265,,0.5839876532554626,,,0.12183958292007446,,0.024493573233485222,,0.8816070556640625,,,,,,,,,,,,,,,
10,899,,0.05963606387376785,,0.08535297214984894,,0.0,,0.41545015573501587,,0.032864365726709366,,0.22915206849575043,,,0.2803228795528412,0.042144160717725754,,0.027612950652837753,,0.514559268951416,,,0.17628787457942963,,0.032864365726709366,,0.8975502252578735,,,,,,,,,,,,,,,
10,909,,0.05196478217840195,,0.07890203595161438,,0.0,,0.4036864638328552,,0.04838687926530838,,0.2417605221271515,,,0.2883291244506836,0.07268320024013519,,0.0206912849098444,,0.46849319338798523,,,0.12194554507732391,,0.04838687926530838,,0.8668606877326965,,,,,,,,,,,,,,,
10,919,,0.058579832315444946,,0.08568186312913895,,0.0,,0.43701601028442383,,0.05350029096007347,,0.2756437063217163,,,0.27746516466140747,0.02608542889356613,,0.019157901406288147,,0.5126617550849915,,,0.19238078594207764,,0.05350029096007347,,0.9348135590553284,,,,,,,,,,,,,,,
10,929,,0.04413515329360962,,0.07726278156042099,,0.0,,0.40256741642951965,,0.015928972512483597,,0.20916847884655,,,0.23847843706607819,0.03326326981186867,,0.015750989317893982,,0.48102065920829773,,,0.12953424453735352,,0.015928972512483597,,0.7926501035690308,,,,,,,,,,,,,,,
10,934,,,,,,,,,,,,,,,,,,,,,,,,,,,,,0.13977977633476257,0.42897656559944153,0.0,0.5066573023796082,0.574167788028717,0.26599305868148804,0.4222007095813751,0.3746156394481659,0.08259175717830658,0.45397934317588806,0.8342118263244629,0.141879603266716,0.574167788028717,1.8699960708618164
10,934,0.05878131464123726,,0.09133598953485489,,0.0,,0.429153710603714,,0.03473193570971489,,0.22562341392040253,,0.04967905953526497,0.2746284306049347,,,0.022971266880631447,,0.5357670187950134,,0.16439718008041382,0.03072817251086235,,0.03473193570971489,,0.9070005416870117,,0.19262993335723877,,,,,,,,,,,,,,
11,939,,0.06653027981519699,,0.09764717519283295,,0.0,,0.41770005226135254,,0.06137562915682793,,0.2085515856742859,,,0.2875271737575531,0.04552474245429039,,0.03291553258895874,,0.5536010265350342,,,0.18099436163902283,,0.06137562915682793,,0.9371249675750732,,,,,,,,,,,,,,,
11,949,,0.05817057564854622,,0.08209806680679321,,0.0,,0.41243094205856323,,0.030242634937167168,,0.23023000359535217,,,0.2746816575527191,0.022847114130854607,,0.020948922261595726,,0.4941519498825073,,,0.1529204249382019,,0.030242634937167168,,0.8565218448638916,,,,,,,,,,,,,,,
11,959,,0.053894829005002975,,0.06575154513120651,,0.0,,0.4260427951812744,,0.024590928107500076,,0.21880456805229187,,,0.24369196593761444,0.022308221086859703,,0.019861683249473572,,0.4484446048736572,,,0.10874128341674805,,0.024590928107500076,,0.7897655963897705,,,,,,,,,,,,,,,
11,969,,0.051816388964653015,,0.05318330600857735,,0.0,,0.41801127791404724,,0.019987381994724274,,0.2233942449092865,,,0.2524556815624237,0.060889799147844315,,0.015751898288726807,,0.5386528968811035,,,0.13737346231937408,,0.019987381994724274,,0.8644849061965942,,,,,,,,,,,,,,,
11,979,,0.05706232413649559,,0.08952398598194122,,0.0,,0.42563092708587646,,0.035666126757860184,,0.20991681516170502,,,0.2396036684513092,0.04119329899549484,,0.0220999326556921,,0.47205740213394165,,,0.178383469581604,,0.035666126757860184,,0.8497593402862549,,,,,,,,,,,,,,,
11,989,,0.04979386925697327,,0.08399321138858795,,0.0,,0.4058043658733368,,0.05232851952314377,,0.24330110847949982,,,0.24349616467952728,0.07760397344827652,,0.016988031566143036,,0.5011498332023621,,,0.16442768275737762,,0.05232851952314377,,0.8858460187911987,,,,,,,,,,,,,,,
11,999,,0.05168524757027626,,0.09211908280849457,,0.0,,0.4103170335292816,,0.035815995186567307,,0.20888423919677734,,,0.26906681060791016,0.05051717534661293,,0.019164003431797028,,0.4285893440246582,,,0.14454704523086548,,0.035815995186567307,,0.8185054063796997,,,,,,,,,,,,,,,
11,1009,,0.05128120258450508,,0.061702705919742584,,0.0,,0.41747161746025085,,0.013806886970996857,,0.20974445343017578,,,0.22249366343021393,0.02445339411497116,,0.015535819344222546,,0.3859860897064209,,,0.1006304919719696,,0.013806886970996857,,0.7268720865249634,,,,,,,,,,,,,,,
11,1019,,0.06192480027675629,,0.07425529509782791,,0.0,,0.4190429747104645,,0.02371329814195633,,0.21283726394176483,,,0.26279401779174805,0.029085882008075714,,0.020688733085989952,,0.42693138122558594,,,0.17720788717269897,,0.02371329814195633,,0.8245387077331543,,,,,,,,,,,,,,,
11,1019,,,,,,,,,,,,,,,,,,,,,,,,,,,,,0.13601604104042053,0.43017372488975525,0.0,0.5068454146385193,0.5700829029083252,0.26200535893440247,0.430463582277298,0.39961546659469604,0.08409790694713593,0.4502505362033844,0.8464324474334717,0.1438191831111908,0.5700829029083252,1.8859224319458008
11,1019,0.05658450350165367,,0.08455946296453476,,0.0,,0.41906774044036865,,0.03048747032880783,,0.22295810282230377,,0.04124661162495613,0.2608872354030609,,,0.02091498300433159,,0.46524810791015625,,0.15137720108032227,0.028449613600969315,,0.03048747032880783,,0.8428419232368469,,0.1922626942396164,,,,,,,,,,,,,,
12,1029,,0.0666034072637558,,0.08644001930952072,,0.0,,0.4346114993095398,,0.01701292209327221,,0.2130068987607956,,,0.2607547640800476,0.08841788023710251,,0.02046170085668564,,0.43015187978744507,,,0.1643853634595871,,0.01701292209327221,,0.8563470840454102,,,,,,,,,,,,,,,
12,1039,,0.04710919037461281,,0.0990157276391983,,0.0,,0.38546618819236755,,0.023031633347272873,,0.2202642410993576,,,0.270199716091156,0.006779777817428112,,0.02237151563167572,,0.4437069892883301,,,0.15368083119392395,,0.023031633347272873,,0.7962066531181335,,,,,,,,,,,,,,,
12,1049,,0.05897381901741028,,0.07651545852422714,,0.0,,0.4126151204109192,,0.025846872478723526,,0.24740426242351532,,,0.28368422389030457,0.03236778452992439,,0.022586487233638763,,0.38039523363113403,,,0.16305892169475555,,0.025846872478723526,,0.8211179375648499,,,,,,,,,,,,,,,
12,1059,,0.050788961350917816,,0.07163213938474655,,0.0,,0.40093493461608887,,0.025759056210517883,,0.20382989943027496,,,0.24032461643218994,0.021865326911211014,,0.014462764374911785,,0.37959372997283936,,,0.156515434384346,,0.025759056210517883,,0.7542005777359009,,,,,,,,,,,,,,,
12,1069,,0.04641423001885414,,0.06214113160967827,,0.0,,0.3913002610206604,,0.011379959061741829,,0.21814732253551483,,,0.25375545024871826,0.037083983421325684,,0.02029845304787159,,0.36348891258239746,,,0.09376169741153717,,0.011379959061741829,,0.7240293025970459,,,,,,,,,,,,,,,
12,1079,,0.052257150411605835,,0.06549831479787827,,0.0,,0.4020329415798187,,0.02646900713443756,,0.20602545142173767,,,0.26449400186538696,0.06802720576524734,,0.022019442170858383,,0.439283162355423,,,0.12479571998119354,,0.02646900713443756,,0.8092519044876099,,,,,,,,,,,,,,,
12,1089,,0.042219191789627075,,0.05172796919941902,,0.0,,0.3996211588382721,,0.023369472473859787,,0.20156081020832062,,,0.2194475680589676,0.023693159222602844,,0.012536633759737015,,0.353257417678833,,,0.10162167251110077,,0.023369472473859787,,0.6938363313674927,,,,,,,,,,,,,,,
12,1099,,0.06056997925043106,,0.07355591654777527,,0.0,,0.40838906168937683,,0.01749713346362114,,0.21409475803375244,,,0.3027779459953308,0.014892755076289177,,0.020380880683660507,,0.35451793670654297,,,0.11101925373077393,,0.01749713346362114,,0.7594254612922668,,,,,,,,,,,,,,,
12,1104,,,,,,,,,,,,,,,,,,,,,,,,,,,,,0.13896705210208893,0.48556748032569885,0.0,0.5065593123435974,0.571374237537384,0.2599596083164215,0.4078345000743866,0.38088110089302063,0.08622188866138458,0.423797607421875,0.8538579344749451,0.1450306624174118,0.571374237537384,1.8632831573486328
12,1104,0.05390123650431633,,0.07811469584703445,,0.0,,0.4083124101161957,,0.027477214112877846,,0.2204950600862503,,0.03744399547576904,0.250465989112854,,,0.019970575347542763,,0.40334266424179077,,0.1381484568119049,0.026010900735855103,,0.027477214112877846,,0.7875902056694031,,0.19274774193763733,,,,,,,,,,,,,,
13,1109,,0.044980116188526154,,0.05468522012233734,,0.0,,0.39945241808891296,,0.022609569132328033,,0.20766806602478027,,,0.24333590269088745,0.03270547464489937,,0.01991235464811325,,0.34305959939956665,,,0.10851260274648666,,0.022609569132328033,,0.7165866494178772,,,,,,,,,,,,,,,
13,1119,,0.04995149374008179,,0.08168613165616989,,0.0,,0.39181777834892273,,0.02681013196706772,,0.22652998566627502,,,0.25728437304496765,0.03469427302479744,,0.02921556495130062,,0.39837202429771423,,,0.16883999109268188,,0.02681013196706772,,0.7999264597892761,,,,,,,,,,,,,,,
13,1129,,0.054067037999629974,,0.05770149454474449,,0.0,,0.38793590664863586,,0.01656966656446457,,0.2108457386493683,,,0.2628251314163208,0.09753454476594925,,0.016928840428590775,,0.3142637014389038,,,0.10042916983366013,,0.01656966656446457,,0.7364699840545654,,,,,,,,,,,,,,,
13,1139,,0.047461897134780884,,0.06611383706331253,,0.0,,0.384820818901062,,0.029324213042855263,,0.215125173330307,,,0.26818403601646423,0.03795141726732254,,0.01871456578373909,,0.3372555375099182,,,0.15822920203208923,,0.029324213042855263,,0.7551448941230774,,,,,,,,,,,,,,,
13,1149,,0.06052105128765106,,0.10530715435743332,,0.0,,0.39491936564445496,,0.025967076420783997,,0.25226229429244995,,,0.22488413751125336,0.057982027530670166,,0.020761577412486076,,0.34988653659820557,,,0.1879454255104065,,0.025967076420783997,,0.7980955839157104,,,,,,,,,,,,,,,
13,1159,,0.057889509946107864,,0.09281733632087708,,0.0,,0.39257189631462097,,0.021235080435872078,,0.24850118160247803,,,0.23526766896247864,0.011958260089159012,,0.01682727225124836,,0.36134159564971924,,,0.16172325611114502,,0.021235080435872078,,0.7629396319389343,,,,,,,,,,,,,,,
13,1169,,0.053975969552993774,,0.10768163204193115,,0.0,,0.3930041193962097,,0.034925855696201324,,0.2310454100370407,,,0.2730652093887329,0.05524309352040291,,0.02036188170313835,,0.3490045964717865,,,0.1739993691444397,,0.034925855696201324,,0.8030809164047241,,,,,,,,,,,,,,,
13,1179,,0.04644127935171127,,0.07348701357841492,,0.0,,0.39343419671058655,,0.014986246824264526,,0.21681690216064453,,,0.26830214262008667,0.02155192568898201,,0.014827115461230278,,0.3532796800136566,,,0.09818580001592636,,0.014986246824264526,,0.7212613224983215,,,,,,,,,,,,,,,
13,1189,,0.036398258060216904,,0.0572567917406559,,0.0,,0.38980433344841003,,0.04447752237319946,,0.21028514206409454,,,0.21611487865447998,0.030750226229429245,,0.017626101151108742,,0.31954294443130493,,,0.1444109082221985,,0.04447752237319946,,0.7104308009147644,,,,,,,,,,,,,,,
13,1189,,,,,,,,,,,,,,,,,,,,,,,,,,,,,0.13585595786571503,0.564273476600647,0.0,0.504673957824707,0.5924071669578552,0.25902193784713745,0.41292884945869446,0.3858197331428528,0.08433835953474045,0.41685763001441956,0.8527981042861938,0.14508822560310364,0.5924071669578552,1.8787779808044434
13,1189,0.051320239901542664,,0.07330413907766342,,0.0,,0.3977077305316925,,0.025873972102999687,,0.21841967105865479,,0.03691698610782623,0.24752187728881836,,,0.018352976068854332,,0.3528210520744324,,0.12509411573410034,0.023818127810955048,,0.025873972102999687,,0.7443448305130005,,0.19156499207019806,,,,,,,,,,,,,,
14,1199,,0.04389462620019913,,0.05412069335579872,,0.0,,0.38810110092163086,,0.021285509690642357,,0.2168901562690735,,,0.20213328301906586,0.009907957166433334,,0.013022694736719131,,0.3385571837425232,,,0.12233549356460571,,0.021285509690642357,,0.6834760308265686,,,,,,,,,,,,,,,
14,1209,,0.034748923033475876,,0.05675949901342392,,0.0,,0.3665636479854584,,0.014967313036322594,,0.20628821849822998,,,0.24493204057216644,0.014856136403977871,,0.014402367174625397,,0.3167493939399719,,,0.1060996800661087,,0.014967313036322594,,0.665479838848114,,,,,,,,,,,,,,,
14,1219,,0.04812845587730408,,0.06090698391199112,,0.0,,0.3785253167152405,,0.012541620060801506,,0.2216058373451233,,,0.23002472519874573,0.03453991562128067,,0.015788502991199493,,0.3203200697898865,,,0.07342427223920822,,0.012541620060801506,,0.6735399961471558,,,,,,,,,,,,,,,
14,1229,,0.04502900689840317,,0.04414591193199158,,0.0,,0.3816903531551361,,0.04315347969532013,,0.20587998628616333,,,0.2107793539762497,0.021849706768989563,,0.013607400469481945,,0.33916109800338745,,,0.11920750141143799,,0.04315347969532013,,0.6945934891700745,,,,,,,,,,,,,,,
14,1239,,0.05309581756591797,,0.059961602091789246,,0.0,,0.3800513744354248,,0.02176050841808319,,0.21750882267951965,,,0.24413813650608063,0.019284583628177643,,0.019246837124228477,,0.32051077485084534,,,0.09786765277385712,,0.02176050841808319,,0.6927284002304077,,,,,,,,,,,,,,,
14,1249,,0.0532551109790802,,0.06332209706306458,,0.0,,0.3857567608356476,,0.042365606874227524,,0.20803561806678772,,,0.2532269358634949,0.04399294778704643,,0.01907273195683956,,0.31072670221328735,,,0.12054076790809631,,0.042365606874227524,,0.7248188257217407,,,,,,,,,,,,,,,
14,1259,,0.04958995059132576,,0.0825633630156517,,0.0,,0.41243842244148254,,0.015188469551503658,,0.20952528715133667,,,0.29354792833328247,0.024602966383099556,,0.026167986914515495,,0.3186570703983307,,,0.13212107121944427,,0.015188469551503658,,0.7491759061813354,,,,,,,,,,,,,,,
14,1269,,0.051340822130441666,,0.055660679936409,,0.0,,0.39560025930404663,,0.01679963804781437,,0.2055939882993698,,,0.27832528948783875,0.019274409860372543,,0.018087103962898254,,0.31950652599334717,,,0.11861386895179749,,0.01679963804781437,,0.7171369791030884,,,,,,,,,,,,,,,
14,1274,,,,,,,,,,,,,,,,,,,,,,,,,,,,,0.13683007657527924,0.5445118546485901,0.0,0.5046240091323853,0.5907185673713684,0.25869420170783997,0.4169633388519287,0.3671315312385559,0.08283275365829468,0.3940505087375641,0.8585006594657898,0.14614741504192352,0.5907185673713684,1.8596237897872925
14,1274,0.047037769109010696,,0.06923001259565353,,0.0,,0.38800981640815735,,0.02479231171309948,,0.21609728038311005,,0.0325884185731411,0.24525225162506104,,,0.01754775457084179,,0.3202912509441376,,0.1142277866601944,0.021845079958438873,,0.02479231171309948,,0.7098453044891357,,0.19358474016189575,,,,,,,,,,,,,,
15,1279,,0.05566783621907234,,0.04799889400601387,,0.0,,0.3968542218208313,,0.028091002255678177,,0.23866236209869385,,,0.23151294887065887,0.039773862808942795,,0.01811860129237175,,0.33088749647140503,,,0.09115391224622726,,0.028091002255678177,,0.720160961151123,,,,,,,,,,,,,,,
15,1289,,0.05043896660208702,,0.08601503819227219,,0.0,,0.3863546550273895,,0.04372328147292137,,0.20891538262367249,,,0.2859668433666229,0.033926911652088165,,0.023478975519537926,,0.3150681257247925,,,0.17232948541641235,,0.04372328147292137,,0.7687028050422668,,,,,,,,,,,,,,,
15,1299,,0.041744425892829895,,0.061147838830947876,,0.0,,0.36979997158050537,,0.017807427793741226,,0.22412875294685364,,,0.2583844065666199,0.030160386115312576,,0.015674196183681488,,0.31835681200027466,,,0.10189887881278992,,0.017807427793741226,,0.6950923800468445,,,,,,,,,,,,,,,
15,1309,,0.05183038115501404,,0.07450142502784729,,0.0,,0.4176931381225586,,0.03543632850050926,,0.22439604997634888,,,0.2506745457649231,0.028472140431404114,,0.023570355027914047,,0.31965821981430054,,,0.12891089916229248,,0.03543632850050926,,0.747771143913269,,,,,,,,,,,,,,,
15,1319,,0.035063959658145905,,0.07094620913267136,,0.0,,0.3734701871871948,,0.016835767775774002,,0.22495514154434204,,,0.22405897080898285,0.016731660813093185,,0.010097280144691467,,0.29832616448402405,,,0.12612350285053253,,0.016835767775774002,,0.6699259281158447,,,,,,,,,,,,,,,
15,1329,,0.04317831993103027,,0.06689910590648651,,0.0,,0.382609099149704,,0.018158283084630966,,0.23500311374664307,,,0.2220330536365509,0.01914842613041401,,0.01763646863400936,,0.26893192529678345,,,0.12001848965883255,,0.018158283084630966,,0.6700484752655029,,,,,,,,,,,,,,,
15,1339,,0.04686332494020462,,0.0796930193901062,,0.0,,0.3642302453517914,,0.0518132746219635,,0.22490903735160828,,,0.242539182305336,0.060098953545093536,,0.02409171126782894,,0.2838924825191498,,,0.09341955184936523,,0.0518132746219635,,0.7038982510566711,,,,,,,,,,,,,,,
15,1349,,0.04852179437875748,,0.07897798717021942,,0.0,,0.38813188672065735,,0.023158999159932137,,0.22741642594337463,,,0.207630917429924,0.014369106851518154,,0.018398908898234367,,0.3034915626049042,,,0.11192876100540161,,0.023158999159932137,,0.6794219613075256,,,,,,,,,,,,,,,
15,1359,,0.04345425218343735,,0.07247176766395569,,0.0,,0.38734692335128784,,0.02043239027261734,,0.22052431106567383,,,0.21727699041366577,0.024278994649648666,,0.014026477001607418,,0.29982173442840576,,,0.09474700689315796,,0.02043239027261734,,0.668201744556427,,,,,,,,,,,,,,,
15,1359,,,,,,,,,,,,,,,,,,,,,,,,,,,,,0.1322573572397232,0.5656002759933472,0.0,0.5047106742858887,0.5753903388977051,0.2594532072544098,0.4111185073852539,0.3824017643928528,0.0827472060918808,0.39149194955825806,0.8681721091270447,0.14812850952148438,0.5753903388977051,1.8604320287704468
15,1359,0.04336949437856674,,0.06344511359930038,,0.0,,0.3758464753627777,,0.0219147689640522,,0.21477189660072327,,0.027302607893943787,0.23943732678890228,,,0.017207102850079536,,0.29659369587898254,,0.10491550713777542,0.020157290622591972,,0.0219147689640522,,0.6770239472389221,,0.19220387935638428,,,,,,,,,,,,,,
16,1369,,0.04410123452544212,,0.0379638597369194,,0.0,,0.3854687809944153,,0.04010452330112457,,0.20491516590118408,,,0.23094166815280914,0.024260686710476875,,0.015292364172637463,,0.29553183913230896,,,0.08442622423171997,,0.04010452330112457,,0.6663176417350769,,,,,,,,,,,,,,,
16,1379,,0.04014691710472107,,0.048438750207424164,,0.0,,0.3539087474346161,,0.01729123294353485,,0.203838050365448,,,0.241694375872612,0.0117714274674654,,0.01038424950093031,,0.26343461871147156,,,0.0816015973687172,,0.01729123294353485,,0.6168795228004456,,,,,,,,,,,,,,,
16,1389,,0.04351191222667694,,0.04493148624897003,,0.0,,0.35940635204315186,,0.01230474654585123,,0.2065052092075348,,,0.2925393581390381,0.03701305761933327,,0.01659158244729042,,0.2563510537147522,,,0.0965803787112236,,0.01230474654585123,,0.6648950576782227,,,,,,,,,,,,,,,
16,1399,,0.05203448235988617,,0.07241517305374146,,0.0,,0.364378958940506,,0.01178384106606245,,0.2159072458744049,,,0.21770203113555908,0.019734850153326988,,0.0222366563975811,,0.28403210639953613,,,0.13747279345989227,,0.01178384106606245,,0.6698830127716064,,,,,,,,,,,,,,,
16,1409,,0.034949734807014465,,0.05361936241388321,,0.0,,0.34561634063720703,,0.012690441682934761,,0.20599961280822754,,,0.24519869685173035,0.026886094361543655,,0.01367647759616375,,0.2912639379501343,,,0.09649981558322906,,0.012690441682934761,,0.6417524814605713,,,,,,,,,,,,,,,
16,1419,,0.03303177282214165,,0.064559206366539,,0.0,,0.3581376373767853,,0.011368384584784508,,0.20506200194358826,,,0.23263254761695862,0.017591917887330055,,0.017010565847158432,,0.24552543461322784,,,0.10420876741409302,,0.011368384584784508,,0.618740439414978,,,,,,,,,,,,,,,
16,1429,,0.037417925894260406,,0.10185107588768005,,0.0,,0.35273605585098267,,0.016665782779455185,,0.2043873518705368,,,0.26776304841041565,0.0452316552400589,,0.02412562631070614,,0.2584805488586426,,,0.07820779085159302,,0.016665782779455185,,0.6526930332183838,,,,,,,,,,,,,,,
16,1439,,0.04680745303630829,,0.06274006515741348,,0.0,,0.3507280945777893,,0.012688711285591125,,0.21328002214431763,,,0.2283586859703064,0.019111819565296173,,0.011757813394069672,,0.2606792449951172,,,0.08033348619937897,,0.012688711285591125,,0.6181466579437256,,,,,,,,,,,,,,,
16,1444,,,,,,,,,,,,,,,,,,,,,,,,,,,,,0.12937210500240326,0.4276924431324005,0.0,0.5029321312904358,0.5960602760314941,0.2544556260108948,0.40629351139068604,0.3734169900417328,0.08464007079601288,0.38103726506233215,0.8641023635864258,0.1473642885684967,0.5960602760314941,1.8389244079589844
16,1444,0.040382687002420425,,0.05773976817727089,,0.0,,0.36362424492836,,0.02118360623717308,,0.21316909790039062,,0.026842571794986725,0.23250918090343475,,,0.014696349389851093,,0.2776670455932617,,0.09715515375137329,0.01877216435968876,,0.02118360623717308,,0.6493890285491943,,0.1942013055086136,,,,,,,,,,,,,,
17,1449,,0.03321147710084915,,0.0457649864256382,,0.0,,0.37416502833366394,,0.027741609141230583,,0.21096216142177582,,,0.22684016823768616,0.020567605271935463,,0.01600438542664051,,0.2652703821659088,,,0.08958575874567032,,0.027741609141230583,,0.6367508172988892,,,,,,,,,,,,,,,
17,1459,,0.030213002115488052,,0.05345507338643074,,0.0,,0.36154183745384216,,0.014440233819186687,,0.2213003933429718,,,0.2149711549282074,0.020817583426833153,,0.013498688116669655,,0.2724294066429138,,,0.08699110895395279,,0.014440233819186687,,0.6234471797943115,,,,,,,,,,,,,,,
17,1469,,0.039529118686914444,,0.042434755712747574,,0.0,,0.34656578302383423,,0.012567786499857903,,0.20913991332054138,,,0.21702206134796143,0.011582058854401112,,0.012773824855685234,,0.26262760162353516,,,0.067548967897892,,0.012567786499857903,,0.5939220786094666,,,,,,,,,,,,,,,
17,1479,,0.0384468138217926,,0.038905806839466095,,0.0,,0.372433602809906,,0.009346818551421165,,0.2031906247138977,,,0.23969949781894684,0.028394047170877457,,0.01568177342414856,,0.2911272346973419,,,0.054800428450107574,,0.009346818551421165,,0.6304510235786438,,,,,,,,,,,,,,,
17,1489,,0.04626257345080376,,0.04355473443865776,,0.0,,0.3611971437931061,,0.01915726438164711,,0.20689761638641357,,,0.24465356767177582,0.018921248614788055,,0.02105577290058136,,0.28693249821662903,,,0.132701113820076,,0.01915726438164711,,0.6732448935508728,,,,,,,,,,,,,,,
17,1499,,0.03957094997167587,,0.07876880466938019,,0.0,,0.3479878902435303,,0.024321870878338814,,0.21687904000282288,,,0.22213488817214966,0.01618381403386593,,0.022261131554841995,,0.26292282342910767,,,0.13618895411491394,,0.024321870878338814,,0.652102530002594,,,,,,,,,,,,,,,
17,1509,,0.03693823516368866,,0.04909762740135193,,0.0,,0.33412355184555054,,0.019641216844320297,,0.20943793654441833,,,0.21390733122825623,0.015240350738167763,,0.010521958582103252,,0.2624014616012573,,,0.10503505170345306,,0.019641216844320297,,0.6085333228111267,,,,,,,,,,,,,,,
17,1519,,0.02815156802535057,,0.04412766546010971,,0.0,,0.355337530374527,,0.020476840436458588,,0.2269778996706009,,,0.2233586311340332,0.022754328325390816,,0.009071910753846169,,0.2713450491428375,,,0.0721622183918953,,0.020476840436458588,,0.6192307472229004,,,,,,,,,,,,,,,
17,1529,,0.03516137972474098,,0.042038410902023315,,0.0,,0.35119757056236267,,0.026649080216884613,,0.20496539771556854,,,0.24168601632118225,0.01968573033809662,,0.017271295189857483,,0.2701128423213959,,,0.10542865842580795,,0.026649080216884613,,0.6402828693389893,,,,,,,,,,,,,,,
17,1529,,,,,,,,,,,,,,,,,,,,,,,,,,,,,0.1280031055212021,0.5322660803794861,0.0,0.501160740852356,0.5918369889259338,0.25623807311058044,0.40539249777793884,0.4004746079444885,0.0769072026014328,0.3714159429073334,0.8791801333427429,0.14950214326381683,0.5918369889259338,1.8585314750671387
17,1529,0.03704310208559036,,0.05406516045331955,,0.0,,0.3532041311264038,,0.019960740581154823,,0.2118082344532013,,0.026561012491583824,0.22696928679943085,,,0.016734691336750984,,0.26542919874191284,,0.08961556851863861,0.017394768074154854,,0.019960740581154823,,0.629069447517395,,0.19239243865013123,,,,,,,,,,,,,,
18,1539,,0.02691665291786194,,0.06557290256023407,,0.0,,0.3369876742362976,,0.014985491521656513,,0.20277774333953857,,,0.21049396693706512,0.02346832863986492,,0.01152711734175682,,0.25528421998023987,,,0.07549308240413666,,0.014985491521656513,,0.5855244398117065,,,,,,,,,,,,,,,
18,1549,,0.02344798669219017,,0.036852624267339706,,0.0,,0.33646515011787415,,0.008988146670162678,,0.2143050879240036,,,0.23563510179519653,0.015325821004807949,,0.01070253737270832,,0.24007099866867065,,,0.06994911283254623,,0.008988146670162678,,0.5811302661895752,,,,,,,,,,,,,,,
18,1559,,0.03417649865150452,,0.06676753610372543,,0.0,,0.3508346974849701,,0.015299016609787941,,0.21011248230934143,,,0.21077711880207062,0.030408024787902832,,0.010818293318152428,,0.2523405849933624,,,0.07899513840675354,,0.015299016609787941,,0.6035576462745667,,,,,,,,,,,,,,,
18,1569,,0.03807079792022705,,0.04338517040014267,,0.0,,0.33306434750556946,,0.013225694186985493,,0.21524950861930847,,,0.24946869909763336,0.04087717831134796,,0.01172629650682211,,0.2528287470340729,,,0.05632588267326355,,0.013225694186985493,,0.6097570657730103,,,,,,,,,,,,,,,
18,1579,,0.0328650176525116,,0.05501518025994301,,0.0,,0.3518153429031372,,0.03886234760284424,,0.23186500370502472,,,0.2308550775051117,0.025485169142484665,,0.011904390528798103,,0.2539425492286682,,,0.13263599574565887,,0.03886234760284424,,0.660616934299469,,,,,,,,,,,,,,,
18,1589,,0.02988268807530403,,0.053040556609630585,,0.0,,0.313586562871933,,0.015381488017737865,,0.2198580950498581,,,0.2247428447008133,0.014813120476901531,,0.006464726757258177,,0.25096869468688965,,,0.07510825991630554,,0.015381488017737865,,0.580707311630249,,,,,,,,,,,,,,,
18,1599,,0.029791807755827904,,0.03657447174191475,,0.0,,0.34736374020576477,,0.015119470655918121,,0.20576925575733185,,,0.21503394842147827,0.012318345718085766,,0.011759979650378227,,0.24628090858459473,,,0.0892835408449173,,0.015119470655918121,,0.5900179743766785,,,,,,,,,,,,,,,
18,1609,,0.03388923406600952,,0.050056591629981995,,0.0,,0.3642272353172302,,0.008603246882557869,,0.20120741426944733,,,0.20249348878860474,0.006888743955641985,,0.010654149577021599,,0.2676644027233124,,,0.07727190852165222,,0.008603246882557869,,0.5914555788040161,,,,,,,,,,,,,,,
18,1614,,,,,,,,,,,,,,,,,,,,,,,,,,,,,0.12519104778766632,0.5084787011146545,0.0,0.5015215873718262,0.6037578582763672,0.25533151626586914,0.4034563899040222,0.3785739243030548,0.07595813274383545,0.37471064925193787,0.891843318939209,0.15142278373241425,0.6037578582763672,1.8560197353363037
18,1614,0.033447641879320145,,0.049007561057806015,,0.0,,0.3426816463470459,,0.017905712127685547,,0.21073606610298157,,0.024442877620458603,0.2232779562473297,,,0.01188177801668644,,0.2530367076396942,,0.08287378400564194,0.016227787360548973,,0.017905712127685547,,0.6050429344177246,,0.19255198538303375,,,,,,,,,,,,,,
19,1619,,0.03148438781499863,,0.05391502380371094,,0.0,,0.3682967722415924,,0.011204088106751442,,0.22748064994812012,,,0.25002574920654297,0.025823727250099182,,0.007047052960842848,,0.2346799075603485,,,0.09824945777654648,,0.011204088106751442,,0.6325373649597168,,,,,,,,,,,,,,,
19,1629,,0.034703146666288376,,0.035780832171440125,,0.0,,0.3431461751461029,,0.03276396915316582,,0.20857229828834534,,,0.23083063960075378,0.02420293353497982,,0.008221626281738281,,0.23791268467903137,,,0.10421504080295563,,0.03276396915316582,,0.6158623099327087,,,,,,,,,,,,,,,
19,1639,,0.026699203997850418,,0.04185567423701286,,0.0,,0.3283092975616455,,0.011984185315668583,,0.20280984044075012,,,0.2022809237241745,0.006901904940605164,,0.011981192976236343,,0.24543912708759308,,,0.0649079754948616,,0.011984185315668583,,0.5548423528671265,,,,,,,,,,,,,,,
19,1649,,0.03268904238939285,,0.02943969890475273,,0.0,,0.3176746964454651,,0.019019613042473793,,0.20656979084014893,,,0.187766432762146,0.01757604442536831,,0.008088083937764168,,0.24552351236343384,,,0.06922096759080887,,0.019019613042473793,,0.5550081133842468,,,,,,,,,,,,,,,
19,1659,,0.03289702907204628,,0.040824707597494125,,0.0,,0.32881903648376465,,0.011070134118199348,,0.2073872685432434,,,0.22533094882965088,0.023369036614894867,,0.012966880574822426,,0.24760887026786804,,,0.0496332123875618,,0.011070134118199348,,0.5736236572265625,,,,,,,,,,,,,,,
19,1669,,0.029318341985344887,,0.029743868857622147,,0.0,,0.33743444085121155,,0.01448941882699728,,0.20677363872528076,,,0.21946357190608978,0.015708914026618004,,0.007635666057467461,,0.2347126007080078,,,0.058377955108881,,0.01448941882699728,,0.5649316310882568,,,,,,,,,,,,,,,
19,1679,,0.02941562980413437,,0.036234378814697266,,0.0,,0.3314608633518219,,0.025993630290031433,,0.20359379053115845,,,0.25826212763786316,0.012799844145774841,,0.00923491083085537,,0.26216059923171997,,,0.09158337116241455,,0.025993630290031433,,0.6158758401870728,,,,,,,,,,,,,,,
19,1689,,0.02680838853120804,,0.06728051602840424,,0.0,,0.3408251702785492,,0.03152264282107353,,0.20687516033649445,,,0.21998244524002075,0.021840179339051247,,0.007174060679972172,,0.267389178276062,,,0.055328771471977234,,0.03152264282107353,,0.5956010222434998,,,,,,,,,,,,,,,
19,1699,,0.03316519409418106,,0.04066426306962967,,0.0,,0.3408519923686981,,0.012597798369824886,,0.21542951464653015,,,0.22372552752494812,0.009912027046084404,,0.013313226401805878,,0.2817595601081848,,,0.06425382196903229,,0.012597798369824886,,0.601570725440979,,,,,,,,,,,,,,,
19,1699,,,,,,,,,,,,,,,,,,,,,,,,,,,,,0.12033072859048843,0.5473812222480774,0.0,0.5006532669067383,0.6000023484230042,0.25355663895606995,0.3983633518218994,0.41168034076690674,0.07524199783802032,0.3850119709968567,0.8837791681289673,0.15073297917842865,0.6000023484230042,1.8690483570098877
19,1699,0.030995098873972893,,0.046065960079431534,,0.0,,0.3320775628089905,,0.017972636967897415,,0.20968028903007507,,0.022818591445684433,0.2245366871356964,,,0.010988974943757057,,0.2554720938205719,,0.0776122510433197,0.015268843621015549,,0.017972636967897415,,0.595683753490448,,0.19461844861507416,,,,,,,,,,,,,,
20,1709,,0.025484701618552208,,0.044306620955467224,,0.0,,0.3024749457836151,,0.01827947050333023,,0.21261855959892273,,,0.23306062817573547,0.010902984999120235,,0.008145573548972607,,0.2250606119632721,,,0.06708553433418274,,0.01827947050333023,,0.5559871196746826,,,,,,,,,,,,,,,
20,1719,,0.0404542051255703,,0.04315254092216492,,0.0,,0.34593138098716736,,0.016764376312494278,,0.21058541536331177,,,0.24254485964775085,0.015753982588648796,,0.012312076985836029,,0.2504670023918152,,,0.08421801030635834,,0.016764376312494278,,0.6138309240341187,,,,,,,,,,,,,,,
20,1729,,0.021031446754932404,,0.04031559079885483,,0.0,,0.3234107494354248,,0.022158868610858917,,0.21076446771621704,,,0.25454917550086975,0.011662071570754051,,0.006707068532705307,,0.22663183510303497,,,0.07104608416557312,,0.022158868610858917,,0.5780124068260193,,,,,,,,,,,,,,,
20,1739,,0.03902928903698921,,0.04154030233621597,,0.0,,0.3175508677959442,,0.014492789283394814,,0.20300793647766113,,,0.23620308935642242,0.021100906655192375,,0.013673867098987103,,0.26233524084091187,,,0.12460571527481079,,0.014492789283394814,,0.6201538443565369,,,,,,,,,,,,,,,
20,1749,,0.030256373807787895,,0.05509490519762039,,0.0,,0.33964836597442627,,0.01130454707890749,,0.2119138389825821,,,0.21606788039207458,0.013158049434423447,,0.008137740194797516,,0.2508333921432495,,,0.08485862612724304,,0.01130454707890749,,0.588598906993866,,,,,,,,,,,,,,,
20,1759,,0.03163151815533638,,0.04283742979168892,,0.0,,0.3342810571193695,,0.013750068843364716,,0.21129363775253296,,,0.21969658136367798,0.022166697308421135,,0.012117443606257439,,0.2537374198436737,,,0.0750819593667984,,0.013750068843364716,,0.5911619067192078,,,,,,,,,,,,,,,
20,1769,,0.03472883999347687,,0.05547996237874031,,0.0,,0.3398692011833191,,0.012583649717271328,,0.219683438539505,,,0.2128078043460846,0.012039057910442352,,0.010144714266061783,,0.2582683563232422,,,0.08362028002738953,,0.012583649717271328,,0.5974206924438477,,,,,,,,,,,,,,,
20,1779,,0.026168961077928543,,0.058749619871377945,,0.0,,0.32895928621292114,,0.05288851261138916,,0.2032698392868042,,,0.20997333526611328,0.01250618789345026,,0.014371087774634361,,0.2612016797065735,,,0.13003532588481903,,0.05288851261138916,,0.6255620718002319,,,,,,,,,,,,,,,
20,1784,,,,,,,,,,,,,,,,,,,,,,,,,,,,,0.11914518475532532,0.47599777579307556,0.0,0.49965283274650574,0.5906436443328857,0.25755831599235535,0.3931874632835388,0.35698172450065613,0.07426872849464417,0.37420400977134705,0.8775620460510254,0.14991499483585358,0.5906436443328857,1.819201946258545
20,1784,0.028276249766349792,,0.0415555015206337,,0.0,,0.32029083371162415,,0.01637616753578186,,0.20865817368030548,,0.019717644900083542,0.21736523509025574,,,0.01008222158998251,,0.24182622134685516,,0.07234309613704681,0.014318235218524933,,0.01637616753578186,,0.5716233849525452,,0.1923307478427887,,,,,,,,,,,,,,
21,1789,,0.025914711877703667,,0.05173531174659729,,0.0,,0.32443445920944214,,0.013681836426258087,,0.2012571543455124,,,0.23428617417812347,0.022253267467021942,,0.00912291556596756,,0.24767756462097168,,,0.0985778346657753,,0.013681836426258087,,0.5937764644622803,,,,,,,,,,,,,,,
21,1799,,0.02509743720293045,,0.03503938764333725,,0.0,,0.32279205322265625,,0.024692967534065247,,0.23412258923053741,,,0.24431848526000977,0.016260812059044838,,0.009762221947312355,,0.24126186966896057,,,0.09679235517978668,,0.024692967534065247,,0.6110542416572571,,,,,,,,,,,,,,,
21,1809,,0.03172045946121216,,0.04285389930009842,,0.0,,0.3178141117095947,,0.013616406358778477,,0.2037268579006195,,,0.20265477895736694,0.01244303397834301,,0.009659461677074432,,0.24273651838302612,,,0.06136346235871315,,0.013616406358778477,,0.5521529316902161,,,,,,,,,,,,,,,
21,1819,,0.0205608531832695,,0.03817996382713318,,0.0,,0.29616421461105347,,0.015524668619036674,,0.21254056692123413,,,0.1956661492586136,0.010457840748131275,,0.010108432732522488,,0.229110985994339,,,0.05947420373558998,,0.015524668619036674,,0.5286219120025635,,,,,,,,,,,,,,,
21,1829,,0.020357279106974602,,0.04666146636009216,,0.0,,0.29066789150238037,,0.010719651356339455,,0.20186147093772888,,,0.1934266984462738,0.01117006130516529,,0.0072325835935771465,,0.21717292070388794,,,0.055583663284778595,,0.010719651356339455,,0.5087623000144958,,,,,,,,,,,,,,,
21,1839,,0.02751387655735016,,0.038168102502822876,,0.0,,0.3197309076786041,,0.008892673999071121,,0.20519985258579254,,,0.22121036052703857,0.009746734984219074,,0.00935208611190319,,0.2651965618133545,,,0.05148945748806,,0.008892673999071121,,0.5629830360412598,,,,,,,,,,,,,,,
21,1849,,0.02267746441066265,,0.02616976574063301,,0.0,,0.28745606541633606,,0.009201344102621078,,0.20367854833602905,,,0.1878938525915146,0.03092299960553646,,0.009135831147432327,,0.2312362641096115,,,0.04355456680059433,,0.009201344102621078,,0.5154954791069031,,,,,,,,,,,,,,,
21,1859,,0.0215044766664505,,0.02840493433177471,,0.0,,0.2888656556606293,,0.009458519518375397,,0.20795540511608124,,,0.18241886794567108,0.010395247489213943,,0.005683078430593014,,0.21454870700836182,,,0.052542731165885925,,0.009458519518375397,,0.49952685832977295,,,,,,,,,,,,,,,
21,1869,,0.021390073001384735,,0.03502671420574188,,0.0,,0.3015708327293396,,0.014646914787590504,,0.20205152034759521,,,0.1704588681459427,0.02403596043586731,,0.008477834984660149,,0.22200694680213928,,,0.067646324634552,,0.014646914787590504,,0.5196452736854553,,,,,,,,,,,,,,,
21,1869,,,,,,,,,,,,,,,,,,,,,,,,,,,,,0.12121328711509705,0.5262415409088135,0.0,0.5022042989730835,0.601580023765564,0.25574278831481934,0.3981265425682068,0.3726939857006073,0.07387001067399979,0.36231622099876404,0.8778088688850403,0.15040616691112518,0.601580023765564,1.835402011871338
21,1869,0.026103828102350235,,0.03956136107444763,,0.0,,0.3111201822757721,,0.01559858862310648,,0.20778599381446838,,0.01777517795562744,0.21311262249946594,,,0.00924627110362053,,0.23437659442424774,,0.06825292110443115,0.013569178059697151,,0.01559858862310648,,0.5556423664093018,,0.19476306438446045,,,,,,,,,,,,,,
22,1879,,0.029286066070199013,,0.03931071609258652,,0.0,,0.3073030710220337,,0.009309024550020695,,0.20110255479812622,,,0.23890261352062225,0.014494433999061584,,0.012159044854342937,,0.21310406923294067,,,0.05302654951810837,,0.009309024550020695,,0.5432747602462769,,,,,,,,,,,,,,,
22,1889,,0.022098107263445854,,0.034518204629421234,,0.0,,0.287869930267334,,0.011165603064000607,,0.2009289264678955,,,0.2231389284133911,0.00839222688227892,,0.009507739916443825,,0.2347314953804016,,,0.06802715361118317,,0.011165603064000607,,0.5363819003105164,,,,,,,,,,,,,,,
22,1899,,0.02067410573363304,,0.03918449580669403,,0.0,,0.31556686758995056,,0.013895022682845592,,0.20285789668560028,,,0.22551432251930237,0.004503862466663122,,0.008064829744398594,,0.2257934808731079,,,0.05143767595291138,,0.013895022682845592,,0.5380725264549255,,,,,,,,,,,,,,,
22,1909,,0.02444123476743698,,0.11713036894798279,,0.0,,0.29228049516677856,,0.02533027157187462,,0.2196407914161682,,,0.1867811232805252,0.10336140543222427,,0.010030010715126991,,0.21674025058746338,,,0.06636585295200348,,0.02533027157187462,,0.5841987729072571,,,,,,,,,,,,,,,
22,1919,,0.018402190878987312,,0.03122803382575512,,0.0,,0.26848798990249634,,0.007986580021679401,,0.20167550444602966,,,0.19827139377593994,0.019999567419290543,,0.009119931608438492,,0.2311367392539978,,,0.06747845560312271,,0.007986580021679401,,0.5144019722938538,,,,,,,,,,,,,,,
22,1929,,0.0205061137676239,,0.03132924437522888,,0.0,,0.2978527545928955,,0.014732124283909798,,0.20159021019935608,,,0.22902508080005646,0.020890429615974426,,0.006763387471437454,,0.21339717507362366,,,0.051053863018751144,,0.014732124283909798,,0.5310385227203369,,,,,,,,,,,,,,,
22,1939,,0.019111327826976776,,0.04535054415464401,,0.0,,0.2878413498401642,,0.009576227515935898,,0.20305080711841583,,,0.20141717791557312,0.013319907709956169,,0.006405436899513006,,0.23368136584758759,,,0.06231282278895378,,0.009576227515935898,,0.5228932499885559,,,,,,,,,,,,,,,
22,1949,,0.020221631973981857,,0.03558945655822754,,0.0,,0.269837349653244,,0.015111289918422699,,0.20184321701526642,,,0.24690890312194824,0.005034034140408039,,0.006067225709557533,,0.21544918417930603,,,0.0570700578391552,,0.015111289918422699,,0.5223303437232971,,,,,,,,,,,,,,,
22,1954,,,,,,,,,,,,,,,,,,,,,,,,,,,,,0.1173800453543663,0.5709035396575928,0.0,0.500415563583374,0.6120907664299011,0.2541806399822235,0.38716813921928406,0.4066998064517975,0.07294312119483948,0.3685648441314697,0.8975509405136108,0.1528947800397873,0.6120907664299011,1.8655873537063599
22,1954,0.024381021037697792,,0.0395670160651207,,0.0,,0.3013746440410614,,0.016544245183467865,,0.20691633224487305,,0.018376870080828667,0.20747584104537964,,,0.008526584133505821,,0.22703726589679718,,0.06393815577030182,0.012712659314274788,,0.016544245183467865,,0.5412421226501465,,0.19398237764835358,,,,,,,,,,,,,,
23,1959,,0.0295163132250309,,0.048768721520900726,,0.0,,0.30429837107658386,,0.04044380038976669,,0.20360103249549866,,,0.21701310575008392,0.020718075335025787,,0.008594251237809658,,0.22517246007919312,,,0.07784401625394821,,0.04044380038976669,,0.5684775710105896,,,,,,,,,,,,,,,
23,1969,,0.02258966490626335,,0.04706204682588577,,0.0,,0.30073320865631104,,0.007788066752254963,,0.20323807001113892,,,0.20222695171833038,0.012805202044546604,,0.006909170653671026,,0.2241046130657196,,,0.0570940300822258,,0.007788066752254963,,0.5234507322311401,,,,,,,,,,,,,,,
23,1979,,0.020232543349266052,,0.04959239065647125,,0.0,,0.29721590876579285,,0.00883946567773819,,0.206614688038826,,,0.25602322816848755,0.013118692673742771,,0.00732745137065649,,0.21969395875930786,,,0.05902249366044998,,0.00883946567773819,,0.5490034222602844,,,,,,,,,,,,,,,
23,1989,,0.017609335482120514,,0.026057228446006775,,0.0,,0.29479968547821045,,0.018035508692264557,,0.2031208574771881,,,0.2085883915424347,0.006423482671380043,,0.006029738113284111,,0.22286905348300934,,,0.06138259172439575,,0.018035508692264557,,0.5220350623130798,,,,,,,,,,,,,,,
23,1999,,0.027022939175367355,,0.06346729397773743,,0.0,,0.30200591683387756,,0.015978747978806496,,0.20562569797039032,,,0.22063684463500977,0.013731849379837513,,0.006579655222594738,,0.23292332887649536,,,0.09460033476352692,,0.015978747978806496,,0.5658993721008301,,,,,,,,,,,,,,,
23,2009,,0.017533661797642708,,0.03117999993264675,,0.0,,0.2851306200027466,,0.009767086245119572,,0.22270512580871582,,,0.21287350356578827,0.006777538452297449,,0.005944876931607723,,0.21478205919265747,,,0.04217378795146942,,0.009767086245119572,,0.5119621157646179,,,,,,,,,,,,,,,
23,2019,,0.022438116371631622,,0.03786817938089371,,0.0,,0.29209861159324646,,0.012571584433317184,,0.20545858144760132,,,0.21559666097164154,0.013309321366250515,,0.0074458047747612,,0.22192925214767456,,,0.06489627808332443,,0.012571584433317184,,0.5316588878631592,,,,,,,,,,,,,,,
23,2029,,0.02155546471476555,,0.029020262882113457,,0.0,,0.26169121265411377,,0.010187316685914993,,0.20114010572433472,,,0.20406614243984222,0.003939598798751831,,0.006268415134400129,,0.22717531025409698,,,0.03674381971359253,,0.010187316685914993,,0.48928573727607727,,,,,,,,,,,,,,,
23,2039,,0.026671290397644043,,0.03926679491996765,,0.0,,0.28693434596061707,,0.011537215672433376,,0.20142877101898193,,,0.1991860717535019,0.006659589242190123,,0.008903292939066887,,0.23627248406410217,,,0.05375773832201958,,0.011537215672433376,,0.5196020603179932,,,,,,,,,,,,,,,
23,2039,,,,,,,,,,,,,,,,,,,,,,,,,,,,,0.11427327245473862,0.5735217332839966,0.0,0.49394384026527405,0.6020779609680176,0.25351542234420776,0.38591495156288147,0.3659498691558838,0.07297904789447784,0.3653948903083801,0.890346884727478,0.15227095782756805,0.6020779609680176,1.8295499086380005
23,2039,0.023008957505226135,,0.0364292748272419,,0.0,,0.29158923029899597,,0.015727343037724495,,0.2063177227973938,,0.014409508556127548,0.20847924053668976,,,0.007742550689727068,,0.22291381657123566,,0.06032971292734146,0.012090236879885197,,0.015727343037724495,,0.5289019346237183,,0.1927528828382492,,,,,,,,,,,,,,
24,2049,,0.024217847734689713,,0.04430345073342323,,0.0,,0.26492926478385925,,0.007568894885480404,,0.20932605862617493,,,0.21871629357337952,0.007031946908682585,,0.007482610177248716,,0.2219855785369873,,,0.05266060307621956,,0.007568894885480404,,0.5113899111747742,,,,,,,,,,,,,,,
24,2059,,0.023097744211554527,,0.028214195743203163,,0.0,,0.2864171862602234,,0.008139434270560741,,0.20154355466365814,,,0.17265602946281433,0.00588425574824214,,0.005007856525480747,,0.22093889117240906,,,0.05615844577550888,,0.008139434270560741,,0.4927431046962738,,,,,,,,,,,,,,,
24,2069,,0.017009876668453217,,0.03049929067492485,,0.0,,0.28412821888923645,,0.013028222136199474,,0.20178431272506714,,,0.19754929840564728,0.024484233930706978,,0.006144516170024872,,0.2063218355178833,,,0.07208222150802612,,0.013028222136199474,,0.5143162608146667,,,,,,,,,,,,,,,
24,2079,,0.025230707600712776,,0.024731263518333435,,0.0,,0.288593053817749,,0.02419925108551979,,0.20839780569076538,,,0.23079220950603485,0.006251563783735037,,0.005440683104097843,,0.22295288741588593,,,0.07127706706523895,,0.02419925108551979,,0.5440407395362854,,,,,,,,,,,,,,,
24,2089,,0.02134890854358673,,0.025714442133903503,,0.0,,0.2741837501525879,,0.006926178000867367,,0.20213505625724792,,,0.17825984954833984,0.012877312488853931,,0.005768876057118177,,0.2120191603899002,,,0.05819593742489815,,0.006926178000867367,,0.4884289503097534,,,,,,,,,,,,,,,
24,2099,,0.023571802303195,,0.024146221578121185,,0.0,,0.2916921377182007,,0.009448958560824394,,0.2002200484275818,,,0.192094624042511,0.011494375765323639,,0.010367883369326591,,0.20918570458889008,,,0.04329536482691765,,0.009448958560824394,,0.49810007214546204,,,,,,,,,,,,,,,
24,2109,,0.017992645502090454,,0.039881594479084015,,0.0,,0.2837434411048889,,0.021023035049438477,,0.213914155960083,,,0.1945783644914627,0.01045558974146843,,0.007597148418426514,,0.22982367873191833,,,0.07470071315765381,,0.021023035049438477,,0.5309025049209595,,,,,,,,,,,,,,,
24,2119,,0.027242567390203476,,0.0211680568754673,,0.0,,0.28529080748558044,,0.008703183382749557,,0.2009875774383545,,,0.19613830745220184,0.005022445693612099,,0.008743848651647568,,0.2190217524766922,,,0.04605315625667572,,0.008703183382749557,,0.5007186532020569,,,,,,,,,,,,,,,
24,2124,,,,,,,,,,,,,,,,,,,,,,,,,,,,,0.1162918359041214,0.5370275378227234,0.0,0.49825969338417053,0.60591059923172,0.2541969418525696,0.3858218193054199,0.3903557360172272,0.07148478925228119,0.3603593707084656,0.8857612609863281,0.1513109803199768,0.60591059923172,1.8379230499267578
24,2124,0.0217725969851017,,0.0350574254989624,,0.0,,0.2856196463108063,,0.016789857298135757,,0.20553579926490784,,0.012191004119813442,0.20451191067695618,,,0.007296895142644644,,0.2199184149503708,,0.05698243901133537,0.011385737918317318,,0.016789857298135757,,0.5188151001930237,,0.19378042221069336,,,,,,,,,,,,,,
25,2129,,0.020086584612727165,,0.03348659351468086,,0.0,,0.280742883682251,,0.006659951992332935,,0.22574132680892944,,,0.20799776911735535,0.00841808132827282,,0.007163583301007748,,0.22061645984649658,,,0.03609231114387512,,0.006659951992332935,,0.5101081132888794,,,,,,,,,,,,,,,
25,2139,,0.022678863257169724,,0.025262903422117233,,0.0,,0.2687678635120392,,0.015381953679025173,,0.20486587285995483,,,0.18985415995121002,0.007169760297983885,,0.00838442798703909,,0.20784923434257507,,,0.05441095307469368,,0.015381953679025173,,0.492207795381546,,,,,,,,,,,,,,,
25,2149,,0.026355091482400894,,0.03365994989871979,,0.0,,0.31028038263320923,,0.007564443163573742,,0.20168504118919373,,,0.26089319586753845,0.009054279886186123,,0.007657691836357117,,0.22535404562950134,,,0.05700372904539108,,0.007564443163573742,,0.5562899112701416,,,,,,,,,,,,,,,
25,2159,,0.022751187905669212,,0.03606142848730087,,0.0,,0.2908152937889099,,0.017081044614315033,,0.21491402387619019,,,0.1903054118156433,0.027722278609871864,,0.007471670862287283,,0.23644490540027618,,,0.07432340085506439,,0.017081044614315033,,0.5445207953453064,,,,,,,,,,,,,,,
25,2169,,0.020548127591609955,,0.028686854988336563,,0.0,,0.27949947118759155,,0.018753649666905403,,0.20205986499786377,,,0.1967838853597641,0.12928332388401031,,0.005545712076127529,,0.21361777186393738,,,0.05405575782060623,,0.018753649666905403,,0.5629425048828125,,,,,,,,,,,,,,,
25,2179,,0.01591971144080162,,0.028802070766687393,,0.0,,0.26388314366340637,,0.009376252070069313,,0.20950496196746826,,,0.21091298758983612,0.004295685328543186,,0.005141218658536673,,0.217271625995636,,,0.04561241343617439,,0.009376252070069313,,0.49383920431137085,,,,,,,,,,,,,,,
25,2189,,0.025094155222177505,,0.025833360850811005,,0.0,,0.2757335901260376,,0.008379939012229443,,0.20305605232715607,,,0.21633677184581757,0.011885545216500759,,0.009134586900472641,,0.220976322889328,,,0.06518715620040894,,0.008379939012229443,,0.5204753875732422,,,,,,,,,,,,,,,
25,2199,,0.01347273401916027,,0.027311811223626137,,0.0,,0.25017136335372925,,0.005836200900375843,,0.20620599389076233,,,0.18954327702522278,0.010351769626140594,,0.006022535264492035,,0.20203503966331482,,,0.037336379289627075,,0.005836200900375843,,0.4632187783718109,,,,,,,,,,,,,,,
25,2209,,0.025953562930226326,,0.02410990744829178,,0.0,,0.27388525009155273,,0.010483789257705212,,0.20130093395709991,,,0.1992034763097763,0.010762585327029228,,0.007035369984805584,,0.2192436009645462,,,0.035732999444007874,,0.010483789257705212,,0.49421176314353943,,,,,,,,,,,,,,,
25,2209,,,,,,,,,,,,,,,,,,,,,,,,,,,,,0.11646106094121933,0.6238369345664978,0.0,0.49988797307014465,0.606121301651001,0.25341978669166565,0.38966965675354004,0.358085036277771,0.07278722524642944,0.3573077321052551,0.8950929641723633,0.15262478590011597,0.606121301651001,1.836800217628479
25,2209,0.020521830767393112,,0.031197721138596535,,0.0,,0.2767762839794159,,0.013812935911118984,,0.20499050617218018,,0.015815749764442444,0.20437847077846527,,,0.007154011633247137,,0.21540065109729767,,0.05374797433614731,0.010858491994440556,,0.013812935911118984,,0.5094190239906311,,0.1942586749792099,,,,,,,,,,,,,,
