model,object,axis_unsigned_deg,axis_signed_deg,p_rev,radius_m,hinge_offset_frac,z_p,verb,hinge_point_offset_frac
depth,capsulemachine/capsulemachine,70.262,70.262,0.9472,0.6172,0.1668,0.986,open,0.1199
depth,capsulemachine/capsulemachine,61.087,61.087,0.9451,0.1850,0.0065,1.692,open,0.0783
depth,capsulemachine/capsulemachine,28.098,151.902,0.9583,3.2353,0.1317,4.516,close,1.7583
depth,capsulemachine/capsulemachine,65.152,65.152,0.9445,0.6943,0.0631,0.374,open,0.3438
depth,capsulemachine/capsulemachine,76.724,103.276,0.9404,3.8269,0.2188,4.038,close,0.2191
depth,capsulemachine/capsulemachine,69.099,110.901,0.9559,3.4902,nan,4.414,close,1.4334
depth,capsulemachine/capsulemachine,59.827,59.827,0.9504,0.2639,0.1373,1.752,open,0.2089
depth,capsulemachine/capsulemachine,54.899,125.101,0.9494,4.2967,nan,4.545,close,1.2240
depth,capsulemachine/capsulemachine,33.569,33.569,0.9447,0.5023,0.1134,1.302,open,0.1026
depth,capsulemachine/capsulemachine,82.681,97.319,0.9509,3.4483,nan,4.178,close,0.9800
depth,capsulemachine/capsulemachine,81.903,81.903,0.9386,0.4656,0.1897,1.801,open,0.6347
depth,capsulemachine/capsulemachine,21.452,158.548,0.9622,2.9107,0.1411,3.791,close,1.3611
depth,capsulemachine/capsulemachine,67.908,67.908,0.9451,0.9109,0.1406,0.466,open,0.2733
depth,capsulemachine/capsulemachine,61.894,118.106,0.9435,4.5189,0.0563,5.010,close,2.1421
depth,scissors/scissors,61.585,61.585,0.9266,0.1629,0.0071,1.301,close,0.0790
depth,scissors/scissors,57.630,57.630,0.9411,0.4937,0.0986,0.954,open,0.2281
depth,scissors/scissors,76.564,76.564,0.9322,0.1486,0.0756,1.264,close,0.1803
depth,scissors/scissors,88.561,88.561,0.9518,0.5137,0.1674,0.716,open,0.2968
depth,scissors/scissors,75.770,75.770,0.9538,0.0823,0.0888,1.343,close,0.1100
depth,scissors/scissors,40.966,40.966,0.9417,0.3155,0.1127,1.060,open,0.2273
depth,scissors/scissors,48.130,48.130,0.9545,0.1412,0.0831,1.151,close,0.1102
depth,scissors/scissors,45.505,45.505,0.9479,0.0347,0.0939,1.304,close,0.0900
depth,scissors/scissors,28.355,28.355,0.9413,0.0876,0.0884,1.612,close,0.1787
depth,scissors/scissors,32.696,32.696,0.9350,0.0670,0.1172,1.240,close,0.1731
depth,scissors/scissors,68.285,111.715,0.9475,0.5600,0.1914,0.747,open,0.3133
depth,scissors/scissors,10.549,10.549,0.9366,0.2981,0.0374,1.394,close,0.0634
depth,scissors/scissors,31.503,31.503,0.9399,0.5188,0.1087,1.663,close,0.0880
depth,scissors/scissors,37.493,37.493,0.9364,0.0588,0.1596,1.387,close,0.1789
depth,scissors/scissors,50.009,50.009,0.9483,0.8448,0.1030,0.641,open,0.0372
depth,scissors/scissors,41.565,138.435,0.9369,0.2305,0.0808,1.280,close,0.1710
depth,scissors/scissors,50.464,129.536,0.9526,0.2063,0.0880,0.893,open,0.0709
depth,scissors/scissors,75.113,75.113,0.9576,0.0874,0.0856,1.516,close,0.0695
depth,scissors/scissors,22.646,22.646,0.9547,0.7111,0.0023,0.728,open,0.1195
depth,scissors/scissors,73.710,73.710,0.9503,0.0395,0.0177,1.220,close,0.1857
depth,scissors/scissors,76.476,103.524,0.9516,0.2312,0.0206,1.168,close,0.2985
depth,scissors/scissors,82.185,97.815,0.9545,0.0674,0.0257,1.298,close,0.2180
depth,scissors/scissors,68.209,68.209,0.9416,0.1799,0.0506,1.131,close,0.1236
depth,scissors/scissors,61.882,61.882,0.9457,0.2707,0.0397,0.618,close,0.2907
depth,scissors/scissors,49.707,49.707,0.9550,0.1249,0.0615,1.184,close,0.0646
depth,scissors/scissors,54.025,54.025,0.9576,0.1860,0.0043,1.429,close,0.1046
depth,scissors/scissors,57.527,57.527,0.9528,0.3763,0.0167,1.479,close,0.1404
depth,scissors/scissors,29.564,29.564,0.9326,0.2666,0.0352,0.873,close,0.0784
depth,scissors/scissors,61.796,61.796,0.9556,0.4239,0.0474,1.407,close,0.1178
depth,scissors/scissors,46.336,46.336,0.9536,0.1433,0.1216,1.287,close,0.1692
depth,scissors/scissors,79.115,100.885,0.9468,0.1505,0.1582,0.954,open,0.1564
depth,waffleiron/waffleiron,41.239,41.239,0.9461,1.9599,0.0438,0.114,open,0.6472
depth,waffleiron/waffleiron,31.051,31.051,0.9617,0.7264,0.0712,1.040,close,0.1278
depth,waffleiron/waffleiron,50.571,50.571,0.9517,1.0991,0.0975,0.118,open,0.6765
depth,waffleiron/waffleiron,22.630,22.630,0.9597,0.8862,0.0278,1.096,close,0.3734
depth,waffleiron/waffleiron,53.423,126.577,0.9511,0.6580,0.1030,0.446,open,0.5125
depth,waffleiron/waffleiron,33.518,33.518,0.9596,0.9174,0.0158,1.000,close,0.1193
depth,waffleiron/waffleiron,60.749,60.749,0.9369,0.5458,0.0878,0.736,open,0.7262
depth,waffleiron/waffleiron,51.206,51.206,0.9413,0.6981,0.0026,0.732,close,0.4547
depth,waffleiron/waffleiron,66.190,66.190,0.9504,0.8016,0.0151,0.198,open,1.0344
depth,waffleiron/waffleiron,61.770,61.770,0.9477,0.7437,0.0878,0.779,close,0.5464
depth,waffleiron/waffleiron,30.531,30.531,0.9504,1.4799,0.0325,0.283,open,0.3772
depth,waffleiron/waffleiron,89.500,90.500,0.9571,0.5522,0.0354,0.894,close,0.2078
depth,waffleiron/waffleiron,70.344,70.344,0.9590,1.3924,0.0355,0.181,open,0.1043
depth,waffleiron/waffleiron,54.248,125.752,0.9477,0.7477,0.0130,0.742,close,0.6306
depth,waffleiron/waffleiron,26.031,26.031,0.9498,1.0367,0.2431,0.248,open,0.2479
depth,waffleiron/waffleiron,78.630,101.370,0.9339,0.4664,0.2213,1.143,close,0.2605
depth,waffleiron/waffleiron,87.741,92.259,0.9414,1.1811,0.1643,0.268,open,0.2394
depth,waffleiron/waffleiron,22.308,157.692,0.9470,0.6345,0.1084,0.707,close,0.1442
depth,laptop/laptop,20.711,20.711,0.9485,2.8115,0.1397,0.122,open,0.2701
depth,laptop/laptop,22.288,22.288,0.9473,2.5630,0.2002,0.121,open,0.1754
depth,laptop/laptop,10.145,10.145,0.9467,1.7101,0.0211,1.216,open,0.2401
depth,laptop/laptop,25.849,25.849,0.9570,1.3733,0.0674,1.110,close,0.3899
depth,laptop/laptop,14.512,14.512,0.9521,2.5784,0.0785,0.126,open,0.3324
depth,laptop/laptop,35.616,35.616,0.9647,1.4405,0.0237,1.694,close,0.3510
depth,laptop/laptop,16.999,16.999,0.9466,2.2156,0.0341,0.615,open,0.4193
depth,laptop/laptop,15.492,15.492,0.9473,3.1602,0.0693,0.230,open,0.1102
depth,laptop/laptop,22.141,22.141,0.9575,1.4790,0.1174,1.316,close,0.2758
depth,laptop/laptop,6.108,6.108,0.9484,2.6761,0.1125,0.272,open,0.1380
depth,laptop/laptop,14.917,14.917,0.9516,2.5501,0.1059,0.349,open,0.4897
depth,laptop/laptop,41.218,41.218,0.9583,0.5222,0.1967,2.839,close,0.1319
depth,laptop/laptop,9.998,9.998,0.9556,2.7948,0.0637,0.318,open,0.0904
depth,laptop/laptop,18.843,18.843,0.9531,2.5025,0.0855,0.357,open,0.1015
depth,laptop/laptop,18.887,18.887,0.9641,0.8110,0.1428,1.914,close,0.3703
depth,laptop/laptop,24.884,24.884,0.9462,2.5791,0.0041,0.454,open,0.0667
depth,laptop/laptop,12.691,12.691,0.9520,2.6716,0.0701,0.331,open,0.1322
depth,box/box,53.810,53.810,0.9380,0.8015,0.2186,0.292,open,0.0812
depth,box/box,46.854,46.854,0.9484,0.5018,0.0558,1.157,open,0.2927
depth,box/box,20.919,20.919,0.9531,1.1534,0.2310,0.799,close,0.4153
depth,box/box,29.981,29.981,0.9503,0.4178,0.2423,1.088,open,0.3227
depth,box/box,41.817,41.817,0.9533,1.7844,0.2201,0.283,close,0.5980
depth,box/box,23.571,23.571,0.9342,0.7069,0.1197,0.709,open,0.2475
depth,box/box,72.140,72.140,0.9508,1.3800,0.0908,0.829,close,0.8395
depth,box/box,44.776,44.776,0.9470,0.9200,0.1111,0.292,open,0.2064
depth,box/box,11.091,11.091,0.9490,0.6368,0.1132,0.467,open,0.1411
depth,box/box,32.059,32.059,0.9499,0.5342,0.0954,1.160,open,0.3332
depth,box/box,36.880,36.880,0.9502,1.5268,0.1549,0.371,close,0.7256
depth,notebook/notebook,36.780,143.220,0.9455,0.4558,0.1608,0.828,open,0.6129
depth,notebook/notebook,46.823,133.177,0.9505,0.0566,0.0524,0.446,open,0.1133
depth,notebook/notebook,80.623,80.623,0.9511,0.1686,0.0011,0.790,open,0.2677
depth,notebook/notebook,84.726,95.274,0.9511,0.2402,0.0214,0.865,open,0.2969
depth,notebook/notebook,20.886,20.886,0.9545,0.1923,0.3318,0.787,close,0.1965
depth,notebook/notebook,28.982,151.018,0.9446,0.5355,0.1472,0.953,open,0.7244
depth,notebook/notebook,65.104,65.104,0.9574,0.0462,0.1822,1.099,close,0.0502
depth,notebook/notebook,54.979,125.021,0.9492,0.3882,0.1064,0.865,open,0.3774
depth,notebook/notebook,49.765,49.765,0.9597,0.6578,0.2617,0.245,close,0.5735
depth,notebook/notebook,31.827,148.173,0.9342,0.3980,0.1527,0.758,open,0.6917
depth,notebook/notebook,46.919,46.919,0.9571,0.0396,0.2067,0.984,close,0.1090
depth,notebook/notebook,44.965,135.035,0.9354,0.4483,0.0991,0.896,open,0.6087
depth,notebook/notebook,66.081,113.919,0.9501,0.2543,0.0643,0.729,open,0.3662
depth,notebook/notebook,30.668,30.668,0.9542,0.1899,0.2676,0.754,close,0.1840
depth,notebook/notebook,28.147,151.853,0.9364,0.5980,0.0887,0.970,open,0.6860
depth,notebook/notebook,55.154,55.154,0.9552,0.1948,0.2019,0.828,close,0.2039
depth,notebook/notebook,78.692,101.308,0.9532,0.1347,0.1103,0.343,open,0.4513
depth,notebook/notebook,60.892,60.892,0.9571,0.4581,0.2647,0.270,close,0.5977
depth,notebook/notebook,24.609,155.391,0.9379,0.8262,0.0403,1.126,open,0.7172
depth,notebook/notebook,16.434,16.434,0.9553,0.2198,0.2307,0.584,close,0.2559
depth,phone/phone,28.122,28.122,0.9680,0.5982,0.0531,1.061,close,0.0514
depth,phone/phone,55.649,55.649,0.9573,0.8918,0.1347,0.163,open,0.3881
depth,phone/phone,38.473,38.473,0.9585,0.8295,0.1444,0.560,close,0.1620
depth,phone/phone,30.658,30.658,0.9575,0.4776,0.0792,1.353,open,0.3858
depth,phone/phone,36.282,36.282,0.9626,0.7722,0.0372,0.898,close,0.1473
depth,phone/phone,80.982,80.982,0.9547,0.7097,0.0927,0.675,open,0.0648
depth,phone/phone,43.928,43.928,0.9574,0.4557,0.1689,0.917,close,0.2511
depth,phone/phone,22.712,157.288,0.9471,0.4957,0.0507,1.086,open,0.1005
depth,phone/phone,43.632,43.632,0.9616,0.4237,0.0486,1.384,close,0.1625
depth,phone/phone,36.646,36.646,0.9568,0.8587,0.0905,0.616,open,0.1972
depth,phone/phone,78.628,78.628,0.9457,0.9342,0.2720,1.065,close,0.2912
depth,phone/phone,66.598,66.598,0.9454,0.8810,0.0875,0.882,open,0.3147
depth,phone/phone,34.896,34.896,0.9610,0.4721,0.0115,2.430,close,0.0395
depth,phone/phone,9.348,9.348,0.9469,0.2474,0.1490,1.302,open,0.1414
depth,phone/phone,13.546,13.546,0.9565,0.3541,0.0615,1.405,close,0.0963
depth,phone/phone,56.691,123.309,0.9541,0.9245,0.0273,1.037,open,0.2439
depth,laptop/laptop,15.883,15.883,0.9494,2.4569,0.0195,0.668,open,0.4414
depth,laptop/laptop,41.467,41.467,0.9475,0.8157,0.2740,2.637,close,0.2749
depth,laptop/laptop,85.961,94.039,0.9412,1.5180,0.1987,1.085,close,0.7301
depth,laptop/laptop,50.962,50.962,0.9475,0.9875,0.0520,0.397,open,0.7681
depth,laptop/laptop,30.398,30.398,0.9577,0.7758,0.1538,1.863,close,0.2542
depth,laptop/laptop,23.654,23.654,0.9370,2.1687,0.1214,0.847,open,0.2622
depth,laptop/laptop,46.278,46.278,0.9538,0.8125,0.1963,2.463,close,0.2510
depth,laptop/laptop,19.731,19.731,0.9531,2.2841,0.0341,0.630,open,0.5079
depth,laptop/laptop,14.275,14.275,0.9548,1.2485,0.2468,1.943,close,0.3005
depth,laptop/laptop,20.218,20.218,0.9455,2.9144,0.0900,0.281,open,0.3196
depth,laptop/laptop,34.844,34.844,0.9608,2.0513,0.1754,0.905,open,0.1790
depth,laptop/laptop,64.039,64.039,0.9485,1.3168,0.3113,0.720,close,0.8100
depth,laptop/laptop,13.413,13.413,0.9483,1.4612,0.0063,1.753,open,0.1845
depth,laptop/laptop,34.651,34.651,0.9518,0.8549,0.1782,2.311,close,0.2170
depth,microwave/microwave,81.838,81.838,0.9412,0.4452,0.0278,1.469,open,0.0608
depth,microwave/microwave,68.687,68.687,0.9273,0.5005,0.0789,1.045,close,0.0951
depth,microwave/microwave,89.100,89.100,0.8028,0.4343,0.0094,1.455,open,0.0468
depth,microwave/microwave,69.762,69.762,0.9342,0.4116,0.1079,1.041,close,0.1374
depth,microwave/microwave,73.755,73.755,0.9483,0.5968,0.0812,0.697,close,0.1933
depth,microwave/microwave,79.979,79.979,0.9061,0.6470,0.0146,1.567,open,0.0272
depth,microwave/microwave,57.968,57.968,0.9408,0.7860,0.0154,0.532,close,0.1259
depth,microwave/microwave,68.011,68.011,0.9160,0.3336,0.1011,1.242,open,0.0709
depth,microwave/microwave,63.385,63.385,0.9426,0.5781,0.0997,0.865,close,0.1497
depth,microwave/microwave,13.763,166.237,0.9400,0.0374,0.1272,1.637,open,0.2922
depth,microwave/microwave,82.840,82.840,0.9231,0.2891,0.1029,1.004,close,0.2475
depth,microwave/microwave,85.298,94.702,0.9355,0.3982,0.0482,1.292,open,0.1732
depth,microwave/microwave,51.713,51.713,0.9349,0.5342,0.0879,0.905,close,0.0948
depth,microwave/microwave,89.884,89.884,0.9405,0.3009,0.0154,1.311,open,0.1438
depth,microwave/microwave,68.585,68.585,0.9244,0.6136,0.0616,0.880,close,0.0697
depth,microwave/microwave,76.277,103.723,0.9483,0.4184,0.0444,1.497,open,0.3463
depth,microwave/microwave,74.412,74.412,0.9552,0.7494,0.1212,0.373,close,0.1785
depth,microwave/microwave,77.983,77.983,0.9565,0.4849,0.1092,1.585,open,0.1165
depth,microwave/microwave,21.291,158.709,0.9350,0.4241,0.1223,0.907,close,0.5913
depth,microwave/microwave,74.133,105.867,0.9429,0.4930,0.0568,1.080,close,0.1798
depth,microwave/microwave,81.827,81.827,0.9467,0.5240,0.0124,1.516,open,0.0299
depth,microwave/microwave,67.529,67.529,0.9415,0.7688,0.1104,0.729,close,0.1213
depth,microwave/microwave,71.070,108.930,0.8547,0.3097,0.0426,1.427,open,0.2393
depth,microwave/microwave,68.848,68.848,0.9337,0.6059,0.1160,0.890,close,0.1564
depth,microwave/microwave,80.021,99.979,0.9371,0.3945,0.0368,1.518,open,0.0763
depth,microwave/microwave,89.694,90.306,0.9436,0.5734,0.0657,0.992,close,0.3119
depth,microwave/microwave,88.937,91.063,0.9335,0.4088,0.0174,1.402,open,0.0634
depth,microwave/microwave,63.260,63.260,0.9364,0.6270,0.0106,0.784,close,0.2027
depth,microwave/microwave,86.305,93.695,0.9602,0.2612,0.1884,1.331,open,0.2212
depth,microwave/microwave,47.115,47.115,0.6461,0.6400,0.3582,0.733,close,0.5864
depth,microwave/microwave,42.113,42.113,0.9431,0.8219,0.0380,0.446,close,0.3805
depth,notebook/notebook,60.690,119.310,0.9445,0.3381,0.1261,0.763,open,0.3684
depth,notebook/notebook,42.047,42.047,0.9470,0.7880,0.3401,0.602,close,0.7601
depth,notebook/notebook,65.295,114.705,0.9530,1.0441,0.0700,1.323,open,0.5739
depth,notebook/notebook,42.748,42.748,0.9459,0.6476,0.3073,0.560,close,0.8536
depth,notebook/notebook,53.031,126.969,0.9530,0.6237,0.0906,1.250,open,0.2413
depth,notebook/notebook,51.267,51.267,0.9533,0.4691,0.3483,0.501,close,0.2383
depth,notebook/notebook,80.916,80.916,0.9465,0.5865,0.0541,0.911,open,0.2859
depth,notebook/notebook,10.622,169.378,0.9501,0.4089,0.1555,0.974,open,0.1846
depth,notebook/notebook,48.896,48.896,0.9538,0.7294,0.2079,0.348,close,0.5526
depth,notebook/notebook,46.293,133.707,0.9515,0.8656,0.0654,1.277,open,0.2750
depth,notebook/notebook,40.069,139.931,0.9448,0.1673,0.1576,0.419,open,0.2826
depth,notebook/notebook,17.995,17.995,0.9533,0.3389,0.3399,0.638,close,0.3644
depth,notebook/notebook,8.397,8.397,0.9566,0.3420,0.3483,0.628,close,0.3483
depth,notebook/notebook,44.833,44.833,0.9404,0.2526,0.1300,1.290,open,0.1817
depth,notebook/notebook,31.507,31.507,0.9546,0.5935,0.3562,0.518,close,0.3958
depth,notebook/notebook,56.588,123.412,0.9490,1.1160,0.0926,1.416,open,0.8103
depth,phone/phone,78.553,78.553,0.9536,1.1086,0.2506,0.802,close,0.4729
depth,phone/phone,53.237,53.237,0.9405,1.1451,0.0012,0.272,open,0.4787
depth,phone/phone,61.245,118.755,0.9555,1.2084,0.4227,0.551,close,0.7227
depth,phone/phone,34.355,34.355,0.9452,0.8437,0.1443,0.624,open,0.1906
depth,phone/phone,59.317,120.683,0.9435,0.3761,0.2253,0.812,close,0.5269
depth,phone/phone,59.298,59.298,0.9391,1.4709,0.2229,0.277,open,0.2621
depth,phone/phone,40.672,40.672,0.9486,0.7416,0.0120,0.865,close,0.4041
depth,phone/phone,73.311,73.311,0.9450,0.7708,0.0666,0.334,open,0.6751
depth,phone/phone,68.502,68.502,0.9519,1.2113,0.2295,0.725,close,0.4788
depth,phone/phone,81.657,81.657,0.9324,1.2588,0.2249,0.300,open,0.1900
depth,phone/phone,42.489,42.489,0.9488,0.3161,0.0250,2.023,close,0.0139
depth,phone/phone,58.393,58.393,0.9453,1.3037,0.1289,0.134,open,0.1503
depth,phone/phone,28.206,28.206,0.9526,0.2075,0.1175,2.211,close,0.0893
depth,phone/phone,77.346,77.346,0.9411,0.4586,0.0853,0.807,open,0.3408
depth,phone/phone,35.379,35.379,0.9529,1.2436,0.1518,0.392,close,0.8067
depth,phone/phone,70.113,70.113,0.9464,0.5167,0.1191,0.566,open,0.4530
depth,phone/phone,58.764,58.764,0.9548,0.4374,0.0177,1.191,close,0.2608
depth,phone/phone,56.726,56.726,0.9387,1.0366,0.1085,0.600,open,0.1703
depth,espressomachine/espressomachine,54.146,54.146,0.9522,1.8617,0.0204,1.072,open,0.0955
depth,espressomachine/espressomachine,52.494,127.506,0.9516,3.5079,0.2102,4.459,close,1.8515
depth,espressomachine/espressomachine,58.902,58.902,0.9523,2.4594,0.0231,0.160,open,0.1738
depth,espressomachine/espressomachine,61.921,118.079,0.9532,3.6737,0.1974,4.250,close,2.5422
depth,espressomachine/espressomachine,54.262,54.262,0.9488,2.5554,0.0210,0.140,open,0.2062
depth,espressomachine/espressomachine,45.647,134.353,0.9456,3.5257,0.3352,4.569,close,1.5628
depth,espressomachine/espressomachine,66.034,66.034,0.9489,2.0097,0.0187,0.977,open,0.0485
depth,espressomachine/espressomachine,68.637,111.363,0.9450,4.0964,0.2594,4.467,close,2.6207
depth,espressomachine/espressomachine,65.533,65.533,0.9427,1.2245,0.0504,1.870,open,0.1580
depth,espressomachine/espressomachine,66.234,113.766,0.9485,4.3710,0.2480,4.719,close,2.8710
depth,espressomachine/espressomachine,65.486,65.486,0.9541,2.4449,0.0249,0.595,open,0.0443
depth,espressomachine/espressomachine,57.946,122.054,0.9540,3.9174,0.2132,4.661,close,2.2631
depth,espressomachine/espressomachine,58.574,58.574,0.9515,0.7643,0.0206,2.165,open,0.1972
depth,espressomachine/espressomachine,65.018,114.982,0.9475,4.1342,0.1998,4.578,close,3.1186
depth,espressomachine/espressomachine,76.711,76.711,0.9475,0.9034,0.0652,1.862,open,0.2908
depth,espressomachine/espressomachine,48.040,131.960,0.9536,2.8936,0.1779,4.176,close,1.3036
depth,espressomachine/espressomachine,61.286,61.286,0.9541,1.9780,0.0246,1.118,open,0.0726
depth,espressomachine/espressomachine,51.852,128.148,0.9467,3.4242,0.1572,4.472,close,1.6187
depth,espressomachine/espressomachine,69.973,69.973,0.9540,1.3125,0.0060,1.926,open,0.2317
depth,espressomachine/espressomachine,67.454,112.546,0.9505,4.0227,0.1858,4.523,close,2.1067
depth,espressomachine/espressomachine,54.256,54.256,0.9569,1.5920,0.0058,1.514,open,0.0391
depth,espressomachine/espressomachine,58.832,121.168,0.9449,3.7522,0.1609,4.632,close,2.0834
depth,espressomachine/espressomachine,59.997,59.997,0.9482,1.8398,0.0027,0.863,open,0.0338
depth,espressomachine/espressomachine,62.399,117.601,0.9535,4.0831,0.2124,4.640,close,2.4191
depth,espressomachine/espressomachine,60.951,60.951,0.9523,2.5075,0.0296,0.522,open,0.0779
depth,espressomachine/espressomachine,65.682,114.318,0.9541,3.9327,0.2272,4.364,close,2.6324
depth,espressomachine/espressomachine,64.126,64.126,0.9550,1.7885,0.0464,1.407,open,0.1470
depth,espressomachine/espressomachine,65.480,114.520,0.9489,4.0113,0.1859,4.513,close,2.0537
depth,espressomachine/espressomachine,65.578,65.578,0.9556,2.1222,0.0372,0.801,open,0.1126
depth,espressomachine/espressomachine,84.630,95.370,0.9490,3.4435,0.2231,4.210,close,0.2108
depth,espressomachine/espressomachine,72.082,72.082,0.9554,1.9316,0.0771,1.132,open,0.1545
depth,espressomachine/espressomachine,60.238,119.762,0.9493,3.8380,0.1863,4.511,close,2.3096
depth,espressomachine/espressomachine,60.035,60.035,0.9493,1.6548,0.0548,0.929,open,0.0765
depth,espressomachine/espressomachine,60.540,119.460,0.9554,3.1293,0.2190,3.787,close,1.3966
depth,espressomachine/espressomachine,64.566,64.566,0.9593,1.5107,0.0202,1.351,open,0.1557
depth,espressomachine/espressomachine,48.766,131.234,0.9492,2.8613,0.1965,4.399,close,0.9380
depth,espressomachine/espressomachine,67.982,67.982,0.9522,0.9460,0.0466,2.207,open,0.2151
depth,espressomachine/espressomachine,61.477,61.477,0.9577,1.2395,0.0645,1.862,open,0.1620
depth,espressomachine/espressomachine,64.586,115.414,0.9522,3.5566,0.2213,4.060,close,2.7077
depth,espressomachine/espressomachine,58.987,58.987,0.9566,2.2204,0.0099,0.674,open,0.0481
depth,phone/phone,47.623,47.623,0.9514,0.3169,0.0215,1.866,close,0.1564
depth,phone/phone,39.254,39.254,0.9566,1.1043,0.1082,0.419,open,0.2802
depth,phone/phone,34.135,34.135,0.9515,0.2549,0.0418,1.219,close,0.0570
depth,phone/phone,32.148,32.148,0.9478,0.9207,0.1072,0.831,open,0.0726
depth,phone/phone,52.646,52.646,0.9533,0.4195,0.1792,1.029,close,0.3804
depth,phone/phone,46.252,46.252,0.9571,0.8775,0.1383,0.562,open,0.2134
depth,phone/phone,36.002,36.002,0.9598,0.4375,0.0823,1.559,close,0.1985
depth,phone/phone,62.494,62.494,0.9555,0.9335,0.1268,0.549,open,0.2647
depth,phone/phone,28.526,28.526,0.9643,0.2002,0.1017,2.152,close,0.0859
depth,phone/phone,26.221,26.221,0.9546,0.5222,0.1040,1.251,open,0.1064
depth,phone/phone,20.336,20.336,0.9614,0.5387,0.1429,1.383,close,0.2167
depth,phone/phone,70.341,70.341,0.9608,0.8934,0.0854,0.601,open,0.0828
depth,phone/phone,58.377,58.377,0.9570,0.4143,0.1335,1.285,close,0.2470
depth,phone/phone,45.899,45.899,0.9539,0.8258,0.1062,0.553,open,0.0515
depth,phone/phone,78.714,78.714,0.9507,0.2817,0.1196,1.086,close,0.1130
depth,phone/phone,20.018,20.018,0.9543,1.2132,0.0645,0.231,open,0.0390
depth,phone/phone,23.570,23.570,0.9610,0.6390,0.1483,1.159,close,0.1704
depth,phone/phone,70.934,70.934,0.9546,0.5929,0.1481,0.585,open,0.2490
depth,phone/phone,22.558,22.558,0.9617,0.4330,0.0608,1.025,close,0.1477
depth,phone/phone,33.174,33.174,0.9427,1.0419,0.1251,0.612,open,0.1124
depth,phone/phone,23.585,23.585,0.9641,0.2627,0.0489,2.207,close,0.0490
depth,phone/phone,39.077,39.077,0.9557,0.9236,0.0814,0.368,open,0.1965
depth,phone/phone,74.821,74.821,0.9627,0.3999,0.1522,0.910,close,0.4278
depth,phone/phone,38.249,38.249,0.9540,0.7519,0.0872,0.398,open,0.3522
depth,phone/phone,53.788,53.788,0.9546,0.4103,0.0797,1.514,close,0.2112
depth,phone/phone,66.477,66.477,0.9468,0.9297,0.0887,0.648,open,0.2062
depth,phone/phone,26.301,26.301,0.9652,0.7375,0.0059,0.630,close,0.2276
depth,phone/phone,49.971,49.971,0.9494,0.7563,0.0757,0.485,open,0.1575
depth,phone/phone,62.254,62.254,0.9514,0.9766,0.1809,0.208,close,0.9754
depth,phone/phone,41.833,41.833,0.9516,1.2065,0.1295,0.367,open,0.0701
depth,phone/phone,51.479,51.479,0.9578,0.5175,0.0232,0.810,close,0.1577
depth,phone/phone,71.231,71.231,0.9571,0.9806,0.1524,0.310,open,0.1534
depth,phone/phone,21.172,21.172,0.9572,0.1063,0.0856,1.487,close,0.0839
depth,phone/phone,21.643,21.643,0.9534,0.5867,0.0101,0.876,open,0.2426
depth,scissors/scissors,69.523,110.477,0.9180,0.4426,0.1055,1.573,close,0.1153
depth,scissors/scissors,37.671,37.671,0.9517,0.4155,0.1220,0.931,open,0.1627
depth,scissors/scissors,59.618,120.382,0.9357,0.1945,0.0453,1.399,close,0.0982
depth,scissors/scissors,48.273,48.273,0.9346,1.0783,0.0983,0.316,open,0.3136
depth,scissors/scissors,56.868,56.868,0.9415,0.2698,0.0978,0.950,close,0.0455
depth,scissors/scissors,24.278,24.278,0.9478,0.1472,0.0669,1.563,close,0.1340
depth,scissors/scissors,80.076,99.924,0.9322,0.5088,0.1242,0.843,open,0.2370
depth,scissors/scissors,85.018,94.982,0.9347,0.0227,0.0870,1.320,close,0.1044
depth,scissors/scissors,67.470,67.470,0.9385,0.5434,0.0430,0.866,open,0.1459
depth,scissors/scissors,67.697,112.303,0.9422,0.1627,0.0652,1.171,close,0.0518
depth,scissors/scissors,24.857,155.143,0.9339,0.1746,0.0335,1.123,close,0.1207
depth,scissors/scissors,63.544,63.544,0.9409,0.0219,0.0641,1.345,close,0.0801
depth,scissors/scissors,61.561,118.439,0.9531,0.1437,0.0885,1.115,close,0.1363
depth,scissors/scissors,4.831,4.831,0.9168,0.2941,0.0702,0.992,close,0.1115
depth,scissors/scissors,87.786,87.786,0.9460,0.5864,0.0915,0.595,open,0.2003
depth,scissors/scissors,58.959,58.959,0.9161,0.0633,0.0247,1.256,close,0.0842
depth,scissors/scissors,87.825,92.175,0.9271,0.2252,0.0300,0.728,close,0.2595
depth,scissors/scissors,61.260,118.740,0.9228,0.7993,0.0792,0.534,close,0.0386
depth,scissors/scissors,57.225,57.225,0.9412,0.1869,0.1336,1.026,close,0.0955
depth,scissors/scissors,20.118,20.118,0.9287,0.9904,0.1224,0.361,open,0.2510
depth,scissors/scissors,64.457,64.457,0.9311,0.1692,0.0631,1.127,close,0.0697
depth,scissors/scissors,77.110,102.890,0.9191,0.7298,0.0647,0.488,close,0.4120
depth,scissors/scissors,77.060,77.060,0.9392,0.8218,0.0188,0.432,close,0.6047
depth,scissors/scissors,69.808,110.192,0.9499,0.6242,0.0674,0.643,close,0.1969
depth,scissors/scissors,44.600,135.400,0.9451,0.5513,0.0029,0.841,close,0.0771
depth,scissors/scissors,55.699,124.301,0.9453,0.5427,0.0424,0.660,close,0.2915
depth,scissors/scissors,66.911,66.911,0.9366,0.2525,0.0414,0.770,close,0.2743
depth,scissors/scissors,50.814,50.814,0.9348,1.1566,0.0971,0.285,open,0.2092
depth,scissors/scissors,84.007,95.993,0.9430,1.0071,0.0141,0.331,close,0.5280
depth,scissors/scissors,80.326,99.674,0.9260,0.3657,0.0106,0.720,close,0.4156
depth,scissors/scissors,34.892,145.108,0.9412,1.0135,0.0142,0.366,close,0.3411
depth,scissors/scissors,82.267,97.733,0.9396,0.5943,0.0125,0.868,close,0.2128
depth,scissors/scissors,62.545,62.545,0.9382,0.5231,0.0771,0.467,close,0.4981
depth,scissors/scissors,77.893,77.893,0.9400,0.3527,0.0379,0.616,close,0.4676
depth,scissors/scissors,44.999,44.999,0.9418,0.2329,0.0002,1.283,close,0.0465
depth,scissors/scissors,65.993,65.993,0.9464,0.8150,0.1233,0.354,open,0.3653
depth,scissors/scissors,65.730,114.270,0.9368,0.6245,0.0032,0.627,close,0.5069
depth,scissors/scissors,20.512,159.488,0.9304,0.5068,0.0178,0.894,close,0.0840
depth,scissors/scissors,36.298,36.298,0.9474,0.7717,0.1096,0.530,open,0.2529
depth,scissors/scissors,65.791,65.791,0.9335,0.5295,0.0217,0.644,close,0.4271
depth,scissors/scissors,37.928,37.928,0.9378,0.4191,0.0237,1.095,open,0.1550
depth,scissors/scissors,89.019,89.019,0.9186,0.3718,0.0267,0.845,close,0.3983
depth,scissors/scissors,64.155,64.155,0.9434,0.3050,0.0668,1.252,close,0.2540
depth,scissors/scissors,87.641,92.359,0.9393,1.1775,0.1240,0.411,open,0.4190
depth,scissors/scissors,68.057,68.057,0.9498,0.3186,0.1195,1.106,close,0.3285
depth,scissors/scissors,57.008,57.008,0.9427,0.6472,0.0087,0.856,close,0.3173
depth,scissors/scissors,72.130,72.130,0.9359,0.4833,0.0382,0.779,close,0.3095
depth,scissors/scissors,67.944,67.944,0.9416,0.9696,0.1499,0.351,open,0.1879
depth,scissors/scissors,51.089,128.911,0.9199,0.2125,0.0651,1.403,close,0.0883
