model,source,key,gt_type,p_rev,type_ok,point_err,end_err,disp_err,gt_len,mask_iou
depth,hoi4d,ZY20210800001_H1_C14_N25/S158_s03_T1_w0_f056,0,0.0552,1,0.00744,0.00114,0.00736,0.01641,0.7881
depth,hoi4d,ZY20210800001_H1_C14_N25/S158_s03_T1_w1_f064,1,0.9502,1,0.01938,0.04286,0.02401,0.16054,0.8354
depth,hoi4d,ZY20210800001_H1_C14_N25/S158_s03_T1_w2_f088,1,0.9409,1,0.00588,0.01254,0.01063,0.16971,0.6673
depth,hoi4d,ZY20210800001_H1_C14_N25/S158_s03_T1_w3_f185,0,0.0593,1,0.00934,0.00494,0.00712,0.01117,0.7286
depth,hoi4d,ZY20210800001_H1_C14_N25/S158_s03_T1_w4_f195,1,0.9461,1,0.01294,0.01468,0.00392,0.13501,0.7189
depth,hoi4d,ZY20210800001_H1_C14_N25/S158_s03_T1_w5_f214,1,0.9501,1,0.00060,0.02598,0.02654,0.16262,0.7370
depth,hoi4d,ZY20210800001_H1_C14_N25/S209_s03_T2_w0_f052,1,0.9442,1,0.01444,0.04696,0.04196,0.14352,0.6635
depth,hoi4d,ZY20210800001_H1_C14_N25/S209_s03_T2_w1_f082,1,0.9521,1,0.00386,0.01687,0.01555,0.12702,0.5338
depth,hoi4d,ZY20210800001_H1_C14_N25/S209_s03_T2_w2_f166,1,0.9422,1,0.02229,0.06091,0.05075,0.15359,0.7359
depth,hoi4d,ZY20210800001_H1_C14_N25/S367_s01_T2_w0_f050,1,0.9341,1,0.01291,0.03168,0.03290,0.16328,0.8107
depth,hoi4d,ZY20210800001_H1_C14_N26/S333_s01_T1_w0_f069,1,0.9348,1,0.01092,0.02120,0.01166,0.06633,0.7993
depth,hoi4d,ZY20210800001_H1_C14_N26/S333_s01_T1_w1_f105,1,0.9447,1,0.00882,0.01373,0.01046,0.04342,0.2314
depth,hoi4d,ZY20210800001_H1_C14_N26/S333_s01_T1_w2_f207,1,0.9373,1,0.01398,0.01800,0.01988,0.05687,0.7603
depth,hoi4d,ZY20210800001_H1_C14_N26/S333_s01_T1_w3_f237,1,0.9346,1,0.01195,0.02324,0.01659,0.03607,0.3355
depth,hoi4d,ZY20210800001_H1_C14_N26/S333_s02_T2_w0_f060,1,0.9494,1,0.01111,0.02454,0.01744,0.04740,0.7961
depth,hoi4d,ZY20210800001_H1_C14_N26/S333_s02_T2_w1_f087,1,0.9532,1,0.00834,0.05123,0.04289,0.04100,0.0000
depth,hoi4d,ZY20210800001_H1_C14_N26/S333_s02_T2_w2_f176,1,0.9457,1,0.01212,0.01391,0.00257,0.04788,0.6922
depth,hoi4d,ZY20210800001_H1_C14_N31/S155_s02_T1_w0_f051,0,0.0475,1,0.01322,0.00538,0.00932,0.02112,0.7916
depth,hoi4d,ZY20210800001_H1_C14_N31/S155_s02_T1_w1_f059,1,0.9233,1,0.01433,0.01284,0.00190,0.11403,0.7420
depth,hoi4d,ZY20210800001_H1_C14_N31/S155_s02_T1_w2_f097,1,0.9506,1,0.01641,0.02799,0.01287,0.11692,0.4617
depth,hoi4d,ZY20210800001_H1_C14_N31/S155_s02_T1_w3_f201,0,0.0557,1,0.01567,0.00816,0.00951,0.03199,0.8143
depth,hoi4d,ZY20210800001_H1_C14_N31/S155_s02_T1_w4_f209,1,0.9286,1,0.00920,0.00554,0.01137,0.12250,0.8312
depth,hoi4d,ZY20210800001_H1_C14_N31/S155_s02_T1_w5_f241,1,0.9431,1,0.02350,0.02990,0.01601,0.10926,0.5070
depth,hoi4d,ZY20210800001_H1_C14_N31/S207_s02_T2_w0_f067,1,0.9480,1,0.01054,0.01926,0.02434,0.07841,0.6254
depth,hoi4d,ZY20210800001_H1_C14_N31/S207_s02_T2_w1_f092,1,0.9433,1,0.02105,0.03254,0.03120,0.09781,0.4812
depth,hoi4d,ZY20210800001_H1_C14_N31/S207_s02_T2_w2_f184,1,0.9290,1,0.02251,0.04849,0.03155,0.09341,0.6990
depth,hoi4d,ZY20210800001_H1_C14_N39/S155_s04_T1_w0_f039,0,0.0454,1,0.00566,0.01201,0.00689,0.01594,0.7363
depth,hoi4d,ZY20210800001_H1_C14_N39/S155_s04_T1_w1_f047,1,0.9404,1,0.01249,0.03891,0.02656,0.25068,0.8207
depth,hoi4d,ZY20210800001_H1_C14_N39/S155_s04_T1_w2_f085,1,0.9450,1,0.01192,0.03760,0.03307,0.21977,0.6469
depth,hoi4d,ZY20210800001_H1_C14_N39/S155_s04_T1_w3_f190,1,0.9464,1,0.00702,0.03459,0.02981,0.24527,0.8269
depth,hoi4d,ZY20210800001_H1_C14_N39/S155_s04_T1_w4_f222,1,0.9452,1,0.01202,0.05701,0.04805,0.26869,0.6933
depth,hoi4d,ZY20210800001_H1_C14_N39/S207_s04_T2_w0_f044,0,0.0505,1,0.00401,0.01126,0.00982,0.01821,0.7463
depth,hoi4d,ZY20210800001_H1_C14_N39/S207_s04_T2_w1_f051,1,0.9482,1,0.01045,0.03496,0.04409,0.24182,0.7730
depth,hoi4d,ZY20210800001_H1_C14_N39/S207_s04_T2_w2_f076,1,0.9469,1,0.00449,0.05027,0.05468,0.24837,0.7633
depth,hoi4d,ZY20210800001_H1_C14_N39/S207_s04_T2_w3_f160,1,0.9453,1,0.00995,0.02282,0.01343,0.22396,0.7796
depth,hoi4d,ZY20210800001_H1_C17_N21/S159_s03_T3_w2_f109,0,0.0459,1,0.01788,0.00880,0.00963,0.03320,0.3112
depth,hoi4d,ZY20210800001_H1_C17_N21/S159_s03_T3_w8_f246,0,0.0494,1,0.01187,0.03700,0.03295,0.05720,0.4846
depth,hoi4d,ZY20210800001_H1_C17_N23/S159_s03_T3_w2_f112,0,0.0451,1,0.01402,0.02637,0.01298,0.09052,0.0000
depth,hoi4d,ZY20210800001_H1_C17_N23/S159_s03_T3_w6_f233,0,0.0552,1,0.00676,0.02737,0.02190,0.08703,0.6671
depth,hoi4d,ZY20210800001_H1_C17_N59/S266_s02_T3_w2_f117,0,0.0419,1,0.01353,0.02341,0.01042,0.02881,0.2219
depth,hoi4d,ZY20210800001_H1_C17_N59/S266_s02_T3_w7_f261,0,0.0482,1,0.00551,0.00143,0.00414,0.01378,0.4338
depth,hoi4d,ZY20210800001_H1_C17_N62/S264_s03_T2_w1_f082,1,0.9543,1,0.00574,0.07024,0.07068,0.24259,0.0000
depth,hoi4d,ZY20210800001_H1_C17_N62/S264_s03_T2_w2_f108,1,0.9530,1,0.01752,0.04339,0.05499,0.25221,0.2891
depth,hoi4d,ZY20210800001_H1_C17_N62/S264_s03_T2_w5_f219,1,0.9503,1,0.01105,0.05731,0.06111,0.26393,0.0045
depth,hoi4d,ZY20210800001_H1_C17_N62/S264_s03_T2_w6_f239,1,0.9491,1,0.01621,0.02700,0.03532,0.22577,0.0876
depth,hoi4d,ZY20210800001_H1_C17_N62/S266_s03_T3_w2_f125,0,0.0492,1,0.00651,0.00410,0.00988,0.06445,0.5361
depth,hoi4d,ZY20210800001_H1_C17_N63/S264_s04_T2_w1_f064,1,0.9505,1,0.01066,0.01207,0.01881,0.28299,0.0000
depth,hoi4d,ZY20210800001_H1_C17_N63/S264_s04_T2_w2_f098,1,0.9486,1,0.01718,0.03854,0.03400,0.14435,0.3645
depth,hoi4d,ZY20210800001_H1_C17_N63/S264_s04_T2_w5_f211,1,0.9384,1,0.01477,0.01564,0.02528,0.21715,0.0000
depth,hoi4d,ZY20210800001_H1_C17_N63/S264_s04_T2_w6_f236,1,0.9506,1,0.34461,0.23638,0.10825,0.16317,0.3203
depth,hoi4d,ZY20210800001_H1_C17_N71/S266_s01_T2_w1_f067,1,0.9515,1,0.03949,0.11886,0.11785,0.33596,0.1468
depth,hoi4d,ZY20210800001_H1_C17_N71/S266_s01_T2_w2_f096,1,0.9499,1,0.02543,0.05792,0.04003,0.29323,0.0496
depth,hoi4d,ZY20210800001_H1_C17_N71/S266_s01_T2_w5_f204,1,0.9447,1,0.00790,0.01380,0.02104,0.25431,0.5127
depth,hoi4d,ZY20210800001_H1_C17_N71/S266_s01_T2_w6_f229,1,0.9522,1,0.03067,0.06953,0.07967,0.24409,0.0042
depth,hoi4d,ZY20210800001_H1_C1_N19/S100_s02_T2_w2_f086,0,0.0580,1,0.00685,0.00737,0.01421,0.01621,0.3965
depth,hoi4d,ZY20210800001_H1_C1_N19/S100_s02_T2_w3_f096,0,0.0488,1,0.01395,0.03148,0.02219,0.03736,0.5753
depth,hoi4d,ZY20210800001_H1_C1_N19/S100_s02_T2_w4_f122,0,0.0546,1,0.02095,0.02748,0.02040,0.02398,0.6301
depth,hoi4d,ZY20210800001_H1_C1_N19/S100_s02_T2_w5_f132,0,0.0637,1,0.00445,0.01867,0.01486,0.01117,0.6817
depth,hoi4d,ZY20210800001_H1_C1_N33/S100_s05_T2_w2_f079,0,0.0503,1,0.01857,0.02242,0.01356,0.02549,0.6635
depth,hoi4d,ZY20210800001_H1_C1_N33/S100_s05_T2_w3_f091,0,0.0612,1,0.00363,0.03037,0.03226,0.03045,0.6210
depth,hoi4d,ZY20210800001_H1_C1_N33/S100_s05_T2_w4_f116,0,0.0506,1,0.00170,0.06073,0.06190,0.06093,0.4279
depth,hoi4d,ZY20210800001_H1_C1_N33/S100_s05_T2_w5_f129,0,0.0504,1,0.00719,0.03864,0.03200,0.04887,0.6065
depth,hoi4d,ZY20210800001_H1_C2_N31/S213_s03_T4_w4_f225,0,0.0548,1,0.00530,0.03227,0.03047,0.05234,0.4538
depth,hoi4d,ZY20210800001_H1_C2_N32/S213_s03_T4_w4_f236,0,0.0552,1,0.01706,0.03769,0.02208,0.04891,0.6064
depth,hoi4d,ZY20210800001_H1_C3_N25/S19_s02_T2_w0_f032,1,0.9439,1,0.01938,0.19356,0.18832,0.26830,0.6658
depth,hoi4d,ZY20210800001_H1_C3_N25/S19_s02_T2_w1_f131,1,0.9459,1,0.01352,0.07580,0.06228,0.19913,0.5398
depth,hoi4d,ZY20210800001_H1_C3_N28/S19_s03_T2_w0_f040,1,0.9448,1,0.02974,0.19700,0.16848,0.29697,0.6536
depth,hoi4d,ZY20210800001_H1_C3_N28/S19_s03_T2_w1_f126,1,0.9484,1,0.03526,0.08893,0.10342,0.15973,0.6271
depth,hoi4d,ZY20210800001_H1_C3_N44/S115_s03_T2_w0_f020,1,0.9498,1,0.01776,0.07927,0.07715,0.14448,0.5356
depth,hoi4d,ZY20210800001_H1_C3_N44/S115_s03_T2_w1_f079,1,0.9519,1,0.03167,0.09526,0.06445,0.02636,0.1641
depth,hoi4d,ZY20210800001_H1_C4_N03/S20_s01_T2_w0_f041,0,0.0398,1,0.01341,0.10765,0.11779,0.35062,0.1670
depth,hoi4d,ZY20210800001_H1_C4_N03/S20_s01_T2_w1_f116,0,0.0471,1,0.00533,0.03472,0.03911,0.34586,0.6598
depth,hoi4d,ZY20210800001_H1_C4_N03/S20_s01_T2_w2_f187,0,0.0394,1,0.01080,0.21695,0.22631,0.35355,0.1070
depth,hoi4d,ZY20210800001_H1_C4_N03/S20_s01_T2_w3_f253,0,0.0493,1,0.01795,0.08539,0.06773,0.33201,0.5528
depth,hoi4d,ZY20210800001_H1_C4_N27/S21_s01_T1_w0_f041,0,0.0534,1,0.00565,0.05954,0.05450,0.13564,0.8250
depth,hoi4d,ZY20210800001_H1_C4_N27/S21_s01_T1_w1_f108,0,0.0421,1,0.00478,0.03060,0.03074,0.15455,0.4759
depth,hoi4d,ZY20210800001_H1_C4_N27/S21_s01_T1_w2_f166,0,0.0557,1,0.00624,0.08192,0.07577,0.13622,0.7624
depth,hoi4d,ZY20210800001_H1_C4_N27/S21_s01_T1_w3_f210,0,0.0452,1,0.00826,0.05769,0.05321,0.13882,0.4773
depth,hoi4d,ZY20210800001_H1_C4_N27/S21_s01_T2_w0_f046,1,0.9463,1,0.01041,0.15703,0.14829,0.42156,0.3604
depth,hoi4d,ZY20210800001_H1_C4_N27/S21_s01_T2_w1_f119,0,0.0480,1,0.02465,0.10295,0.11120,0.33068,0.6250
depth,hoi4d,ZY20210800001_H1_C4_N27/S21_s01_T2_w2_f182,1,0.9451,1,0.02126,0.16384,0.15981,0.39366,0.7560
depth,hoi4d,ZY20210800001_H1_C4_N27/S21_s01_T2_w3_f242,0,0.0500,1,0.01761,0.14661,0.14206,0.41379,0.5028
depth,hoi4d,ZY20210800001_H1_C4_N38/S21_s05_T1_w0_f034,0,0.0461,1,0.02077,0.01293,0.00793,0.16165,0.7153
depth,hoi4d,ZY20210800001_H1_C4_N38/S21_s05_T1_w1_f104,0,0.0464,1,0.00627,0.02642,0.02905,0.12443,0.7068
depth,hoi4d,ZY20210800001_H1_C4_N38/S21_s05_T1_w2_f185,0,0.0456,1,0.01676,0.03123,0.03033,0.11349,0.7201
depth,hoi4d,ZY20210800001_H1_C4_N38/S21_s05_T1_w3_f248,0,0.0455,1,0.00516,0.02235,0.01720,0.09175,0.7010
depth,hoi4d,ZY20210800001_H1_C4_N38/S21_s05_T2_w0_f046,1,0.9546,1,0.02772,0.08892,0.09682,0.23186,0.3135
depth,hoi4d,ZY20210800001_H1_C4_N38/S21_s05_T2_w1_f116,1,0.9529,1,0.00692,0.04992,0.05191,0.24806,0.5090
depth,hoi4d,ZY20210800001_H1_C4_N38/S21_s05_T2_w2_f199,1,0.9548,1,0.01140,0.20491,0.19353,0.36621,0.2763
depth,hoi4d,ZY20210800001_H1_C4_N38/S21_s05_T2_w3_f270,1,0.9535,1,0.01117,0.01332,0.02447,0.18241,0.4096
depth,hoi4d,ZY20210800001_H1_C4_N67/S391_s02_T2_w0_f088,1,0.9530,1,0.01909,0.07163,0.08948,0.33270,0.2567
depth,hoi4d,ZY20210800001_H1_C4_N67/S391_s02_T2_w1_f122,1,0.9493,1,0.01681,0.04232,0.05678,0.33670,0.4754
depth,hoi4d,ZY20210800001_H1_C4_N67/S391_s02_T2_w2_f219,1,0.9534,1,0.02115,0.07191,0.09054,0.19607,0.2753
depth,hoi4d,ZY20210800001_H1_C4_N67/S391_s02_T2_w3_f241,1,0.9498,1,0.00715,0.07712,0.07001,0.32108,0.6067
depth,hoi4d,ZY20210800001_H1_C4_N67/S391_s03_T3_w2_f134,0,0.0528,1,0.01658,0.10479,0.08863,0.23202,0.7714
depth,hoi4d,ZY20210800001_H1_C4_N67/S391_s04_T4_w2_f202,0,0.0503,1,0.03792,0.08729,0.04988,0.11153,0.5716
depth,hoi4d,ZY20210800001_H1_C4_N67/S391_s05_T4_w2_f181,0,0.0437,1,0.02379,0.03808,0.02605,0.14516,0.5718
depth,hoi4d,ZY20210800001_H1_C6_N14/S247_s04_T2_w0_f059,1,0.9372,1,0.00518,0.03793,0.03768,0.18947,0.7365
depth,hoi4d,ZY20210800001_H1_C6_N14/S247_s04_T2_w1_f090,1,0.9368,1,0.01428,0.03086,0.01752,0.20188,0.6321
depth,hoi4d,ZY20210800001_H1_C6_N14/S247_s04_T2_w2_f172,1,0.9420,1,0.00914,0.04906,0.04787,0.18898,0.8241
depth,hoi4d,ZY20210800001_H1_C6_N14/S85_s02_T2_w0_f050,1,0.9472,1,0.03252,0.04571,0.05846,0.17427,0.6020
depth,hoi4d,ZY20210800001_H1_C6_N14/S85_s02_T2_w1_f121,1,0.9467,1,0.01200,0.05803,0.06945,0.14445,0.4554
depth,hoi4d,ZY20210800001_H1_C6_N14/S85_s02_T2_w2_f174,1,0.9446,1,0.01273,0.05509,0.05313,0.15298,0.7591
depth,hoi4d,ZY20210800001_H1_C6_N14/S85_s02_T2_w5_f259,1,0.9469,1,0.00975,0.02013,0.01310,0.10016,0.4247
depth,hoi4d,ZY20210800001_H1_C6_N20/S247_s05_T2_w0_f056,1,0.9426,1,0.03440,0.03866,0.03355,0.22786,0.8043
depth,hoi4d,ZY20210800001_H1_C6_N20/S247_s05_T2_w1_f082,1,0.9455,1,0.00880,0.03572,0.02909,0.21184,0.6133
depth,hoi4d,ZY20210800001_H1_C6_N20/S247_s05_T2_w2_f182,1,0.9424,1,0.03508,0.03798,0.06869,0.21639,0.8317
depth,hoi4d,ZY20210800001_H1_C6_N25/S248_s02_T2_w0_f051,1,0.9463,1,0.04266,0.04806,0.01876,0.25972,0.8513
depth,hoi4d,ZY20210800001_H1_C6_N25/S248_s02_T2_w1_f085,1,0.9532,1,0.00996,0.09577,0.08725,0.31551,0.6686
depth,hoi4d,ZY20210800001_H1_C6_N25/S248_s02_T2_w2_f182,1,0.9425,1,0.01293,0.01605,0.01874,0.24368,0.7609
depth,hoi4d,ZY20210800001_H1_C6_N25/S86_s01_T1_w0_f042,1,0.9325,1,0.02183,0.04662,0.02589,0.22184,0.7858
depth,hoi4d,ZY20210800001_H1_C6_N25/S86_s01_T1_w1_f120,1,0.9416,1,0.02359,0.02401,0.01161,0.14887,0.6910
depth,hoi4d,ZY20210800001_H1_C6_N25/S86_s01_T1_w2_f207,1,0.9339,1,0.01505,0.02780,0.01319,0.18309,0.7739
depth,hoi4d,ZY20210800001_H1_C6_N25/S86_s01_T1_w3_f250,1,0.9401,1,0.01917,0.03543,0.01801,0.11419,0.7217
depth,hoi4d,ZY20210800002_H2_C14_N13/S161_s04_T1_w0_f056,1,0.9263,1,0.00315,0.00801,0.00999,0.22404,0.8001
depth,hoi4d,ZY20210800002_H2_C14_N13/S161_s04_T1_w1_f096,1,0.9429,1,0.01326,0.04671,0.03571,0.25791,0.6627
depth,hoi4d,ZY20210800002_H2_C14_N13/S161_s04_T1_w3_f235,1,0.9425,1,0.01477,0.04573,0.03101,0.23199,0.7203
depth,hoi4d,ZY20210800002_H2_C14_N13/S185_s04_T2_w0_f055,1,0.9284,1,0.02453,0.10148,0.12427,0.17470,0.4762
depth,hoi4d,ZY20210800002_H2_C14_N13/S185_s04_T2_w1_f072,1,0.5934,1,0.02284,0.01753,0.03879,0.21672,0.5400
depth,hoi4d,ZY20210800002_H2_C14_N13/S185_s04_T2_w2_f155,1,0.9187,1,0.02508,0.07620,0.09681,0.24402,0.6224
depth,hoi4d,ZY20210800002_H2_C14_N21/S163_s01_T1_w0_f055,0,0.0552,1,0.01147,0.00193,0.01285,0.02397,0.7597
depth,hoi4d,ZY20210800002_H2_C14_N21/S163_s01_T1_w1_f066,1,0.9461,1,0.00767,0.01570,0.00846,0.21007,0.8499
depth,hoi4d,ZY20210800002_H2_C14_N21/S163_s01_T1_w2_f108,1,0.9453,1,0.01482,0.03351,0.02120,0.22041,0.6514
depth,hoi4d,ZY20210800002_H2_C14_N21/S163_s01_T1_w3_f217,1,0.9364,1,0.00375,0.02616,0.02738,0.18338,0.7880
depth,hoi4d,ZY20210800002_H2_C14_N21/S163_s01_T1_w4_f248,1,0.9410,1,0.00977,0.03401,0.02543,0.20671,0.5415
depth,hoi4d,ZY20210800002_H2_C14_N21/S187_s01_T2_w0_f048,1,0.8805,1,0.01394,0.06404,0.07602,0.16699,0.8120
depth,hoi4d,ZY20210800002_H2_C14_N21/S187_s01_T2_w1_f074,1,0.9500,1,0.00837,0.03836,0.03505,0.20735,0.5014
depth,hoi4d,ZY20210800002_H2_C14_N21/S187_s01_T2_w2_f160,1,0.9186,1,0.00966,0.09221,0.10157,0.19303,0.7768
depth,hoi4d,ZY20210800002_H2_C14_N22/S163_s01_T1_w0_f052,0,0.0465,1,0.00698,0.02299,0.01700,0.03549,0.6823
depth,hoi4d,ZY20210800002_H2_C14_N22/S163_s01_T1_w1_f061,1,0.9194,1,0.01074,0.01442,0.01355,0.16808,0.8395
depth,hoi4d,ZY20210800002_H2_C14_N22/S163_s01_T1_w2_f091,1,0.9372,1,0.00403,0.00554,0.00644,0.23880,0.6865
depth,hoi4d,ZY20210800002_H2_C14_N22/S163_s01_T1_w3_f198,0,0.0463,1,0.00483,0.02309,0.02636,0.04386,0.7415
depth,hoi4d,ZY20210800002_H2_C14_N22/S163_s01_T1_w4_f209,1,0.9090,1,0.01344,0.02650,0.03990,0.20865,0.8307
depth,hoi4d,ZY20210800002_H2_C14_N22/S163_s01_T1_w5_f235,1,0.9352,1,0.01210,0.02538,0.01655,0.23675,0.7768
depth,hoi4d,ZY20210800002_H2_C14_N44/S163_s02_T1_w0_f062,1,0.9256,1,0.01779,0.02441,0.01566,0.09054,0.7386
depth,hoi4d,ZY20210800002_H2_C14_N44/S163_s02_T1_w1_f091,1,0.9339,1,0.01250,0.03128,0.02770,0.07082,0.5754
depth,hoi4d,ZY20210800002_H2_C14_N44/S163_s02_T1_w2_f197,1,0.9253,1,0.01401,0.05612,0.04731,0.05936,0.8191
depth,hoi4d,ZY20210800002_H2_C14_N44/S163_s02_T1_w3_f218,1,0.9230,1,0.01190,0.03626,0.04000,0.07776,0.6120
depth,hoi4d,ZY20210800002_H2_C14_N44/S187_s02_T2_w0_f046,1,0.9399,1,0.01471,0.09599,0.08163,0.06293,0.6137
depth,hoi4d,ZY20210800002_H2_C14_N44/S187_s02_T2_w1_f071,1,0.9392,1,0.00879,0.01425,0.00992,0.12091,0.2957
depth,hoi4d,ZY20210800002_H2_C14_N44/S187_s02_T2_w2_f153,1,0.9296,1,0.00252,0.03720,0.03544,0.09439,0.6744
depth,hoi4d,ZY20210800002_H2_C17_N62/S253_s03_T2_w2_f050,1,0.9571,1,0.00778,0.12935,0.12617,0.46002,0.0000
depth,hoi4d,ZY20210800002_H2_C17_N62/S253_s03_T2_w4_f189,1,0.9523,1,0.01955,0.08280,0.06942,0.42042,0.2132
depth,hoi4d,ZY20210800002_H2_C17_N62/S253_s03_T2_w5_f221,1,0.9511,1,0.02406,0.08813,0.06632,0.39238,0.0556
depth,hoi4d,ZY20210800002_H2_C17_N63/S253_s04_T2_w1_f051,1,0.9395,1,0.03709,0.03051,0.05559,0.49901,0.1257
depth,hoi4d,ZY20210800002_H2_C17_N63/S253_s04_T2_w4_f191,1,0.9473,1,0.02636,0.04129,0.01565,0.44146,0.0287
depth,hoi4d,ZY20210800002_H2_C17_N63/S253_s04_T2_w5_f226,1,0.9525,1,0.01732,0.12863,0.11816,0.40519,0.0000
depth,hoi4d,ZY20210800002_H2_C1_N16/S339_s03_T2_w0_f023,0,0.0448,1,0.00546,0.05689,0.05904,0.08576,0.7622
depth,hoi4d,ZY20210800002_H2_C1_N16/S339_s03_T2_w1_f101,0,0.0417,1,0.01897,0.03351,0.01578,0.08514,0.6870
depth,hoi4d,ZY20210800002_H2_C1_N16/S339_s03_T2_w2_f174,0,0.0448,1,0.02201,0.06283,0.06439,0.28395,0.7284
depth,hoi4d,ZY20210800002_H2_C1_N16/S339_s03_T2_w3_f236,0,0.0433,1,0.01975,0.19042,0.17214,0.14244,0.6445
depth,hoi4d,ZY20210800002_H2_C1_N18/S339_s04_T2_w0_f021,0,0.0481,1,0.01587,0.04942,0.05986,0.10637,0.6486
depth,hoi4d,ZY20210800002_H2_C1_N18/S339_s04_T2_w1_f095,0,0.0484,1,0.01608,0.07843,0.06673,0.13257,0.4638
depth,hoi4d,ZY20210800002_H2_C1_N18/S339_s04_T2_w2_f170,0,0.0505,1,0.00227,0.08953,0.08754,0.27245,0.4688
depth,hoi4d,ZY20210800002_H2_C1_N18/S339_s04_T2_w3_f239,0,0.0508,1,0.00976,0.04238,0.03812,0.11716,0.4968
depth,hoi4d,ZY20210800002_H2_C1_N29/S87_s05_T3_w0_f015,0,0.0469,1,0.02935,0.03615,0.01330,0.10555,0.5901
depth,hoi4d,ZY20210800002_H2_C1_N29/S87_s05_T3_w1_f079,0,0.0548,1,0.01486,0.08884,0.07506,0.10716,0.8218
depth,hoi4d,ZY20210800002_H2_C1_N29/S87_s05_T3_w2_f148,0,0.0485,1,0.00258,0.03043,0.02976,0.22871,0.7823
depth,hoi4d,ZY20210800002_H2_C1_N29/S87_s05_T3_w3_f215,0,0.0494,1,0.02221,0.03154,0.03071,0.08666,0.7487
depth,hoi4d,ZY20210800002_H2_C1_N37/S88_s04_T3_w0_f022,0,0.0427,1,0.01564,0.04596,0.04796,0.05377,0.5693
depth,hoi4d,ZY20210800002_H2_C1_N37/S88_s04_T3_w1_f092,0,0.0466,1,0.02046,0.03236,0.01336,0.05519,0.4902
depth,hoi4d,ZY20210800002_H2_C1_N37/S88_s04_T3_w2_f155,0,0.0453,1,0.02158,0.04016,0.03518,0.11039,0.4947
depth,hoi4d,ZY20210800002_H2_C1_N37/S88_s04_T3_w3_f220,0,0.0387,1,0.04101,0.08506,0.08200,0.06302,0.2540
depth,hoi4d,ZY20210800002_H2_C1_N38/S88_s04_T3_w0_f023,0,0.0430,1,0.02578,0.04845,0.05142,0.06618,0.5551
depth,hoi4d,ZY20210800002_H2_C1_N38/S88_s04_T3_w1_f104,0,0.0494,1,0.02955,0.03414,0.01387,0.08043,0.5281
depth,hoi4d,ZY20210800002_H2_C1_N38/S88_s04_T3_w2_f164,0,0.0461,1,0.02281,0.06950,0.07493,0.12860,0.6166
depth,hoi4d,ZY20210800002_H2_C1_N38/S88_s04_T3_w3_f225,0,0.0542,1,0.02347,0.07515,0.05244,0.09821,0.2644
depth,hoi4d,ZY20210800002_H2_C1_N41/S94_s01_T3_w0_f017,0,0.0417,1,0.01414,0.10034,0.09207,0.09798,0.1225
depth,hoi4d,ZY20210800002_H2_C1_N41/S94_s01_T3_w2_f164,0,0.0447,1,0.01181,0.05826,0.05968,0.38445,0.1594
depth,hoi4d,ZY20210800002_H2_C1_N41/S94_s01_T3_w3_f243,0,0.0494,1,0.00501,0.06055,0.05795,0.13360,0.3221
depth,hoi4d,ZY20210800002_H2_C4_N27/S24_s01_T1_w0_f036,0,0.0446,1,0.01911,0.10675,0.09511,0.14434,0.5400
depth,hoi4d,ZY20210800002_H2_C4_N27/S24_s01_T1_w1_f095,0,0.0505,1,0.01707,0.04199,0.04136,0.16173,0.4479
depth,hoi4d,ZY20210800002_H2_C4_N27/S24_s01_T1_w2_f157,0,0.0471,1,0.01228,0.06498,0.07302,0.14230,0.6770
depth,hoi4d,ZY20210800002_H2_C4_N27/S24_s01_T1_w3_f210,0,0.0462,1,0.00305,0.07739,0.07463,0.13195,0.5430
depth,hoi4d,ZY20210800002_H2_C4_N27/S24_s01_T2_w0_f037,0,0.0462,1,0.01229,0.08314,0.07090,0.14307,0.2659
depth,hoi4d,ZY20210800002_H2_C4_N27/S24_s01_T2_w1_f102,1,0.9511,1,0.01423,0.10530,0.10139,0.17009,0.2178
depth,hoi4d,ZY20210800002_H2_C4_N27/S24_s01_T2_w2_f176,0,0.0477,1,0.00744,0.03359,0.04087,0.21097,0.1145
depth,hoi4d,ZY20210800002_H2_C4_N27/S24_s01_T2_w3_f241,0,0.0514,1,0.00897,0.02698,0.01840,0.10448,0.2280
depth,hoi4d,ZY20210800002_H2_C6_N19/S245_s05_T2_w0_f048,1,0.9428,1,0.02232,0.05173,0.07320,0.17686,0.7416
depth,hoi4d,ZY20210800002_H2_C6_N19/S245_s05_T2_w1_f084,1,0.9454,1,0.02414,0.06277,0.04049,0.16790,0.6570
depth,hoi4d,ZY20210800002_H2_C6_N19/S245_s05_T2_w2_f171,1,0.9447,1,0.02258,0.05220,0.07234,0.13970,0.7894
depth,hoi4d,ZY20210800002_H2_C6_N19/S43_s01_T1_w0_f033,1,0.9431,1,0.00656,0.01439,0.01225,0.09389,0.7049
depth,hoi4d,ZY20210800002_H2_C6_N19/S43_s01_T1_w1_f091,1,0.9377,1,0.00953,0.05131,0.04732,0.11563,0.7573
depth,hoi4d,ZY20210800002_H2_C6_N19/S43_s01_T1_w2_f160,1,0.9428,1,0.00702,0.00491,0.00553,0.08994,0.7171
depth,hoi4d,ZY20210800002_H2_C6_N19/S43_s01_T1_w3_f212,1,0.9378,1,0.00903,0.04747,0.04509,0.10530,0.7200
depth,hoi4d,ZY20210800002_H2_C6_N21/S246_s01_T2_w0_f047,1,0.9432,1,0.02066,0.04758,0.04796,0.19668,0.6629
depth,hoi4d,ZY20210800002_H2_C6_N21/S246_s01_T2_w1_f079,1,0.9467,1,0.00975,0.03639,0.02685,0.18902,0.6908
depth,hoi4d,ZY20210800002_H2_C6_N21/S246_s01_T2_w2_f166,1,0.9432,1,0.00943,0.05580,0.06057,0.20171,0.6776
depth,hoi4d,ZY20210800002_H2_C6_N21/S43_s02_T1_w0_f033,1,0.9471,1,0.01148,0.02995,0.01948,0.09229,0.6968
depth,hoi4d,ZY20210800002_H2_C6_N21/S43_s02_T1_w1_f097,1,0.9434,1,0.01873,0.02299,0.04142,0.10879,0.6897
depth,hoi4d,ZY20210800002_H2_C6_N21/S43_s02_T1_w2_f172,1,0.9445,1,0.00403,0.02631,0.02970,0.11646,0.7146
depth,hoi4d,ZY20210800002_H2_C6_N21/S43_s02_T1_w3_f226,1,0.9441,1,0.01207,0.04877,0.06057,0.12412,0.6485
depth,hoi4d,ZY20210800002_H2_C6_N33/S246_s04_T3_w2_f104,1,0.9450,1,0.01279,0.04356,0.03159,0.18682,0.6673
depth,hoi4d,ZY20210800002_H2_C6_N33/S246_s04_T3_w3_f200,1,0.9448,1,0.01216,0.05883,0.04890,0.25747,0.7809
depth,hoi4d,ZY20210800002_H2_C6_N33/S246_s04_T3_w4_f238,1,0.9438,1,0.02320,0.05293,0.03478,0.23572,0.6819
depth,hoi4d,ZY20210800003_H3_C14_N30/S334_s01_T1_w0_f049,1,0.9325,1,0.01536,0.04052,0.02729,0.04349,0.5185
depth,hoi4d,ZY20210800003_H3_C14_N30/S334_s01_T1_w1_f072,1,0.9541,1,0.01416,0.00947,0.02041,0.02553,0.3131
depth,hoi4d,ZY20210800003_H3_C14_N30/S334_s01_T1_w2_f181,1,0.9278,1,0.01539,0.04145,0.04125,0.06985,0.6308
depth,hoi4d,ZY20210800003_H3_C14_N30/S334_s01_T1_w3_f230,1,0.9424,1,0.00959,0.01887,0.02592,0.02893,0.4382
depth,hoi4d,ZY20210800003_H3_C14_N30/S334_s03_T2_w0_f052,1,0.9380,1,0.01811,0.02503,0.00696,0.02822,0.4579
depth,hoi4d,ZY20210800003_H3_C14_N30/S334_s03_T2_w1_f072,1,0.9340,1,0.00849,0.02016,0.01584,0.02032,0.4338
depth,hoi4d,ZY20210800003_H3_C14_N35/S166_s03_T1_w0_f055,1,0.9514,1,0.00914,0.02607,0.02337,0.11437,0.6995
depth,hoi4d,ZY20210800003_H3_C14_N35/S166_s03_T1_w1_f102,1,0.9244,1,0.00833,0.02582,0.01773,0.07074,0.5950
depth,hoi4d,ZY20210800003_H3_C14_N35/S166_s03_T1_w2_f205,1,0.9435,1,0.00984,0.02183,0.02181,0.08164,0.6907
depth,hoi4d,ZY20210800003_H3_C14_N35/S166_s03_T1_w3_f236,1,0.9338,1,0.03114,0.06089,0.03148,0.07592,0.3954
depth,hoi4d,ZY20210800003_H3_C14_N35/S207_s03_T2_w0_f044,1,0.9394,1,0.01176,0.04838,0.04208,0.06423,0.4312
depth,hoi4d,ZY20210800003_H3_C14_N35/S207_s03_T2_w1_f060,1,0.9231,1,0.00929,0.06995,0.06976,0.11273,0.3144
depth,hoi4d,ZY20210800003_H3_C14_N35/S207_s03_T2_w4_f186,1,0.9267,1,0.01075,0.02476,0.01640,0.10940,0.3272
depth,hoi4d,ZY20210800003_H3_C14_N36/S334_s02_T1_w0_f045,1,0.9449,1,0.00819,0.05272,0.06022,0.07164,0.4418
depth,hoi4d,ZY20210800003_H3_C14_N36/S334_s02_T1_w1_f091,1,0.9477,1,0.01409,0.02863,0.01977,0.02912,0.3944
depth,hoi4d,ZY20210800003_H3_C14_N36/S334_s02_T1_w2_f192,1,0.9403,1,0.01180,0.04917,0.04628,0.06513,0.6390
depth,hoi4d,ZY20210800003_H3_C14_N36/S334_s02_T1_w3_f236,1,0.9426,1,0.00964,0.01688,0.01086,0.01728,0.3824
depth,hoi4d,ZY20210800003_H3_C14_N36/S334_s03_T2_w0_f039,1,0.9507,1,0.00490,0.01695,0.02185,0.05366,0.4667
depth,hoi4d,ZY20210800003_H3_C14_N36/S334_s03_T2_w1_f060,1,0.9409,1,0.00593,0.01919,0.01329,0.01881,0.3924
depth,hoi4d,ZY20210800003_H3_C14_N36/S334_s03_T2_w2_f134,1,0.9422,1,0.01305,0.01276,0.01867,0.05857,0.5979
depth,hoi4d,ZY20210800003_H3_C17_N08/S167_s02_T2_w1_f052,1,0.9309,1,0.02125,0.09746,0.10503,0.37891,0.1081
depth,hoi4d,ZY20210800003_H3_C17_N08/S167_s02_T2_w2_f086,1,0.9439,1,0.03362,0.01181,0.04508,0.30410,0.0796
depth,hoi4d,ZY20210800003_H3_C17_N08/S167_s02_T2_w5_f186,1,0.9433,1,0.01596,0.07221,0.08781,0.35542,0.1816
depth,hoi4d,ZY20210800003_H3_C17_N08/S167_s02_T2_w6_f214,1,0.9496,1,0.01689,0.03275,0.02307,0.26927,0.0000
depth,hoi4d,ZY20210800003_H3_C17_N25/S171_s02_T3_w2_f119,0,0.0501,1,0.01547,0.02043,0.03093,0.04731,0.0000
depth,hoi4d,ZY20210800003_H3_C17_N25/S171_s02_T3_w3_f130,0,0.0481,1,0.01914,0.00455,0.01842,0.02712,0.3092
depth,hoi4d,ZY20210800003_H3_C17_N64/S264_s04_T2_w1_f053,1,0.9532,1,0.02362,0.15483,0.13179,0.20968,0.0000
depth,hoi4d,ZY20210800003_H3_C17_N64/S264_s04_T2_w2_f080,1,0.9501,1,0.02363,0.03455,0.05794,0.27257,0.0289
depth,hoi4d,ZY20210800003_H3_C17_N64/S264_s04_T2_w5_f189,1,0.9468,1,0.06900,0.10193,0.04700,0.21817,0.0000
depth,hoi4d,ZY20210800003_H3_C17_N64/S264_s04_T2_w6_f211,1,0.9468,1,0.03616,0.01607,0.02729,0.30451,0.0005
depth,hoi4d,ZY20210800003_H3_C17_N64/S266_s02_T3_w2_f116,0,0.0451,1,0.01228,0.02584,0.03642,0.07787,0.3783
depth,hoi4d,ZY20210800003_H3_C17_N64/S266_s02_T3_w6_f246,0,0.0478,1,0.01252,0.00629,0.01025,0.05404,0.3747
depth,hoi4d,ZY20210800003_H3_C17_N69/S264_s05_T2_w1_f052,1,0.9516,1,0.11145,0.25822,0.14681,0.26643,0.4520
depth,hoi4d,ZY20210800003_H3_C17_N69/S264_s05_T2_w2_f072,1,0.9510,1,0.33140,0.21216,0.14161,0.29893,0.4780
depth,hoi4d,ZY20210800003_H3_C17_N69/S264_s05_T2_w5_f178,1,0.9559,1,0.09505,0.25090,0.16196,0.21648,0.3349
depth,hoi4d,ZY20210800003_H3_C17_N69/S264_s05_T2_w6_f196,1,0.9491,1,0.34642,0.22776,0.13244,0.28001,0.3208
depth,hoi4d,ZY20210800003_H3_C17_N69/S266_s03_T3_w4_f251,0,0.0449,1,0.01803,0.01451,0.01442,0.03713,0.5892
depth,hoi4d,ZY20210800003_H3_C17_N69/S266_s03_T3_w6_f245,0,0.0513,1,0.01955,0.02180,0.01958,0.04386,0.0250
depth,hoi4d,ZY20210800003_H3_C1_N03/S86_s02_T2_w0_f039,0,0.0522,1,0.01526,0.01084,0.01283,0.10655,0.5598
depth,hoi4d,ZY20210800003_H3_C1_N03/S86_s02_T2_w1_f126,0,0.0449,1,0.01011,0.06401,0.05419,0.16905,0.1533
depth,hoi4d,ZY20210800003_H3_C1_N03/S86_s02_T2_w2_f205,0,0.0464,1,0.01511,0.04387,0.05253,0.07059,0.6308
depth,hoi4d,ZY20210800003_H3_C1_N03/S86_s02_T2_w3_f251,0,0.0463,1,0.02403,0.03659,0.01300,0.05251,0.7382
depth,hoi4d,ZY20210800003_H3_C1_N28/S90_s03_T2_w0_f023,0,0.0508,1,0.07089,0.15975,0.09014,0.12292,0.5579
depth,hoi4d,ZY20210800003_H3_C1_N28/S90_s03_T2_w1_f093,0,0.0466,1,0.04093,0.14958,0.17933,0.30829,0.5383
depth,hoi4d,ZY20210800003_H3_C1_N28/S90_s03_T2_w2_f169,0,0.0541,1,0.06992,0.11104,0.06099,0.06168,0.5744
depth,hoi4d,ZY20210800003_H3_C1_N28/S90_s03_T2_w3_f212,0,0.0428,1,0.04250,0.01873,0.06111,0.04094,0.4546
depth,hoi4d,ZY20210800003_H3_C3_N24/S277_s05_T2_w2_f178,1,0.9488,1,0.01262,0.03053,0.02639,0.13921,0.4808
depth,hoi4d,ZY20210800003_H3_C3_N24/S277_s05_T2_w3_f214,1,0.9410,1,0.00813,0.04171,0.03812,0.15335,0.7310
depth,hoi4d,ZY20210800003_H3_C3_N24/S277_s05_T2_w4_f236,1,0.9429,1,0.00806,0.02394,0.02958,0.29315,0.6468
depth,hoi4d,ZY20210800003_H3_C3_N26/S279_s01_T2_w2_f189,1,0.9368,1,0.01825,0.01142,0.02047,0.11765,0.8862
depth,hoi4d,ZY20210800003_H3_C3_N26/S279_s01_T2_w3_f220,1,0.9411,1,0.01093,0.02401,0.01408,0.14159,0.6983
depth,hoi4d,ZY20210800003_H3_C3_N26/S279_s01_T2_w4_f239,1,0.9426,1,0.00714,0.03105,0.03742,0.29691,0.7594
depth,hoi4d,ZY20210800003_H3_C3_N26/S282_s02_T2_w2_f189,1,0.9405,1,0.02492,0.00869,0.02341,0.11755,0.6497
depth,hoi4d,ZY20210800003_H3_C3_N26/S282_s02_T2_w3_f224,1,0.9446,1,0.02731,0.05162,0.02694,0.13990,0.6674
depth,hoi4d,ZY20210800003_H3_C3_N26/S282_s02_T2_w4_f239,1,0.9403,1,0.00901,0.00853,0.01312,0.30397,0.6851
depth,hoi4d,ZY20210800003_H3_C3_N31/S279_s02_T2_w2_f186,1,0.9394,1,0.00924,0.00657,0.00318,0.14503,0.8877
depth,hoi4d,ZY20210800003_H3_C3_N31/S279_s02_T2_w3_f219,1,0.9361,1,0.00828,0.03307,0.03586,0.13265,0.7914
depth,hoi4d,ZY20210800003_H3_C3_N31/S279_s02_T2_w4_f235,1,0.9460,1,0.00565,0.03482,0.03531,0.30406,0.6075
depth,hoi4d,ZY20210800003_H3_C3_N31/S282_s03_T2_w2_f178,1,0.9437,1,0.00605,0.01178,0.00586,0.10819,0.8469
depth,hoi4d,ZY20210800003_H3_C3_N31/S282_s03_T2_w3_f210,1,0.9372,1,0.00836,0.00375,0.01076,0.16666,0.7757
depth,hoi4d,ZY20210800003_H3_C3_N31/S282_s03_T2_w4_f228,1,0.9450,1,0.00777,0.03722,0.03900,0.31168,0.5796
depth,hoi4d,ZY20210800003_H3_C3_N34/S279_s03_T2_w2_f176,1,0.9491,1,0.02315,0.01921,0.01336,0.11578,0.8134
depth,hoi4d,ZY20210800003_H3_C3_N34/S279_s03_T2_w3_f203,1,0.9390,1,0.01756,0.03359,0.05114,0.20302,0.6685
depth,hoi4d,ZY20210800003_H3_C3_N34/S279_s03_T2_w4_f224,1,0.9468,1,0.00978,0.02913,0.03883,0.34715,0.6105
depth,hoi4d,ZY20210800003_H3_C3_N34/S282_s04_T2_w2_f197,1,0.9437,1,0.03807,0.06150,0.02368,0.11908,0.7720
depth,hoi4d,ZY20210800003_H3_C3_N34/S282_s04_T2_w3_f229,1,0.9425,1,0.02197,0.06824,0.05712,0.21217,0.7150
depth,hoi4d,ZY20210800003_H3_C3_N34/S282_s04_T2_w4_f246,1,0.9515,1,0.00743,0.03189,0.03849,0.27090,0.4683
depth,hoi4d,ZY20210800003_H3_C4_N05/S50_s01_T3_w1_f086,0,0.0477,1,0.00740,0.10913,0.10326,0.11454,0.3778
depth,hoi4d,ZY20210800003_H3_C4_N05/S50_s01_T3_w3_f214,0,0.0482,1,0.02185,0.00969,0.02980,0.12992,0.3696
depth,hoi4d,ZY20210800003_H3_C4_N05/S50_s01_T4_w2_f140,0,0.0544,1,0.00656,0.01641,0.01624,0.08394,0.7164
depth,hoi4d,ZY20210800003_H3_C4_N45/S48_s03_T1_w0_f037,0,0.0583,1,0.02246,0.01854,0.03308,0.13796,0.6212
depth,hoi4d,ZY20210800003_H3_C4_N45/S48_s03_T1_w1_f087,0,0.0495,1,0.02501,0.03578,0.04350,0.12248,0.5898
depth,hoi4d,ZY20210800003_H3_C4_N45/S48_s03_T1_w2_f157,0,0.0531,1,0.01421,0.05320,0.04115,0.12312,0.6596
depth,hoi4d,ZY20210800003_H3_C4_N45/S48_s03_T1_w3_f208,0,0.0525,1,0.01030,0.07680,0.07586,0.12068,0.5788
depth,hoi4d,ZY20210800003_H3_C4_N45/S48_s03_T2_w0_f055,0,0.0502,1,0.01752,0.01181,0.01475,0.18063,0.1207
depth,hoi4d,ZY20210800003_H3_C4_N45/S48_s03_T2_w1_f105,0,0.0531,1,0.01097,0.04048,0.03204,0.18469,0.6469
depth,hoi4d,ZY20210800003_H3_C4_N45/S48_s03_T2_w2_f181,0,0.0489,1,0.01225,0.01533,0.01885,0.17410,0.1299
depth,hoi4d,ZY20210800003_H3_C4_N45/S48_s03_T2_w3_f226,0,0.0547,1,0.00821,0.06526,0.05798,0.16655,0.6595
depth,hoi4d,ZY20210800004_H4_C14_N14/S174_s03_T1_w0_f078,0,0.0541,1,0.03297,0.01738,0.02098,0.04235,0.6257
depth,hoi4d,ZY20210800004_H4_C14_N14/S174_s03_T1_w1_f089,1,0.9293,1,0.02044,0.11081,0.12661,0.30732,0.7454
depth,hoi4d,ZY20210800004_H4_C14_N14/S174_s03_T1_w2_f120,1,0.9440,1,0.00861,0.02401,0.03254,0.20258,0.4962
depth,hoi4d,ZY20210800004_H4_C14_N14/S174_s03_T1_w3_f214,0,0.0511,1,0.01740,0.02225,0.00868,0.05298,0.7656
depth,hoi4d,ZY20210800004_H4_C14_N14/S174_s03_T1_w4_f225,1,0.9444,1,0.02295,0.01278,0.01652,0.14019,0.7692
depth,hoi4d,ZY20210800004_H4_C14_N14/S174_s03_T1_w5_f240,1,0.9444,1,0.02554,0.02838,0.03788,0.14601,0.5272
depth,hoi4d,ZY20210800004_H4_C14_N14/S210_s04_T2_w0_f040,0,0.0526,1,0.00771,0.01075,0.01751,0.03870,0.8484
depth,hoi4d,ZY20210800004_H4_C14_N14/S210_s04_T2_w1_f051,1,0.9428,1,0.01071,0.02094,0.02133,0.14655,0.7647
depth,hoi4d,ZY20210800004_H4_C14_N14/S210_s04_T2_w2_f065,1,0.9329,1,0.01034,0.05597,0.06559,0.17550,0.0000
depth,hoi4d,ZY20210800004_H4_C14_N14/S210_s04_T2_w3_f135,0,0.0518,1,0.00518,0.03090,0.02701,0.04841,0.7503
depth,hoi4d,ZY20210800004_H4_C14_N14/S210_s04_T2_w4_f145,1,0.9427,1,0.01389,0.00850,0.01186,0.15716,0.7916
depth,hoi4d,ZY20210800004_H4_C14_N24/S211_s01_T2_w0_f050,0,0.0515,1,0.00204,0.01199,0.01027,0.03677,0.7764
depth,hoi4d,ZY20210800004_H4_C14_N24/S211_s01_T2_w1_f060,1,0.9412,1,0.01757,0.03790,0.04786,0.23324,0.8369
depth,hoi4d,ZY20210800004_H4_C14_N24/S211_s01_T2_w2_f078,1,0.9413,1,0.00958,0.01965,0.01370,0.26693,0.7484
depth,hoi4d,ZY20210800004_H4_C14_N24/S211_s01_T2_w3_f155,0,0.0544,1,0.01122,0.00640,0.01641,0.03810,0.7751
depth,hoi4d,ZY20210800004_H4_C14_N24/S211_s01_T2_w4_f164,1,0.9350,1,0.03224,0.06180,0.04642,0.23716,0.8138
depth,hoi4d,ZY20210800004_H4_C14_N30/S335_s01_T1_w0_f054,1,0.9334,1,0.00790,0.05054,0.05465,0.04996,0.6746
depth,hoi4d,ZY20210800004_H4_C14_N30/S335_s01_T1_w1_f074,1,0.9393,1,0.00827,0.01528,0.00708,0.02746,0.1049
depth,hoi4d,ZY20210800004_H4_C14_N30/S335_s01_T1_w2_f189,1,0.9187,1,0.01187,0.06778,0.07848,0.07153,0.4392
depth,hoi4d,ZY20210800004_H4_C14_N30/S335_s01_T1_w3_f208,1,0.9382,1,0.01750,0.01272,0.02648,0.04715,0.3511
depth,hoi4d,ZY20210800004_H4_C14_N30/S335_s02_T2_w0_f060,1,0.9458,1,0.02169,0.01644,0.02306,0.06702,0.5545
depth,hoi4d,ZY20210800004_H4_C14_N30/S335_s02_T2_w1_f078,1,0.9344,1,0.00617,0.01944,0.01350,0.06397,0.4581
depth,hoi4d,ZY20210800004_H4_C14_N30/S335_s02_T2_w4_f240,1,0.9262,1,0.01819,0.02049,0.01720,0.04365,0.5301
depth,hoi4d,ZY20210800004_H4_C14_N34/S177_s03_T1_w0_f065,1,0.9482,1,0.01686,0.04249,0.02619,0.08836,0.6072
depth,hoi4d,ZY20210800004_H4_C14_N34/S177_s03_T1_w1_f093,1,0.9450,1,0.01588,0.02586,0.01057,0.08657,0.0000
depth,hoi4d,ZY20210800004_H4_C14_N34/S177_s03_T1_w2_f195,1,0.9357,1,0.01171,0.04557,0.03791,0.10015,0.6669
depth,hoi4d,ZY20210800004_H4_C14_N34/S177_s03_T1_w3_f217,1,0.9355,1,0.01999,0.01317,0.00754,0.08847,0.4997
depth,hoi4d,ZY20210800004_H4_C14_N34/S211_s03_T2_w0_f045,1,0.9195,1,0.02432,0.01587,0.03884,0.10233,0.5567
depth,hoi4d,ZY20210800004_H4_C14_N34/S211_s03_T2_w1_f070,1,0.9236,1,0.02607,0.02789,0.01908,0.09766,0.3772
depth,hoi4d,ZY20210800004_H4_C14_N34/S211_s03_T2_w2_f158,1,0.9402,1,0.01811,0.03255,0.01654,0.13782,0.6089
depth,hoi4d,ZY20210800004_H4_C17_N16/S190_s04_T2_w2_f093,1,0.9496,1,0.00318,0.04470,0.04309,0.33542,0.0000
depth,hoi4d,ZY20210800004_H4_C17_N16/S190_s04_T2_w6_f230,1,0.9462,1,0.01369,0.02682,0.02326,0.40418,0.4822
depth,hoi4d,ZY20210800004_H4_C17_N18/S190_s05_T2_w1_f051,1,0.9395,1,0.02565,0.12635,0.13524,0.34064,0.2457
depth,hoi4d,ZY20210800004_H4_C17_N18/S190_s05_T2_w2_f093,1,0.9571,1,0.01819,0.06383,0.07363,0.31866,0.0000
depth,hoi4d,ZY20210800004_H4_C17_N18/S190_s05_T2_w5_f197,1,0.9496,1,0.01396,0.05203,0.04090,0.31572,0.1754
depth,hoi4d,ZY20210800004_H4_C17_N18/S190_s05_T2_w6_f228,1,0.9486,1,0.00364,0.01894,0.01818,0.34404,0.0000
depth,hoi4d,ZY20210800004_H4_C17_N23/S194_s01_T2_w2_f092,1,0.9458,1,0.02356,0.08235,0.08956,0.47165,0.4681
depth,hoi4d,ZY20210800004_H4_C17_N23/S194_s01_T2_w5_f196,1,0.9553,1,0.03866,0.13502,0.14155,0.37794,0.2752
depth,hoi4d,ZY20210800004_H4_C17_N64/S259_s04_T2_w1_f065,1,0.9556,1,0.11864,0.22191,0.11290,0.27431,0.3203
depth,hoi4d,ZY20210800004_H4_C17_N64/S259_s04_T2_w2_f093,1,0.9513,1,0.03771,0.06881,0.09365,0.22357,0.1981
depth,hoi4d,ZY20210800004_H4_C17_N64/S259_s04_T2_w5_f209,1,0.9557,1,0.07445,0.13772,0.10994,0.22941,0.2312
depth,hoi4d,ZY20210800004_H4_C17_N64/S259_s04_T2_w6_f236,1,0.9355,1,0.01093,0.08032,0.09100,0.20854,0.2346
depth,hoi4d,ZY20210800004_H4_C17_N73/S262_s01_T2_w1_f066,1,0.9537,1,0.04340,0.09931,0.06513,0.22802,0.0034
depth,hoi4d,ZY20210800004_H4_C17_N73/S262_s01_T2_w2_f089,1,0.9338,1,0.01820,0.01871,0.02645,0.18889,0.0000
depth,hoi4d,ZY20210800004_H4_C17_N73/S262_s01_T2_w5_f201,1,0.9524,1,0.09009,0.18413,0.10985,0.20920,0.3061
depth,hoi4d,ZY20210800004_H4_C17_N73/S262_s01_T2_w6_f225,1,0.9489,1,0.01675,0.06793,0.07754,0.18821,0.0000
depth,hoi4d,ZY20210800004_H4_C17_N73/S262_s02_T3_w2_f116,0,0.0467,1,0.01410,0.02098,0.01048,0.04781,0.2070
depth,hoi4d,ZY20210800004_H4_C17_N73/S262_s02_T3_w6_f253,0,0.0471,1,0.01437,0.03872,0.03098,0.01708,0.1611
depth,hoi4d,ZY20210800004_H4_C17_N73/S262_s02_T3_w7_f266,0,0.0441,1,0.01170,0.05213,0.04386,0.06088,0.4538
depth,hoi4d,ZY20210800004_H4_C1_N42/S240_s01_T2_w0_f043,0,0.0489,1,0.01303,0.11514,0.10877,0.02484,0.4651
depth,hoi4d,ZY20210800004_H4_C1_N42/S240_s01_T2_w1_f049,0,0.0455,1,0.01804,0.12994,0.11464,0.20343,0.6429
depth,hoi4d,ZY20210800004_H4_C1_N42/S240_s01_T2_w2_f077,0,0.0462,1,0.01762,0.02639,0.01498,0.13446,0.3394
depth,hoi4d,ZY20210800004_H4_C1_N42/S240_s01_T2_w3_f104,0,0.0457,1,0.02021,0.11399,0.10786,0.02326,0.4388
depth,hoi4d,ZY20210800004_H4_C1_N42/S240_s01_T2_w5_f215,0,0.0482,1,0.01999,0.01895,0.03406,0.14273,0.7999
depth,hoi4d,ZY20210800004_H4_C1_N42/S240_s01_T2_w6_f234,0,0.0427,1,0.01293,0.10821,0.09723,0.20562,0.2642
depth,hoi4d,ZY20210800004_H4_C1_N44/S240_s01_T2_w0_f053,0,0.0513,1,0.03920,0.02555,0.05324,0.14896,0.2393
depth,hoi4d,ZY20210800004_H4_C1_N44/S240_s01_T2_w1_f087,0,0.0562,1,0.02794,0.08793,0.06051,0.11999,0.1436
depth,hoi4d,ZY20210800004_H4_C1_N44/S240_s01_T2_w4_f219,0,0.0495,1,0.04505,0.06037,0.03622,0.12279,0.6102
depth,hoi4d,ZY20210800004_H4_C1_N44/S240_s01_T2_w5_f242,0,0.0468,1,0.03194,0.08011,0.05804,0.15282,0.1650
depth,hoi4d,ZY20210800004_H4_C3_N54/S373_s04_T2_w2_f166,1,0.9490,1,0.03959,0.20543,0.18459,0.34617,0.8984
depth,hoi4d,ZY20210800004_H4_C3_N54/S373_s04_T2_w3_f231,1,0.9514,1,0.00608,0.02009,0.02187,0.34789,0.6607
depth,hoi4d,ZY20210800004_H4_C3_N54/S374_s03_T2_w2_f192,1,0.9489,1,0.01537,0.21246,0.20449,0.35953,0.8442
depth,hoi4d,ZY20210800004_H4_C3_N54/S374_s03_T2_w3_f245,1,0.9467,1,0.03801,0.09023,0.12110,0.39396,0.8102
depth,hoi4d,ZY20210800004_H4_C3_N58/S373_s05_T2_w2_f196,1,0.9472,1,0.00857,0.04472,0.05017,0.63037,0.8453
depth,hoi4d,ZY20210800004_H4_C3_N58/S373_s05_T2_w3_f237,1,0.9502,1,0.03507,0.05233,0.06244,0.41282,0.6915
depth,hoi4d,ZY20210800004_H4_C3_N58/S375_s01_T2_w2_f188,1,0.9476,1,0.01528,0.04385,0.02873,0.46110,0.8613
depth,hoi4d,ZY20210800004_H4_C3_N58/S375_s01_T2_w3_f237,1,0.9462,1,0.02510,0.10127,0.12086,0.22374,0.7387
depth,hoi4d,ZY20210800004_H4_C3_N58/S375_s03_T2_w2_f177,1,0.9539,1,0.01635,0.06414,0.04869,0.35579,0.8337
depth,hoi4d,ZY20210800004_H4_C3_N58/S375_s03_T2_w3_f218,1,0.9507,1,0.02323,0.06683,0.08583,0.26726,0.7946
depth,hoi4d,ZY20210800004_H4_C3_N68/S380_s03_T2_w2_f170,1,0.9472,1,0.00709,0.06160,0.05924,0.35139,0.8405
depth,hoi4d,ZY20210800004_H4_C3_N68/S380_s03_T2_w3_f208,1,0.9455,1,0.01803,0.00696,0.02496,0.27971,0.6154
depth,hoi4d,ZY20210800004_H4_C3_N68/S380_s05_T2_w2_f190,1,0.9452,1,0.00360,0.04905,0.04546,0.33373,0.7951
depth,hoi4d,ZY20210800004_H4_C3_N68/S380_s05_T2_w3_f234,1,0.9493,1,0.01335,0.04910,0.04248,0.33479,0.7373
depth,hoi4d,ZY20210800004_H4_C4_N02/S254_s01_T1_w0_f064,0,0.0492,1,0.01536,0.05655,0.05694,0.08747,0.6210
depth,hoi4d,ZY20210800004_H4_C4_N02/S254_s01_T1_w1_f100,0,0.0415,1,0.01234,0.01772,0.01133,0.10771,0.5086
depth,hoi4d,ZY20210800004_H4_C4_N02/S254_s01_T1_w2_f201,0,0.0508,1,0.02933,0.04638,0.06511,0.06549,0.6335
depth,hoi4d,ZY20210800004_H4_C4_N02/S254_s01_T1_w3_f233,0,0.0429,1,0.00886,0.02452,0.02195,0.12208,0.6569
depth,hoi4d,ZY20210800004_H4_C4_N02/S260_s03_T2_w0_f059,0,0.0383,1,0.00851,0.13664,0.14441,0.25732,0.0699
depth,hoi4d,ZY20210800004_H4_C4_N02/S260_s03_T2_w1_f084,0,0.0501,1,0.01898,0.01106,0.01811,0.24302,0.4798
depth,hoi4d,ZY20210800004_H4_C4_N02/S260_s03_T2_w2_f169,1,0.9452,1,0.00582,0.05580,0.06089,0.27962,0.7509
depth,hoi4d,ZY20210800004_H4_C4_N02/S260_s03_T2_w3_f195,1,0.9442,1,0.02983,0.07168,0.09484,0.27368,0.6823
depth,hoi4d,ZY20210800004_H4_C4_N08/S219_s02_T3_w2_f120,0,0.0474,1,0.02789,0.03039,0.02866,0.11072,0.7695
depth,hoi4d,ZY20210800004_H4_C4_N08/S254_s02_T1_w0_f061,0,0.0517,1,0.03926,0.03082,0.01185,0.13239,0.4545
depth,hoi4d,ZY20210800004_H4_C4_N08/S254_s02_T1_w1_f091,0,0.0491,1,0.03934,0.00422,0.04119,0.12946,0.4939
depth,hoi4d,ZY20210800004_H4_C4_N08/S254_s02_T1_w2_f185,0,0.0526,1,0.01510,0.03542,0.04958,0.12274,0.4964
depth,hoi4d,ZY20210800004_H4_C4_N08/S254_s02_T1_w3_f218,0,0.0483,1,0.01970,0.04891,0.04562,0.10869,0.4087
depth,hoi4d,ZY20210800004_H4_C4_N08/S260_s05_T2_w0_f056,1,0.9395,1,0.02947,0.12239,0.11621,0.24227,0.2750
depth,hoi4d,ZY20210800004_H4_C4_N08/S260_s05_T2_w1_f089,1,0.9515,1,0.01122,0.04981,0.05687,0.22868,0.5849
depth,hoi4d,ZY20210800004_H4_C4_N08/S260_s05_T2_w2_f204,1,0.9396,1,0.03011,0.11934,0.09709,0.24870,0.1924
depth,hoi4d,ZY20210800004_H4_C4_N08/S260_s05_T2_w3_f233,1,0.9482,1,0.01710,0.05633,0.06981,0.22300,0.6180
depth,hoi4d,ZY20210800004_H4_C4_N10/S254_s03_T1_w0_f056,0,0.0434,1,0.02258,0.08355,0.09912,0.22711,0.4373
depth,hoi4d,ZY20210800004_H4_C4_N10/S254_s03_T1_w1_f091,0,0.0462,1,0.00722,0.06019,0.06740,0.10713,0.2348
depth,hoi4d,ZY20210800004_H4_C4_N10/S254_s03_T1_w2_f194,0,0.0397,1,0.02632,0.01539,0.01741,0.10124,0.5520
depth,hoi4d,ZY20210800004_H4_C4_N10/S260_s05_T2_w0_f058,1,0.9519,1,0.01146,0.08349,0.09103,0.21733,0.1516
depth,hoi4d,ZY20210800004_H4_C4_N10/S260_s05_T2_w1_f090,0,0.0448,1,0.01350,0.03856,0.04169,0.22355,0.3755
depth,hoi4d,ZY20210800004_H4_C4_N10/S260_s05_T2_w2_f199,1,0.9461,1,0.02022,0.06570,0.04679,0.20776,0.5360
depth,hoi4d,ZY20210800004_H4_C4_N10/S260_s05_T2_w3_f236,1,0.9496,1,0.01150,0.08203,0.08801,0.20778,0.6024
depth,hoi4d,ZY20210800004_H4_C4_N40/S217_s03_T3_w2_f110,0,0.0443,1,0.01301,0.07990,0.09097,0.09106,0.6286
depth,hoi4d,ZY20210800004_H4_C4_N40/S257_s05_T2_w0_f060,1,0.9573,1,0.04207,0.14611,0.10753,0.20982,0.1484
depth,hoi4d,ZY20210800004_H4_C4_N40/S257_s05_T2_w1_f091,1,0.9489,1,0.00366,0.01178,0.01405,0.29353,0.3094
depth,hoi4d,ZY20210800004_H4_C4_N40/S257_s05_T2_w2_f195,1,0.9565,1,0.03026,0.07100,0.04081,0.18535,0.2127
depth,hoi4d,ZY20210800004_H4_C4_N40/S257_s05_T2_w3_f223,1,0.9487,1,0.00256,0.04637,0.04618,0.25318,0.4352
depth,hoi4d,ZY20210800004_H4_C4_N41/S217_s03_T3_w2_f116,0,0.0465,1,0.00420,0.06996,0.07389,0.19892,0.4209
depth,hoi4d,ZY20210800004_H4_C4_N41/S223_s01_T4_w2_f125,0,0.0526,1,0.01940,0.03819,0.05582,0.11991,0.5765
depth,hoi4d,ZY20210800004_H4_C4_N41/S260_s01_T2_w0_f064,1,0.9430,1,0.01413,0.14527,0.15911,0.37957,0.6727
depth,hoi4d,ZY20210800004_H4_C4_N41/S260_s01_T2_w1_f100,1,0.9449,1,0.01154,0.12964,0.13732,0.31875,0.6400
depth,hoi4d,ZY20210800004_H4_C4_N41/S260_s01_T2_w2_f209,1,0.9452,1,0.00941,0.19573,0.19305,0.38822,0.6432
depth,hoi4d,ZY20210800004_H4_C4_N41/S260_s01_T2_w3_f238,1,0.9537,1,0.00770,0.16712,0.17334,0.36802,0.7366
depth,hoi4d,ZY20210800004_H4_C4_N45/S217_s04_T3_w2_f123,0,0.0429,1,0.03837,0.02376,0.01675,0.17648,0.4210
depth,hoi4d,ZY20210800004_H4_C4_N45/S223_s02_T4_w2_f184,0,0.0480,1,0.01068,0.08469,0.09459,0.19678,0.5426
depth,hoi4d,ZY20210800004_H4_C4_N45/S260_s02_T2_w0_f054,0,0.0578,1,0.01772,0.10199,0.08442,0.33126,0.6541
depth,hoi4d,ZY20210800004_H4_C4_N45/S260_s02_T2_w1_f086,0,0.0550,1,0.01362,0.07720,0.08904,0.37442,0.5874
depth,hoi4d,ZY20210800004_H4_C4_N45/S260_s02_T2_w2_f197,1,0.9517,1,0.01019,0.13860,0.12913,0.33347,0.2561
depth,hoi4d,ZY20210800004_H4_C4_N45/S260_s02_T2_w3_f230,0,0.0500,1,0.02955,0.05900,0.08040,0.31522,0.0662
depth,hoi4d,ZY20210800004_H4_C6_N03/S249_s01_T2_w0_f060,1,0.9398,1,0.05239,0.03386,0.02360,0.08770,0.5278
depth,hoi4d,ZY20210800004_H4_C6_N03/S249_s01_T2_w1_f083,1,0.9427,1,0.01902,0.04344,0.02470,0.10035,0.6603
depth,hoi4d,ZY20210800004_H4_C6_N03/S249_s01_T2_w2_f199,1,0.9364,1,0.03890,0.05156,0.01737,0.09301,0.5511
depth,hoi4d,ZY20210800004_H4_C6_N03/S82_s02_T1_w0_f040,1,0.9407,1,0.01127,0.06078,0.04982,0.10332,0.5997
depth,hoi4d,ZY20210800004_H4_C6_N03/S82_s02_T1_w1_f099,1,0.9411,1,0.00613,0.01803,0.01201,0.10946,0.3755
depth,hoi4d,ZY20210800004_H4_C6_N03/S82_s02_T1_w2_f191,1,0.9375,1,0.01847,0.03969,0.03480,0.10038,0.6085
depth,hoi4d,ZY20210800004_H4_C6_N03/S82_s02_T1_w3_f229,1,0.9423,1,0.01146,0.03578,0.03925,0.11892,0.6982
depth,hoi4d,ZY20210800004_H4_C6_N03/S82_s02_T2_w0_f027,1,0.9405,1,0.02767,0.02352,0.01002,0.09522,0.7238
depth,hoi4d,ZY20210800004_H4_C6_N03/S82_s02_T2_w1_f074,1,0.9469,1,0.01806,0.01745,0.00218,0.10452,0.4343
depth,hoi4d,ZY20210800004_H4_C6_N03/S82_s02_T2_w2_f163,1,0.9391,1,0.01971,0.05975,0.04493,0.11491,0.6202
depth,hoi4d,ZY20210800004_H4_C6_N07/S249_s02_T2_w0_f061,1,0.9459,1,0.01063,0.02925,0.01931,0.12369,0.0039
depth,hoi4d,ZY20210800004_H4_C6_N07/S249_s02_T2_w1_f087,1,0.9451,1,0.01346,0.04974,0.03930,0.16665,0.4721
depth,hoi4d,ZY20210800004_H4_C6_N07/S249_s02_T2_w2_f197,1,0.9463,1,0.00956,0.02284,0.01525,0.13270,0.4995
depth,hoi4d,ZY20210800004_H4_C6_N07/S82_s04_T1_w0_f026,1,0.9428,1,0.01628,0.02925,0.04486,0.13166,0.3423
depth,hoi4d,ZY20210800004_H4_C6_N07/S82_s04_T1_w1_f079,1,0.9458,1,0.01705,0.03348,0.02388,0.07722,0.2575
depth,hoi4d,ZY20210800004_H4_C6_N07/S82_s04_T1_w2_f150,1,0.9318,1,0.02963,0.03019,0.02139,0.11668,0.0641
depth,hoi4d,ZY20210800004_H4_C6_N07/S82_s04_T1_w3_f217,1,0.9485,1,0.01299,0.07772,0.06685,0.09758,0.0254
depth,hoi4d,ZY20210800004_H4_C6_N07/S82_s04_T2_w0_f024,1,0.9505,1,0.01462,0.04309,0.03663,0.21582,0.0285
depth,hoi4d,ZY20210800004_H4_C6_N07/S82_s04_T2_w1_f082,1,0.9515,1,0.02518,0.05535,0.03585,0.04776,0.4985
depth,hoi4d,ZY20210800004_H4_C6_N07/S82_s04_T2_w2_f133,1,0.9446,1,0.01043,0.01835,0.00928,0.14900,0.0873
depth,hoi4d,ZY20210800004_H4_C6_N09/S249_s03_T2_w0_f050,1,0.9411,1,0.01323,0.01820,0.02623,0.11829,0.5551
depth,hoi4d,ZY20210800004_H4_C6_N09/S249_s03_T2_w1_f072,1,0.9424,1,0.01884,0.02587,0.01499,0.10933,0.4082
depth,hoi4d,ZY20210800004_H4_C6_N09/S249_s03_T2_w2_f174,1,0.9411,1,0.01370,0.02672,0.03214,0.11286,0.7614
depth,hoi4d,ZY20210800004_H4_C6_N09/S82_s05_T1_w0_f033,1,0.9566,1,0.01881,0.12069,0.10242,0.22321,0.1325
depth,hoi4d,ZY20210800004_H4_C6_N09/S82_s05_T1_w1_f104,1,0.9458,1,0.00258,0.00900,0.00756,0.10775,0.4925
depth,hoi4d,ZY20210800004_H4_C6_N09/S82_s05_T1_w2_f177,1,0.9388,1,0.01070,0.02307,0.01237,0.15628,0.7163
depth,hoi4d,ZY20210800004_H4_C6_N09/S82_s05_T1_w3_f221,1,0.9446,1,0.01107,0.04270,0.04392,0.17196,0.5954
depth,hoi4d,ZY20210800004_H4_C6_N21/S250_s01_T3_w2_f112,1,0.9493,1,0.01323,0.07207,0.07232,0.26180,0.6820
depth,hoi4d,ZY20210800004_H4_C6_N21/S250_s01_T3_w3_f212,1,0.9359,1,0.01959,0.05148,0.06105,0.20480,0.7797
depth,hoi4d,ZY20210800004_H4_C6_N21/S250_s01_T3_w4_f239,1,0.9477,1,0.01235,0.03531,0.03726,0.22855,0.6245
depth,hoi4d,ZY20210800004_H4_C6_N54/S378_s01_T1_w0_f049,1,0.9523,1,0.00328,0.03970,0.04063,0.14578,0.6296
depth,hoi4d,ZY20210800004_H4_C6_N54/S378_s01_T1_w1_f120,1,0.9491,1,0.01510,0.08179,0.07220,0.17138,0.5718
depth,hoi4d,ZY20210800004_H4_C6_N54/S378_s01_T1_w2_f147,1,0.9440,1,0.01766,0.03538,0.02709,0.27115,0.5733
depth,hoi4d,ZY20210800004_H4_C6_N54/S378_s01_T1_w3_f227,1,0.9473,1,0.01438,0.07588,0.06485,0.10999,0.5922
depth,hoi4d,ZY20210800004_H4_C6_N54/S378_s01_T1_w4_f245,1,0.9434,1,0.00709,0.07294,0.07284,0.18562,0.5226
depth,hoi4d,ZY20210800004_H4_C6_N54/S378_s02_T2_w0_f041,1,0.9458,1,0.00403,0.01688,0.01812,0.14643,0.4807
depth,hoi4d,ZY20210800004_H4_C6_N54/S378_s02_T2_w1_f111,1,0.9435,1,0.00766,0.03272,0.02606,0.14232,0.5566
depth,hoi4d,ZY20210800004_H4_C6_N54/S378_s02_T2_w2_f136,1,0.9450,1,0.01840,0.06405,0.05001,0.22430,0.6140
depth,hoi4d,ZY20210800004_H4_C6_N54/S378_s02_T2_w3_f204,1,0.9470,1,0.00375,0.01723,0.01904,0.13284,0.5242
depth,hoi4d,ZY20210800004_H4_C6_N54/S378_s03_T3_w2_f101,1,0.9452,1,0.01156,0.07487,0.07800,0.20109,0.6286
depth,hoi4d,ZY20210800004_H4_C6_N54/S378_s03_T3_w3_f197,1,0.9488,1,0.02362,0.10599,0.08369,0.17643,0.6345
depth,hoi4d,ZY20210800004_H4_C6_N54/S378_s03_T3_w4_f221,1,0.9457,1,0.00848,0.04079,0.03327,0.17766,0.5798
depth,hoi4d,ZY20210800004_H4_C6_N54/S378_s04_T1_w0_f043,1,0.9437,1,0.02060,0.02369,0.01124,0.11964,0.6841
depth,hoi4d,ZY20210800004_H4_C6_N54/S378_s04_T1_w1_f110,1,0.9397,1,0.01223,0.02041,0.00957,0.14072,0.5706
depth,hoi4d,ZY20210800004_H4_C6_N54/S378_s04_T1_w2_f132,1,0.9474,1,0.00870,0.05698,0.04874,0.20475,0.4970
depth,hoi4d,ZY20210800004_H4_C6_N54/S378_s04_T1_w3_f219,1,0.9410,1,0.00750,0.02443,0.01752,0.13177,0.5718
depth,hoi4d,ZY20210800004_H4_C6_N54/S378_s04_T1_w4_f242,1,0.9474,1,0.00321,0.04148,0.03827,0.20808,0.5780
depth,hoi4d,ZY20210800004_H4_C6_N54/S378_s05_T2_w0_f036,1,0.9442,1,0.00712,0.07605,0.07226,0.18992,0.8474
depth,hoi4d,ZY20210800004_H4_C6_N54/S378_s05_T2_w1_f116,1,0.9446,1,0.01355,0.13648,0.13607,0.17134,0.6015
depth,hoi4d,ZY20210800004_H4_C6_N54/S378_s05_T2_w2_f135,1,0.9471,1,0.03215,0.12976,0.09761,0.21021,0.5978
depth,hoi4d,ZY20210800004_H4_C6_N54/S378_s05_T2_w3_f202,1,0.9468,1,0.01844,0.05416,0.06503,0.20335,0.6700
depth,epic,P01_03/P01_03_27,1,0.3443,0,0.44651,0.38827,0.08251,0.13015,0.3540
depth,epic,P01_03/P01_03_4,1,0.9466,1,0.10123,0.09613,0.09361,0.07831,0.0653
depth,epic,P02_07/P02_07_25,1,0.9563,1,0.03537,0.02932,0.04475,0.11056,0.2413
depth,epic,P02_07/P02_07_47,0,0.0481,1,0.00979,0.30562,0.29616,0.11935,0.4024
depth,epic,P02_09/P02_09_153,0,0.0439,1,0.14499,0.10131,0.21856,0.02569,0.1178
depth,epic,P02_09/P02_09_163,1,0.9487,1,0.00156,0.31542,0.31506,0.47562,0.2445
depth,epic,P02_09/P02_09_168,1,0.9079,1,0.58519,0.27608,0.49081,0.98178,0.1981
depth,epic,P02_09/P02_09_187,1,0.9445,1,0.05115,0.06834,0.03887,0.22291,0.0543
depth,epic,P02_09/P02_09_20,0,0.0480,1,0.00680,0.09500,0.10173,0.39649,0.0848
depth,epic,P02_09/P02_09_262,0,0.0469,1,0.02703,0.06046,0.06751,0.40130,0.3758
depth,epic,P02_09/P02_09_277,1,0.9431,1,0.04378,0.27666,0.26325,0.32539,0.0211
depth,epic,P02_09/P02_09_387,0,0.0490,1,0.02122,0.02619,0.04401,0.39953,0.2732
depth,epic,P02_121/P02_121_43,0,0.0332,1,0.06770,0.12298,0.17912,0.23546,0.0864
depth,epic,P02_121/P02_121_44,0,0.0485,1,0.03744,0.16864,0.18103,0.29746,0.2557
depth,epic,P02_121/P02_121_45,0,0.0540,1,0.03989,0.16631,0.20400,0.10288,0.2682
depth,epic,P02_121/P02_121_57,0,0.0346,1,0.07609,0.06142,0.13740,0.31572,0.0407
depth,epic,P02_121/P02_121_58,0,0.0376,1,0.32549,0.31885,0.07058,0.36960,0.0135
depth,epic,P02_121/P02_121_95,1,0.9219,1,0.00878,0.31179,0.31248,0.48953,0.0292
depth,epic,P04_33/P04_33_18,0,0.0485,1,0.01857,0.41024,0.42815,0.70253,0.0000
depth,epic,P06_05/P06_05_125,1,0.9154,1,0.03441,0.08378,0.11812,0.05660,0.0141
depth,epic,P06_05/P06_05_138,1,0.9278,1,0.08634,0.30810,0.28820,0.50284,0.1961
depth,epic,P06_05/P06_05_176,1,0.9219,1,0.02132,0.09677,0.08962,0.11363,0.0000
depth,epic,P06_05/P06_05_215,1,0.9377,1,0.00639,0.17467,0.17305,0.38133,0.0150
depth,epic,P06_05/P06_05_48,1,0.9230,1,0.02112,0.14239,0.12805,0.18670,0.0000
depth,epic,P06_05/P06_05_59,1,0.9259,1,0.01335,0.14751,0.15793,1.27586,0.0840
depth,epic,P08_17/P08_17_117,1,0.9388,1,0.26103,0.23761,0.03850,0.10189,0.2612
depth,epic,P08_17/P08_17_99,0,0.0481,1,0.10489,0.04323,0.12245,0.04744,0.0820
depth,epic,P11_103/P11_103_45,0,0.0387,1,0.05403,0.06280,0.11385,0.26630,0.0735
depth,epic,P11_103/P11_103_64,0,0.0560,1,0.02003,0.08167,0.06939,0.19385,0.0521
depth,epic,P11_103/P11_103_66,0,0.0603,1,0.03629,0.10395,0.06893,0.19379,0.0464
depth,epic,P11_104/P11_104_186,0,0.0410,1,0.07591,0.06929,0.05843,0.13022,0.0030
depth,epic,P11_104/P11_104_96,0,0.0528,1,0.03446,0.08924,0.08913,0.37328,0.4801
depth,epic,P12_02/P12_02_127,1,0.9288,1,0.04900,0.09767,0.09287,0.23464,0.4545
depth,epic,P12_02/P12_02_18,0,0.0556,1,0.03880,0.13568,0.16681,0.49117,0.0566
depth,epic,P18_02/P18_02_26,1,0.9522,1,0.06916,0.13552,0.06810,0.11119,0.0000
depth,epic,P18_02/P18_02_28,1,0.9409,1,0.03379,0.13307,0.14975,0.10737,0.0618
depth,epic,P20_03/P20_03_15,1,0.9539,1,0.07930,0.19452,0.27324,0.19491,0.4626
depth,epic,P20_03/P20_03_54,1,0.9596,1,0.10742,0.77928,0.67324,0.92977,0.0545
depth,epic,P22_107/P22_107_148,0,0.0483,1,0.01220,0.10949,0.10120,0.18662,0.1687
depth,epic,P22_107/P22_107_225,0,0.0563,1,0.01310,0.05435,0.06561,0.27988,0.0883
depth,epic,P22_107/P22_107_226,0,0.0419,1,0.01101,0.12102,0.11077,0.36535,0.0421
depth,epic,P22_107/P22_107_227,0,0.0575,1,0.07381,0.08102,0.00995,0.23385,0.6984
depth,epic,P22_107/P22_107_39,0,0.0513,1,0.04398,0.17981,0.15215,0.35505,0.1854
depth,epic,P22_107/P22_107_50,1,0.9412,1,0.01323,0.13241,0.13479,0.17729,0.0202
depth,epic,P22_107/P22_107_55,1,0.9324,1,0.04611,0.41648,0.46194,0.48957,0.2789
depth,epic,P24_05/P24_05_109,1,0.9473,1,0.01290,0.18121,0.19399,0.37157,0.1865
depth,epic,P24_05/P24_05_48,1,0.9489,1,0.01726,0.49653,0.48454,0.46600,0.0972
depth,epic,P24_08/P24_08_113,1,0.9518,1,0.01724,0.42157,0.40435,0.58062,0.1554
depth,epic,P24_08/P24_08_168,1,0.9479,1,0.14826,0.20367,0.08776,0.30532,0.2790
depth,epic,P24_08/P24_08_174,1,0.9502,1,0.02313,0.55862,0.53835,0.52063,0.0852
depth,epic,P24_08/P24_08_30,1,0.9573,1,0.03014,0.24789,0.26786,0.74755,0.2430
depth,epic,P24_08/P24_08_77,1,0.9554,1,0.03199,0.33660,0.30752,0.71785,0.1635
depth,epic,P30_101/P30_101_263,0,0.0459,1,0.04639,0.05361,0.02284,0.04962,0.6555
depth,arctic,s01_capsulemachine/capsulemachine_use_01_s00_f00146,1,0.9472,1,0.20164,0.26296,0.29522,0.48633,0.7028
depth,arctic,s01_capsulemachine/capsulemachine_use_01_s02_f00331,1,0.9451,1,0.11424,0.16959,0.05910,0.08568,0.4741
depth,arctic,s01_capsulemachine/capsulemachine_use_01_s03_f00435,1,0.9583,1,0.01243,0.14143,0.14071,0.26996,0.1474
depth,arctic,s01_capsulemachine/capsulemachine_use_01_s04_f00653,1,0.9445,1,0.09026,0.20260,0.17049,0.26949,0.5406
depth,arctic,s01_capsulemachine/capsulemachine_use_01_s05_f00666,1,0.9404,1,0.20541,0.19272,0.37653,0.33974,0.5262
depth,arctic,s01_capsulemachine/capsulemachine_use_02_s00_f00141,1,0.9559,1,0.09836,0.26585,0.18054,0.10673,0.7360
depth,arctic,s01_capsulemachine/capsulemachine_use_02_s01_f00181,1,0.9504,1,0.05594,0.18412,0.13561,0.19119,0.1117
depth,arctic,s01_capsulemachine/capsulemachine_use_02_s02_f00197,1,0.9494,1,0.06576,0.03986,0.02595,0.25692,0.3309
depth,arctic,s01_capsulemachine/capsulemachine_use_02_s03_f00280,1,0.9447,1,0.06433,0.06600,0.09991,0.22667,0.6417
depth,arctic,s01_capsulemachine/capsulemachine_use_02_s04_f00298,1,0.9509,1,0.02878,0.16359,0.14237,0.25017,0.5903
depth,arctic,s01_capsulemachine/capsulemachine_use_02_s05_f00400,1,0.9386,1,0.08228,0.32547,0.25133,0.13961,0.4444
depth,arctic,s01_capsulemachine/capsulemachine_use_02_s06_f00416,1,0.9622,1,0.10803,0.17296,0.16039,0.20410,0.3292
depth,arctic,s01_capsulemachine/capsulemachine_use_02_s07_f00496,1,0.9451,1,0.06194,0.11962,0.13540,0.12413,0.6767
depth,arctic,s01_capsulemachine/capsulemachine_use_02_s08_f00512,1,0.9435,1,0.04764,0.17294,0.15098,0.12792,0.2026
depth,arctic,s01_scissors/scissors_use_01_s00_f00203,1,0.9266,1,0.22368,0.20635,0.01733,0.05680,0.4367
depth,arctic,s01_scissors/scissors_use_01_s01_f00243,1,0.9411,1,0.09437,0.12177,0.04125,0.01784,0.4084
depth,arctic,s01_scissors/scissors_use_01_s02_f00257,1,0.9322,1,0.01675,0.06278,0.04832,0.03873,0.2471
depth,arctic,s01_scissors/scissors_use_01_s03_f00280,1,0.9518,1,0.12218,0.13736,0.02233,0.01076,0.3240
depth,arctic,s01_scissors/scissors_use_01_s04_f00329,1,0.9538,1,0.02291,0.00907,0.02934,0.03810,0.3921
depth,arctic,s01_scissors/scissors_use_01_s05_f00347,1,0.9417,1,0.02126,0.05492,0.03367,0.02371,0.4410
depth,arctic,s01_scissors/scissors_use_01_s06_f00391,1,0.9545,1,0.01314,0.03394,0.02310,0.03011,0.3748
depth,arctic,s01_scissors/scissors_use_01_s07_f00433,1,0.9479,1,0.00980,0.04327,0.03375,0.04198,0.2553
depth,arctic,s01_scissors/scissors_use_01_s08_f00487,1,0.9413,1,0.02174,0.06627,0.04456,0.04764,0.3610
depth,arctic,s01_scissors/scissors_use_01_s09_f00525,1,0.9350,1,0.02271,0.02611,0.01596,0.01975,0.2521
depth,arctic,s01_scissors/scissors_use_01_s10_f00543,1,0.9475,1,0.19078,0.20948,0.03194,0.04139,0.3419
depth,arctic,s01_scissors/scissors_use_01_s11_f00564,1,0.9366,1,0.02845,0.00901,0.02123,0.01744,0.3457
depth,arctic,s01_scissors/scissors_use_01_s12_f00595,1,0.9399,1,0.02535,0.06209,0.04184,0.02540,0.3390
depth,arctic,s01_scissors/scissors_use_01_s13_f00628,1,0.9364,1,0.03185,0.06686,0.03530,0.02186,0.2418
depth,arctic,s01_scissors/scissors_use_01_s14_f00672,1,0.9483,1,0.20129,0.18032,0.16348,0.24613,0.4852
depth,arctic,s01_scissors/scissors_use_02_s00_f00053,1,0.9369,1,0.02966,0.03738,0.04413,0.03162,0.4260
depth,arctic,s01_scissors/scissors_use_02_s01_f00086,1,0.9526,1,0.01374,0.10751,0.09785,0.10446,0.3909
depth,arctic,s01_scissors/scissors_use_02_s02_f00116,1,0.9576,1,0.05518,0.07964,0.03555,0.05125,0.2580
depth,arctic,s01_scissors/scissors_use_02_s03_f00138,1,0.9547,1,0.12365,0.14809,0.02590,0.03982,0.3820
depth,arctic,s01_scissors/scissors_use_02_s04_f00151,1,0.9503,1,0.05561,0.08054,0.08091,0.06826,0.3027
depth,arctic,s01_scissors/scissors_use_02_s05_f00187,1,0.9516,1,0.02776,0.03055,0.04520,0.06351,0.1650
depth,arctic,s01_scissors/scissors_use_02_s06_f00224,1,0.9545,1,0.03934,0.02947,0.02539,0.03489,0.2777
depth,arctic,s01_scissors/scissors_use_02_s07_f00258,1,0.9416,1,0.03660,0.05232,0.01580,0.07423,0.3503
depth,arctic,s01_scissors/scissors_use_02_s08_f00298,1,0.9457,1,0.00643,0.03838,0.03290,0.03882,0.3174
depth,arctic,s01_scissors/scissors_use_02_s09_f00326,1,0.9550,1,0.02102,0.13245,0.12221,0.13581,0.2748
depth,arctic,s01_scissors/scissors_use_02_s10_f00409,1,0.9576,1,0.03726,0.06838,0.03627,0.05419,0.3683
depth,arctic,s01_scissors/scissors_use_02_s11_f00435,1,0.9528,1,0.03895,0.08530,0.04954,0.05257,0.3681
depth,arctic,s01_scissors/scissors_use_02_s12_f00475,1,0.9326,1,0.01755,0.00379,0.02044,0.04406,0.4136
depth,arctic,s01_scissors/scissors_use_02_s13_f00525,1,0.9556,1,0.00907,0.03174,0.02663,0.03747,0.4022
depth,arctic,s01_scissors/scissors_use_02_s14_f00570,1,0.9536,1,0.02456,0.05080,0.06618,0.07685,0.4237
depth,arctic,s01_scissors/scissors_use_02_s15_f00591,1,0.9468,1,0.05108,0.18844,0.23923,0.24878,0.4282
depth,arctic,s01_waffleiron/waffleiron_use_01_s00_f00100,1,0.9461,1,0.08638,0.40954,0.35344,1.00358,0.3247
depth,arctic,s01_waffleiron/waffleiron_use_01_s01_f00146,1,0.9617,1,0.15385,0.14908,0.14294,1.05150,0.0000
depth,arctic,s01_waffleiron/waffleiron_use_01_s02_f00253,1,0.9517,1,0.09067,0.50596,0.46092,1.05828,0.1530
depth,arctic,s01_waffleiron/waffleiron_use_01_s03_f00290,1,0.9597,1,0.03450,0.13127,0.14795,0.56106,0.2602
depth,arctic,s01_waffleiron/waffleiron_use_01_s04_f00355,1,0.9511,1,0.21215,0.52946,0.32108,0.21515,0.0325
depth,arctic,s01_waffleiron/waffleiron_use_01_s05_f00382,1,0.9596,1,0.07027,0.05278,0.11595,1.00588,0.0374
depth,arctic,s01_waffleiron/waffleiron_use_01_s06_f00441,1,0.9369,1,0.02495,0.89483,0.87952,1.37178,0.1285
depth,arctic,s01_waffleiron/waffleiron_use_01_s07_f00479,1,0.9413,1,0.13579,0.34809,0.37102,1.15207,0.0000
depth,arctic,s01_waffleiron/waffleiron_use_02_s00_f00112,1,0.9504,1,0.04502,0.77288,0.75217,0.91845,0.2112
depth,arctic,s01_waffleiron/waffleiron_use_02_s01_f00140,1,0.9477,1,0.11782,0.43683,0.47097,0.93699,0.0000
depth,arctic,s01_waffleiron/waffleiron_use_02_s02_f00224,1,0.9504,1,0.02833,0.05142,0.07736,0.94284,0.1529
depth,arctic,s01_waffleiron/waffleiron_use_02_s03_f00261,1,0.9571,1,0.32115,0.45633,0.68892,0.80742,0.0000
depth,arctic,s01_waffleiron/waffleiron_use_02_s04_f00340,1,0.9590,1,0.10035,0.04526,0.06481,0.21957,0.1900
depth,arctic,s01_waffleiron/waffleiron_use_02_s05_f00372,1,0.9477,1,0.18608,0.24718,0.35933,0.10569,0.0000
depth,arctic,s01_waffleiron/waffleiron_use_02_s06_f00389,1,0.9498,1,0.06734,0.18676,0.11997,0.68779,0.2367
depth,arctic,s01_waffleiron/waffleiron_use_02_s07_f00442,1,0.9339,1,0.05429,0.33992,0.31163,0.16666,0.2222
depth,arctic,s01_waffleiron/waffleiron_use_02_s08_f00493,1,0.9414,1,0.05031,0.44290,0.48118,0.32015,0.2741
depth,arctic,s01_waffleiron/waffleiron_use_02_s09_f00531,1,0.9470,1,0.69898,0.19268,0.86334,1.05793,0.0000
depth,arctic,s02_laptop/laptop_use_01_s00_f00113,1,0.9485,1,0.01416,0.71967,0.72657,1.40456,0.1220
depth,arctic,s02_laptop/laptop_use_01_s02_f00318,1,0.9473,1,0.01988,1.98182,1.99881,2.78283,0.0863
depth,arctic,s02_laptop/laptop_use_02_s00_f00064,1,0.9467,1,0.05306,0.16508,0.15998,0.65014,0.4165
depth,arctic,s02_laptop/laptop_use_02_s01_f00207,1,0.9570,1,0.02319,0.22421,0.22351,0.80401,0.2392
depth,arctic,s02_laptop/laptop_use_02_s02_f00317,1,0.9521,1,0.04266,0.16368,0.16015,0.79799,0.2606
depth,arctic,s02_laptop/laptop_use_02_s03_f00443,1,0.9647,1,0.01472,0.17060,0.18161,0.79286,0.2881
depth,arctic,s02_laptop/laptop_use_02_s04_f00573,1,0.9466,1,0.14910,0.29059,0.28177,0.81055,0.3218
depth,arctic,s04_laptop/laptop_use_01_s00_f00049,1,0.9473,1,0.01087,0.17795,0.18012,0.70316,0.2225
depth,arctic,s04_laptop/laptop_use_01_s01_f00080,1,0.9575,1,0.03608,0.15517,0.15654,0.74786,0.1349
depth,arctic,s04_laptop/laptop_use_01_s02_f00176,1,0.9484,1,0.01378,0.23510,0.22183,0.78363,0.1648
depth,arctic,s04_laptop/laptop_use_01_s04_f00285,1,0.9516,1,0.42071,0.45742,0.20842,0.59878,0.2319
depth,arctic,s04_laptop/laptop_use_01_s05_f00577,1,0.9583,1,0.00623,0.31724,0.31254,0.68810,0.1649
depth,arctic,s04_laptop/laptop_use_01_s06_f00659,1,0.9556,1,0.02095,0.60796,0.62729,1.28006,0.0731
depth,arctic,s04_laptop/laptop_use_02_s00_f00053,1,0.9531,1,0.23166,0.30868,0.26586,0.64224,0.3411
depth,arctic,s04_laptop/laptop_use_02_s01_f00099,1,0.9641,1,0.52557,0.45582,0.31188,0.64771,0.3608
depth,arctic,s04_laptop/laptop_use_02_s02_f00175,1,0.9462,1,0.00441,0.29842,0.29852,0.75523,0.1883
depth,arctic,s04_laptop/laptop_use_02_s04_f00331,1,0.9520,1,0.03616,0.45778,0.48906,1.06535,0.0974
depth,arctic,s05_box/box_use_01_s00_f00120,1,0.9380,1,0.04213,0.30822,0.34880,1.34839,0.0336
depth,arctic,s05_box/box_use_01_s02_f00344,1,0.9484,1,0.14397,0.20465,0.16166,0.41425,0.3449
depth,arctic,s05_box/box_use_01_s03_f00384,1,0.9531,1,0.04134,0.40993,0.44029,0.12775,0.5985
depth,arctic,s05_box/box_use_01_s04_f00413,1,0.9503,1,0.04942,0.33034,0.31889,0.30436,0.2834
depth,arctic,s05_box/box_use_01_s05_f00459,1,0.9533,1,0.02980,0.09907,0.08713,0.83883,0.3928
depth,arctic,s05_box/box_use_01_s06_f00519,1,0.9342,1,0.03475,0.08965,0.07211,0.58346,0.0242
depth,arctic,s05_box/box_use_01_s07_f00576,1,0.9508,1,0.01090,0.07507,0.07772,0.62939,0.3732
depth,arctic,s05_box/box_use_02_s00_f00119,1,0.9470,1,0.01439,0.28623,0.27368,1.36134,0.0464
depth,arctic,s05_box/box_use_02_s02_f00306,1,0.9490,1,0.02841,0.41206,0.43094,0.69057,0.0227
depth,arctic,s05_box/box_use_02_s04_f00492,1,0.9499,1,0.22911,0.29842,0.17000,0.43832,0.1719
depth,arctic,s05_box/box_use_02_s05_f00523,1,0.9502,1,0.13628,0.11565,0.16069,0.47311,0.7620
depth,arctic,s06_notebook/notebook_use_01_s00_f00042,1,0.9455,1,0.07789,0.18027,0.24510,0.06061,0.5455
depth,arctic,s06_notebook/notebook_use_01_s01_f00063,1,0.9505,1,0.24854,0.11770,0.26495,0.27815,0.4337
depth,arctic,s06_notebook/notebook_use_01_s02_f00092,1,0.9511,1,0.12169,0.14941,0.03414,0.10426,0.6532
depth,arctic,s06_notebook/notebook_use_01_s03_f00127,1,0.9511,1,0.22275,0.11469,0.11796,0.05330,0.5149
depth,arctic,s06_notebook/notebook_use_01_s04_f00258,1,0.9545,1,0.04571,0.04916,0.08646,0.25230,0.6688
depth,arctic,s06_notebook/notebook_use_01_s05_f00302,1,0.9446,1,0.01283,0.13939,0.12919,0.06512,0.6685
depth,arctic,s06_notebook/notebook_use_01_s06_f00325,1,0.9574,1,0.04359,0.06866,0.06543,0.09145,0.8314
depth,arctic,s06_notebook/notebook_use_01_s07_f00422,1,0.9492,1,0.00955,0.16524,0.16603,0.23814,0.2987
depth,arctic,s06_notebook/notebook_use_01_s08_f00439,1,0.9597,1,0.02471,0.14333,0.13781,0.22576,0.7936
depth,arctic,s06_notebook/notebook_use_01_s09_f00546,1,0.9342,1,0.01342,0.13204,0.14161,0.03557,0.5840
depth,arctic,s06_notebook/notebook_use_01_s10_f00568,1,0.9571,1,0.05276,0.12590,0.07426,0.11178,0.7779
depth,arctic,s06_notebook/notebook_use_02_s00_f00042,1,0.9354,1,0.09972,0.05556,0.14277,0.10856,0.7534
depth,arctic,s06_notebook/notebook_use_02_s01_f00084,1,0.9501,1,0.15026,0.11555,0.11096,0.04692,0.5563
depth,arctic,s06_notebook/notebook_use_02_s02_f00130,1,0.9542,1,0.05163,0.06462,0.11557,0.12815,0.7192
depth,arctic,s06_notebook/notebook_use_02_s03_f00183,1,0.9364,1,0.13117,0.02074,0.15184,0.08044,0.7886
depth,arctic,s06_notebook/notebook_use_02_s04_f00210,1,0.9552,1,0.06591,0.11741,0.05164,0.13548,0.7325
depth,arctic,s06_notebook/notebook_use_02_s05_f00311,1,0.9532,1,0.08780,0.26255,0.17889,0.10667,0.0000
depth,arctic,s06_notebook/notebook_use_02_s06_f00330,1,0.9571,1,0.05983,0.13350,0.08865,0.08392,0.8129
depth,arctic,s06_notebook/notebook_use_02_s07_f00402,1,0.9379,1,0.29586,0.09759,0.21326,0.07636,0.7279
depth,arctic,s06_notebook/notebook_use_02_s08_f00465,1,0.9553,1,0.02518,0.13850,0.11342,0.20512,0.6996
depth,arctic,s06_phone/phone_use_01_s00_f00071,1,0.9680,1,0.03510,0.15607,0.12451,0.08592,0.5573
depth,arctic,s06_phone/phone_use_01_s01_f00115,1,0.9573,1,0.01037,0.04877,0.03842,0.39361,0.4071
depth,arctic,s06_phone/phone_use_01_s02_f00153,1,0.9585,1,0.29292,0.45549,0.16681,0.11540,0.2775
depth,arctic,s06_phone/phone_use_01_s03_f00207,1,0.9575,1,0.16922,0.33050,0.16574,0.36566,0.0786
depth,arctic,s06_phone/phone_use_01_s04_f00360,1,0.9626,1,0.01295,0.06192,0.05113,0.02716,0.7542
depth,arctic,s06_phone/phone_use_01_s05_f00458,1,0.9547,1,0.11020,0.15982,0.05800,0.20858,0.0353
depth,arctic,s06_phone/phone_use_01_s06_f00595,1,0.9574,1,0.18659,0.22412,0.05410,0.08399,0.2643
depth,arctic,s06_phone/phone_use_01_s07_f00660,1,0.9471,1,0.15849,0.35640,0.20610,0.31876,0.0599
depth,arctic,s06_phone/phone_use_02_s00_f00071,1,0.9616,1,0.01723,0.01961,0.00259,0.21518,0.5931
depth,arctic,s06_phone/phone_use_02_s01_f00104,1,0.9568,1,0.01269,0.15937,0.17197,0.22323,0.3817
depth,arctic,s06_phone/phone_use_02_s02_f00159,1,0.9457,1,0.02067,0.06932,0.06268,0.32937,0.6597
depth,arctic,s06_phone/phone_use_02_s03_f00228,1,0.9454,1,0.01739,0.02033,0.01203,0.24915,0.2921
depth,arctic,s06_phone/phone_use_02_s04_f00254,1,0.9610,1,0.01931,0.12702,0.13228,0.10602,0.7360
depth,arctic,s06_phone/phone_use_02_s05_f00312,1,0.9469,1,0.00924,0.08683,0.09593,0.25362,0.4381
depth,arctic,s06_phone/phone_use_02_s06_f00499,1,0.9565,1,0.01838,0.10324,0.12162,0.31597,0.6741
depth,arctic,s06_phone/phone_use_02_s07_f00579,1,0.9541,1,0.12127,0.27347,0.15281,0.35222,0.0471
depth,arctic,s07_laptop/laptop_use_01_s00_f00043,1,0.9494,1,0.27920,0.28026,0.26860,0.98701,0.4312
depth,arctic,s07_laptop/laptop_use_01_s01_f00198,1,0.9475,1,0.02198,0.45327,0.47452,0.60818,0.1616
depth,arctic,s07_laptop/laptop_use_01_s02_f00240,1,0.9412,1,0.03464,0.24787,0.28223,0.07212,0.0745
depth,arctic,s07_laptop/laptop_use_01_s03_f00306,1,0.9475,1,0.01811,0.29484,0.30001,0.72967,0.0509
depth,arctic,s07_laptop/laptop_use_01_s04_f00552,1,0.9577,1,0.03088,0.27729,0.24648,0.17527,0.0952
depth,arctic,s07_laptop/laptop_use_01_s05_f00590,1,0.9370,1,0.04269,0.31181,0.31434,0.02612,0.1112
depth,arctic,s07_laptop/laptop_use_01_s06_f00705,1,0.9538,1,0.00654,0.28318,0.28916,0.65505,0.1745
depth,arctic,s07_laptop/laptop_use_02_s00_f00040,1,0.9531,1,0.32255,0.34021,0.36308,0.97642,0.3469
depth,arctic,s07_laptop/laptop_use_02_s01_f00126,1,0.9548,1,0.01456,0.29187,0.30586,0.39089,0.2626
depth,arctic,s07_laptop/laptop_use_02_s02_f00234,1,0.9455,1,0.05393,0.62313,0.67618,1.36356,0.0748
depth,arctic,s07_laptop/laptop_use_02_s04_f00359,1,0.9608,1,0.05894,0.84603,0.79406,1.67583,0.1251
depth,arctic,s07_laptop/laptop_use_02_s05_f00478,1,0.9485,1,0.14781,0.21096,0.11890,0.70544,0.0552
depth,arctic,s07_laptop/laptop_use_02_s06_f00586,1,0.9483,1,0.02027,0.15892,0.14693,0.59483,0.3304
depth,arctic,s07_laptop/laptop_use_02_s07_f00648,1,0.9518,1,0.00465,0.22768,0.22733,0.65420,0.3654
depth,arctic,s07_microwave/microwave_use_01_s00_f00052,1,0.9412,1,0.01370,0.18751,0.20091,0.26351,0.3294
depth,arctic,s07_microwave/microwave_use_01_s01_f00074,1,0.9273,1,0.00968,0.08361,0.09167,0.24140,0.5002
depth,arctic,s07_microwave/microwave_use_01_s02_f00092,1,0.8028,1,0.01365,0.46752,0.46589,0.23071,0.3751
depth,arctic,s07_microwave/microwave_use_01_s03_f00110,1,0.9342,1,0.02270,0.10248,0.12508,0.16871,0.6045
depth,arctic,s07_microwave/microwave_use_01_s04_f00142,1,0.9483,1,0.01846,0.22938,0.21898,0.11696,0.6788
depth,arctic,s07_microwave/microwave_use_01_s05_f00160,1,0.9061,1,0.01975,0.13196,0.15167,0.26030,0.3796
depth,arctic,s07_microwave/microwave_use_01_s06_f00182,1,0.9408,1,0.03289,0.11845,0.08702,0.37155,0.7108
depth,arctic,s07_microwave/microwave_use_01_s07_f00225,1,0.9160,1,0.05370,0.16936,0.17636,0.25471,0.3476
depth,arctic,s07_microwave/microwave_use_01_s08_f00246,1,0.9426,1,0.01931,0.08105,0.07018,0.28772,0.4643
depth,arctic,s07_microwave/microwave_use_01_s09_f00272,1,0.9400,1,0.02684,0.23965,0.26496,0.30096,0.2446
depth,arctic,s07_microwave/microwave_use_01_s10_f00291,1,0.9231,1,0.02125,0.10790,0.12034,0.40873,0.3559
depth,arctic,s07_microwave/microwave_use_01_s11_f00367,1,0.9355,1,0.02391,0.20135,0.19279,0.28270,0.3998
depth,arctic,s07_microwave/microwave_use_01_s12_f00396,1,0.9349,1,0.02364,0.16376,0.15692,0.16160,0.5470
depth,arctic,s07_microwave/microwave_use_01_s13_f00420,1,0.9405,1,0.13165,0.08183,0.21251,0.21604,0.4016
depth,arctic,s07_microwave/microwave_use_01_s14_f00446,1,0.9244,1,0.30855,0.49745,0.21215,0.34606,0.0606
depth,arctic,s07_microwave/microwave_use_01_s15_f00498,1,0.9483,1,0.05262,0.29597,0.34049,0.33788,0.1578
depth,arctic,s07_microwave/microwave_use_01_s16_f00525,1,0.9552,1,0.04036,0.17641,0.20584,0.41946,0.3608
depth,arctic,s07_microwave/microwave_use_02_s00_f00098,1,0.9565,1,0.05305,0.37431,0.40267,0.44399,0.1746
depth,arctic,s07_microwave/microwave_use_02_s01_f00133,1,0.9350,1,0.02267,0.57342,0.55097,0.41501,0.2914
depth,arctic,s07_microwave/microwave_use_02_s02_f00169,1,0.9429,1,0.15322,0.17341,0.03334,0.08947,0.3690
depth,arctic,s07_microwave/microwave_use_02_s03_f00207,1,0.9467,1,0.01313,0.15544,0.15089,0.29754,0.3964
depth,arctic,s07_microwave/microwave_use_02_s04_f00230,1,0.9415,1,0.02408,0.07560,0.05224,0.26656,0.4554
depth,arctic,s07_microwave/microwave_use_02_s05_f00249,1,0.8547,1,0.04956,0.35786,0.36968,0.31784,0.4165
depth,arctic,s07_microwave/microwave_use_02_s06_f00270,1,0.9337,1,0.02678,0.04853,0.02912,0.28298,0.3755
depth,arctic,s07_microwave/microwave_use_02_s07_f00319,1,0.9371,1,0.03694,0.32895,0.35045,0.24221,0.3587
depth,arctic,s07_microwave/microwave_use_02_s08_f00338,1,0.9436,1,0.03522,0.36765,0.40284,0.25479,0.3572
depth,arctic,s07_microwave/microwave_use_02_s09_f00375,1,0.9335,1,0.00375,0.16349,0.16053,0.18809,0.4500
depth,arctic,s07_microwave/microwave_use_02_s10_f00395,1,0.9364,1,0.05150,0.27848,0.31802,0.24303,0.5364
depth,arctic,s07_microwave/microwave_use_02_s11_f00499,1,0.9602,1,0.16633,0.39090,0.30622,0.37786,0.0314
depth,arctic,s07_microwave/microwave_use_02_s12_f00523,1,0.6461,1,0.30816,0.55853,0.36362,0.29300,0.0000
depth,arctic,s07_microwave/microwave_use_02_s13_f00553,1,0.9431,1,0.02643,0.15889,0.13275,0.20074,0.7341
depth,arctic,s07_notebook/notebook_use_01_s02_f00187,1,0.9445,1,0.05220,0.10477,0.10604,0.09261,0.2094
depth,arctic,s07_notebook/notebook_use_01_s03_f00215,1,0.9470,1,0.28426,0.38758,0.10830,0.11575,0.2965
depth,arctic,s07_notebook/notebook_use_01_s04_f00276,1,0.9530,1,0.07166,0.20411,0.16061,0.63725,0.3503
depth,arctic,s07_notebook/notebook_use_01_s05_f00370,1,0.9459,1,0.10459,0.05321,0.08142,0.06232,0.2220
depth,arctic,s07_notebook/notebook_use_01_s06_f00459,1,0.9530,1,0.03440,0.50005,0.47021,0.54202,0.1527
depth,arctic,s07_notebook/notebook_use_01_s07_f00492,1,0.9533,1,0.03338,0.20230,0.23107,0.50224,0.0829
depth,arctic,s07_notebook/notebook_use_01_s08_f00557,1,0.9465,1,0.01342,0.24532,0.24741,0.47243,0.4933
depth,arctic,s07_notebook/notebook_use_02_s00_f00038,1,0.9501,1,0.13804,0.25941,0.14601,0.24096,0.7217
depth,arctic,s07_notebook/notebook_use_02_s01_f00087,1,0.9538,1,0.14192,0.17982,0.30934,0.40205,0.7411
depth,arctic,s07_notebook/notebook_use_02_s02_f00170,1,0.9515,1,0.07275,0.28269,0.25454,0.48490,0.3381
depth,arctic,s07_notebook/notebook_use_02_s04_f00273,1,0.9448,1,0.09661,0.12864,0.04087,0.08415,0.0820
depth,arctic,s07_notebook/notebook_use_02_s05_f00302,1,0.9533,1,0.14287,0.16849,0.11705,0.13828,0.3499
depth,arctic,s07_notebook/notebook_use_02_s07_f00386,1,0.9566,1,0.19947,0.14767,0.34357,0.37867,0.3379
depth,arctic,s07_notebook/notebook_use_02_s08_f00445,1,0.9404,1,0.09573,0.08993,0.12697,0.18442,0.4581
depth,arctic,s07_notebook/notebook_use_02_s09_f00472,1,0.9546,1,0.09238,0.06472,0.08445,0.12716,0.3537
depth,arctic,s07_notebook/notebook_use_02_s10_f00592,1,0.9490,1,0.03369,0.20475,0.23418,0.11283,0.3357
depth,arctic,s07_phone/phone_use_01_s00_f00093,1,0.9536,1,0.03086,0.17867,0.15426,0.49249,0.7220
depth,arctic,s07_phone/phone_use_01_s01_f00162,1,0.9405,1,0.07558,0.09302,0.12304,0.26244,0.2377
depth,arctic,s07_phone/phone_use_01_s02_f00252,1,0.9555,1,0.02046,0.20911,0.22904,0.29621,0.3506
depth,arctic,s07_phone/phone_use_01_s03_f00339,1,0.9452,1,0.03165,0.19887,0.21645,0.40689,0.4137
depth,arctic,s07_phone/phone_use_01_s04_f00417,1,0.9435,1,0.34430,0.44847,0.18082,0.12427,0.5200
depth,arctic,s07_phone/phone_use_01_s05_f00470,1,0.9391,1,0.15362,0.21255,0.08481,0.10852,0.4479
depth,arctic,s07_phone/phone_use_01_s06_f00510,1,0.9486,1,0.10181,0.14333,0.23889,0.49419,0.6757
depth,arctic,s07_phone/phone_use_01_s07_f00579,1,0.9450,1,0.03912,0.28683,0.25022,0.28044,0.4941
depth,arctic,s07_phone/phone_use_02_s00_f00130,1,0.9519,1,0.02289,0.38401,0.36288,0.47572,0.7374
depth,arctic,s07_phone/phone_use_02_s01_f00175,1,0.9324,1,0.02151,0.50113,0.48894,0.53705,0.5818
depth,arctic,s07_phone/phone_use_02_s02_f00241,1,0.9488,1,0.06680,0.27788,0.29123,0.32455,0.6352
depth,arctic,s07_phone/phone_use_02_s03_f00292,1,0.9453,1,0.02508,0.08583,0.08553,0.45471,0.5549
depth,arctic,s07_phone/phone_use_02_s04_f00336,1,0.9526,1,0.03636,0.54377,0.57638,0.62518,0.8165
depth,arctic,s07_phone/phone_use_02_s05_f00407,1,0.9411,1,0.02870,0.11152,0.13888,0.16301,0.5027
depth,arctic,s07_phone/phone_use_02_s06_f00516,1,0.9529,1,0.02066,0.13311,0.12646,0.60460,0.7268
depth,arctic,s07_phone/phone_use_02_s07_f00593,1,0.9464,1,0.03827,0.17595,0.20879,0.23260,0.3101
depth,arctic,s07_phone/phone_use_02_s08_f00681,1,0.9548,1,0.03201,0.29063,0.25949,0.64525,0.6255
depth,arctic,s07_phone/phone_use_02_s09_f00813,1,0.9387,1,0.08763,0.20207,0.12852,0.11789,0.2989
depth,arctic,s08_espressomachine/espressomachine_use_01_s00_f00065,1,0.9522,1,0.01006,0.08621,0.09112,0.24763,0.4388
depth,arctic,s08_espressomachine/espressomachine_use_01_s01_f00084,1,0.9516,1,0.03286,0.08081,0.05973,0.29809,0.4032
depth,arctic,s08_espressomachine/espressomachine_use_01_s02_f00276,1,0.9523,1,0.03844,0.03295,0.05629,0.28493,0.4383
depth,arctic,s08_espressomachine/espressomachine_use_01_s03_f00290,1,0.9532,1,0.01614,0.09668,0.10074,0.30615,0.6582
depth,arctic,s08_espressomachine/espressomachine_use_01_s04_f00454,1,0.9488,1,0.01867,0.15221,0.15798,0.45549,0.6031
depth,arctic,s08_espressomachine/espressomachine_use_01_s05_f00489,1,0.9456,1,0.02399,0.12223,0.10030,0.41449,0.3802
depth,arctic,s08_espressomachine/espressomachine_use_01_s06_f00522,1,0.9489,1,0.02470,0.16299,0.15826,0.39891,0.3339
depth,arctic,s08_espressomachine/espressomachine_use_01_s07_f00585,1,0.9450,1,0.02084,0.09080,0.07224,0.40077,0.3834
depth,arctic,s08_espressomachine/espressomachine_use_01_s08_f00614,1,0.9427,1,0.00385,0.11944,0.12090,0.38181,0.3231
depth,arctic,s08_espressomachine/espressomachine_use_01_s09_f00649,1,0.9485,1,0.01822,0.05538,0.05631,0.24446,0.2463
depth,arctic,s08_espressomachine/espressomachine_use_02_s00_f00108,1,0.9541,1,0.02316,0.04197,0.05848,0.30230,0.4269
depth,arctic,s08_espressomachine/espressomachine_use_02_s01_f00132,1,0.9540,1,0.01812,0.03491,0.03498,0.27872,0.4343
depth,arctic,s08_espressomachine/espressomachine_use_02_s02_f00153,1,0.9515,1,0.00871,0.02569,0.03440,0.24664,0.3385
depth,arctic,s08_espressomachine/espressomachine_use_02_s03_f00171,1,0.9475,1,0.00867,0.01566,0.02256,0.19434,0.6392
depth,arctic,s08_espressomachine/espressomachine_use_02_s04_f00280,1,0.9475,1,0.05544,0.17162,0.12614,0.25271,0.2623
depth,arctic,s08_espressomachine/espressomachine_use_02_s05_f00320,1,0.9536,1,0.01065,0.01300,0.01886,0.18325,0.7086
depth,arctic,s08_espressomachine/espressomachine_use_02_s06_f00334,1,0.9541,1,0.01041,0.04415,0.05454,0.26073,0.3528
depth,arctic,s08_espressomachine/espressomachine_use_02_s07_f00351,1,0.9467,1,0.02050,0.03299,0.03843,0.28320,0.4806
depth,arctic,s08_espressomachine/espressomachine_use_02_s08_f00422,1,0.9540,1,0.01679,0.05671,0.06851,0.28261,0.5556
depth,arctic,s08_espressomachine/espressomachine_use_02_s09_f00505,1,0.9505,1,0.01552,0.00606,0.01287,0.26071,0.4859
depth,arctic,s08_espressomachine/espressomachine_use_02_s10_f00586,1,0.9569,1,0.02509,0.04268,0.04864,0.19683,0.1346
depth,arctic,s08_espressomachine/espressomachine_use_03_s00_f00039,1,0.9449,1,0.00537,0.02672,0.02499,0.19161,0.4801
depth,arctic,s08_espressomachine/espressomachine_use_03_s01_f00051,1,0.9482,1,0.03904,0.05074,0.06978,0.24110,0.3556
depth,arctic,s08_espressomachine/espressomachine_use_03_s02_f00069,1,0.9535,1,0.02713,0.06401,0.04221,0.23156,0.6138
depth,arctic,s08_espressomachine/espressomachine_use_03_s03_f00088,1,0.9523,1,0.03527,0.10388,0.08727,0.36723,0.4818
depth,arctic,s08_espressomachine/espressomachine_use_03_s04_f00113,1,0.9541,1,0.08567,0.11519,0.03006,0.24575,0.4739
depth,arctic,s08_espressomachine/espressomachine_use_03_s05_f00181,1,0.9550,1,0.05628,0.01535,0.04104,0.26141,0.3399
depth,arctic,s08_espressomachine/espressomachine_use_03_s06_f00201,1,0.9489,1,0.01788,0.02064,0.01493,0.22967,0.4436
depth,arctic,s08_espressomachine/espressomachine_use_03_s07_f00238,1,0.9556,1,0.03417,0.12269,0.12098,0.16329,0.3848
depth,arctic,s08_espressomachine/espressomachine_use_03_s08_f00279,1,0.9490,1,0.00730,0.19222,0.18989,0.09360,0.6353
depth,arctic,s08_espressomachine/espressomachine_use_03_s09_f00294,1,0.9554,1,0.15111,0.15085,0.05763,0.15461,0.3697
depth,arctic,s08_espressomachine/espressomachine_use_03_s10_f00364,1,0.9493,1,0.04248,0.06701,0.04645,0.19844,0.5653
depth,arctic,s08_espressomachine/espressomachine_use_03_s11_f00392,1,0.9493,1,0.02656,0.06200,0.05931,0.21175,0.4458
depth,arctic,s08_espressomachine/espressomachine_use_03_s12_f00415,1,0.9554,1,0.09562,0.12814,0.04362,0.22127,0.6304
depth,arctic,s08_espressomachine/espressomachine_use_03_s13_f00430,1,0.9593,1,0.04138,0.11282,0.08666,0.15591,0.5101
depth,arctic,s08_espressomachine/espressomachine_use_03_s14_f00452,1,0.9492,1,0.03685,0.09845,0.11469,0.15956,0.6623
depth,arctic,s08_espressomachine/espressomachine_use_03_s15_f00466,1,0.9522,1,0.04052,0.02159,0.02423,0.18820,0.4739
depth,arctic,s08_espressomachine/espressomachine_use_03_s16_f00490,1,0.9577,1,0.03455,0.05940,0.04141,0.30831,0.4362
depth,arctic,s08_espressomachine/espressomachine_use_03_s17_f00543,1,0.9522,1,0.02781,0.02576,0.03789,0.22655,0.4757
depth,arctic,s08_espressomachine/espressomachine_use_03_s18_f00559,1,0.9566,1,0.03285,0.05274,0.06774,0.20834,0.3388
depth,arctic,s08_phone/phone_use_01_s00_f00073,1,0.9514,1,0.01601,0.17172,0.15690,0.30732,0.6959
depth,arctic,s08_phone/phone_use_01_s01_f00097,1,0.9566,1,0.14752,0.34733,0.27696,0.11562,0.7462
depth,arctic,s08_phone/phone_use_01_s02_f00148,1,0.9515,1,0.01249,0.13796,0.14234,0.18292,0.4719
depth,arctic,s08_phone/phone_use_01_s03_f00196,1,0.9478,1,0.01381,0.05017,0.04719,0.33088,0.6744
depth,arctic,s08_phone/phone_use_01_s04_f00273,1,0.9533,1,0.03683,0.12918,0.12294,0.25205,0.6725
depth,arctic,s08_phone/phone_use_01_s05_f00328,1,0.9571,1,0.05973,0.11797,0.17715,0.60541,0.5065
depth,arctic,s08_phone/phone_use_01_s06_f00434,1,0.9598,1,0.01976,0.16177,0.14216,0.29040,0.7484
depth,arctic,s08_phone/phone_use_01_s07_f00506,1,0.9555,1,0.04657,0.18982,0.16042,0.30153,0.5978
depth,arctic,s08_phone/phone_use_01_s08_f00591,1,0.9643,1,0.02189,0.24552,0.22508,0.24224,0.6507
depth,arctic,s08_phone/phone_use_01_s09_f00639,1,0.9546,1,0.03985,0.07099,0.03115,0.30226,0.5753
depth,arctic,s08_phone/phone_use_01_s10_f00739,1,0.9614,1,0.03633,0.11969,0.12386,0.35513,0.7047
depth,arctic,s08_phone/phone_use_01_s11_f00785,1,0.9608,1,0.08438,0.18059,0.09934,0.20255,0.1946
depth,arctic,s08_phone/phone_use_02_s00_f00360,1,0.9570,1,0.00821,0.07845,0.08640,0.31869,0.6791
depth,arctic,s08_phone/phone_use_02_s01_f00393,1,0.9539,1,0.04070,0.06450,0.04898,0.41996,0.6385
depth,arctic,s08_phone/phone_use_02_s02_f00445,1,0.9507,1,0.08334,0.16270,0.15358,0.14650,0.6904
depth,arctic,s08_phone/phone_use_02_s03_f00479,1,0.9543,1,0.04458,0.16995,0.12692,0.40031,0.7349
depth,arctic,s08_phone/phone_use_02_s04_f00533,1,0.9610,1,0.02201,0.03936,0.05879,0.31658,0.7595
depth,arctic,s08_phone/phone_use_02_s05_f00581,1,0.9546,1,0.01211,0.04704,0.05580,0.21842,0.6327
depth,arctic,s08_phone/phone_use_03_s00_f00108,1,0.9617,1,0.01022,0.06886,0.07289,0.42802,0.6781
depth,arctic,s08_phone/phone_use_03_s01_f00149,1,0.9427,1,0.03398,0.05575,0.06412,0.11576,0.5995
depth,arctic,s08_phone/phone_use_03_s02_f00197,1,0.9641,1,0.04106,0.19778,0.17229,0.22616,0.7544
depth,arctic,s08_phone/phone_use_03_s03_f00261,1,0.9557,1,0.04147,0.17817,0.18387,0.43841,0.6372
depth,arctic,s08_phone/phone_use_03_s04_f00322,1,0.9627,1,0.02548,0.07756,0.07871,0.31552,0.8151
depth,arctic,s08_phone/phone_use_03_s05_f00385,1,0.9540,1,0.08483,0.07288,0.12575,0.34299,0.5098
depth,arctic,s08_phone/phone_use_03_s06_f00477,1,0.9546,1,0.03083,0.04449,0.02788,0.31623,0.7070
depth,arctic,s08_phone/phone_use_03_s07_f00553,1,0.9468,1,0.01438,0.11047,0.12475,0.15966,0.5698
depth,arctic,s08_phone/phone_use_04_s00_f00096,1,0.9652,1,0.14698,0.15155,0.06765,0.17841,0.7450
depth,arctic,s08_phone/phone_use_04_s01_f00158,1,0.9494,1,0.01695,0.19108,0.18861,0.20762,0.3968
depth,arctic,s08_phone/phone_use_04_s02_f00274,1,0.9514,1,0.34619,0.23752,0.49213,0.10359,0.5951
depth,arctic,s08_phone/phone_use_04_s03_f00311,1,0.9516,1,0.03039,0.13354,0.11291,0.37169,0.6866
depth,arctic,s08_phone/phone_use_04_s04_f00405,1,0.9578,1,0.04830,0.15956,0.11618,0.27336,0.7564
depth,arctic,s08_phone/phone_use_04_s05_f00440,1,0.9571,1,0.02523,0.09348,0.10366,0.31533,0.6747
depth,arctic,s08_phone/phone_use_04_s06_f00542,1,0.9572,1,0.01839,0.19767,0.18643,0.36526,0.7000
depth,arctic,s08_phone/phone_use_04_s07_f00600,1,0.9534,1,0.04278,0.04246,0.02335,0.13558,0.3051
depth,arctic,s09_scissors/scissors_use_01_s00_f00067,1,0.9180,1,0.03795,0.16299,0.13189,0.18497,0.3838
depth,arctic,s09_scissors/scissors_use_01_s01_f00138,1,0.9517,1,0.12125,0.10943,0.04454,0.01674,0.5388
depth,arctic,s09_scissors/scissors_use_01_s02_f00149,1,0.9357,1,0.03022,0.02301,0.00953,0.02183,0.4775
depth,arctic,s09_scissors/scissors_use_01_s03_f00182,1,0.9346,1,0.19875,0.21166,0.05104,0.03170,0.4398
depth,arctic,s09_scissors/scissors_use_01_s04_f00195,1,0.9415,1,0.01368,0.05026,0.04395,0.05322,0.5199
depth,arctic,s09_scissors/scissors_use_01_s05_f00254,1,0.9478,1,0.02308,0.03877,0.01843,0.06596,0.1934
depth,arctic,s09_scissors/scissors_use_01_s06_f00303,1,0.9322,1,0.19397,0.20324,0.14039,0.13997,0.1151
depth,arctic,s09_scissors/scissors_use_01_s07_f00326,1,0.9347,1,0.03238,0.04768,0.02824,0.02050,0.4977
depth,arctic,s09_scissors/scissors_use_01_s08_f00383,1,0.9385,1,0.05950,0.10096,0.08746,0.06298,0.4324
depth,arctic,s09_scissors/scissors_use_01_s09_f00397,1,0.9422,1,0.02019,0.04665,0.03013,0.04543,0.4670
depth,arctic,s09_scissors/scissors_use_01_s10_f00431,1,0.9339,1,0.00033,0.04426,0.04454,0.03017,0.0692
depth,arctic,s09_scissors/scissors_use_01_s11_f00466,1,0.9409,1,0.01662,0.08073,0.07290,0.13559,0.1968
depth,arctic,s09_scissors/scissors_use_01_s12_f00516,1,0.9531,1,0.01731,0.04229,0.02593,0.03163,0.1418
depth,arctic,s09_scissors/scissors_use_01_s13_f00578,1,0.9168,1,0.01874,0.01837,0.00562,0.01763,0.4330
depth,arctic,s09_scissors/scissors_use_01_s14_f00606,1,0.9460,1,0.06375,0.06432,0.02401,0.03262,0.3830
depth,arctic,s09_scissors/scissors_use_02_s00_f00114,1,0.9161,1,0.14100,0.09929,0.09913,0.09513,0.4479
depth,arctic,s09_scissors/scissors_use_02_s01_f00157,1,0.9271,1,0.02878,0.03292,0.03750,0.02139,0.6543
depth,arctic,s09_scissors/scissors_use_02_s02_f00191,1,0.9228,1,0.02040,0.00737,0.01501,0.01758,0.3299
depth,arctic,s09_scissors/scissors_use_02_s03_f00222,1,0.9412,1,0.00572,0.03982,0.03816,0.04411,0.5040
depth,arctic,s09_scissors/scissors_use_02_s04_f00250,1,0.9287,1,0.11273,0.07463,0.04789,0.03246,0.4829
depth,arctic,s09_scissors/scissors_use_02_s05_f00261,1,0.9311,1,0.01495,0.04885,0.06140,0.08501,0.4694
depth,arctic,s09_scissors/scissors_use_02_s06_f00302,1,0.9191,1,0.02983,0.00630,0.02509,0.02553,0.5184
depth,arctic,s09_scissors/scissors_use_02_s07_f00350,1,0.9392,1,0.00966,0.03050,0.03904,0.03182,0.4799
depth,arctic,s09_scissors/scissors_use_02_s08_f00379,1,0.9499,1,0.00368,0.01506,0.01776,0.02000,0.1530
depth,arctic,s09_scissors/scissors_use_02_s09_f00465,1,0.9451,1,0.04187,0.05185,0.02400,0.01948,0.2699
depth,arctic,s09_scissors/scissors_use_02_s10_f00488,1,0.9453,1,0.01630,0.02198,0.01175,0.02878,0.4127
depth,arctic,s09_scissors/scissors_use_02_s11_f00518,1,0.9366,1,0.01004,0.01593,0.01063,0.03041,0.5223
depth,arctic,s09_scissors/scissors_use_02_s12_f00543,1,0.9348,1,0.15025,0.14561,0.11342,0.15140,0.3525
depth,arctic,s09_scissors/scissors_use_04_s00_f00074,1,0.9430,1,0.03537,0.05119,0.08127,0.06714,0.4120
depth,arctic,s09_scissors/scissors_use_04_s01_f00106,1,0.9260,1,0.01763,0.01615,0.02683,0.03739,0.2908
depth,arctic,s09_scissors/scissors_use_04_s02_f00135,1,0.9412,1,0.01952,0.05646,0.05598,0.04439,0.1795
depth,arctic,s09_scissors/scissors_use_04_s03_f00162,1,0.9396,1,0.01025,0.05192,0.05417,0.05788,0.2178
depth,arctic,s09_scissors/scissors_use_04_s04_f00193,1,0.9382,1,0.01371,0.01405,0.00904,0.06638,0.4797
depth,arctic,s09_scissors/scissors_use_04_s05_f00221,1,0.9400,1,0.01317,0.08813,0.08087,0.08069,0.4605
depth,arctic,s09_scissors/scissors_use_04_s06_f00250,1,0.9418,1,0.01789,0.00527,0.02292,0.02843,0.3425
depth,arctic,s09_scissors/scissors_use_04_s07_f00271,1,0.9464,1,0.11853,0.13104,0.07803,0.05042,0.1369
depth,arctic,s09_scissors/scissors_use_04_s08_f00283,1,0.9368,1,0.01420,0.03159,0.02733,0.02235,0.1533
depth,arctic,s09_scissors/scissors_use_04_s09_f00313,1,0.9304,1,0.00757,0.01257,0.01803,0.02501,0.1717
depth,arctic,s09_scissors/scissors_use_04_s10_f00331,1,0.9474,1,0.02526,0.03517,0.03396,0.01324,0.4178
depth,arctic,s09_scissors/scissors_use_04_s11_f00343,1,0.9335,1,0.01279,0.02936,0.02830,0.01983,0.1863
depth,arctic,s09_scissors/scissors_use_04_s12_f00360,1,0.9378,1,0.03537,0.04775,0.01896,0.00727,0.2531
depth,arctic,s09_scissors/scissors_use_04_s13_f00371,1,0.9186,1,0.01830,0.05016,0.06709,0.07004,0.3504
depth,arctic,s09_scissors/scissors_use_04_s14_f00411,1,0.9434,1,0.03982,0.05981,0.02124,0.00826,0.2283
depth,arctic,s09_scissors/scissors_use_04_s15_f00428,1,0.9393,1,0.12806,0.15673,0.04212,0.00963,0.1678
depth,arctic,s09_scissors/scissors_use_04_s16_f00440,1,0.9498,1,0.05855,0.08081,0.02288,0.01994,0.3259
depth,arctic,s09_scissors/scissors_use_04_s17_f00466,1,0.9427,1,0.02693,0.08941,0.06488,0.07454,0.2955
depth,arctic,s09_scissors/scissors_use_04_s18_f00495,1,0.9359,1,0.00514,0.03588,0.04093,0.02257,0.2433
depth,arctic,s09_scissors/scissors_use_04_s19_f00517,1,0.9416,1,0.15334,0.15091,0.01121,0.08781,0.4630
depth,arctic,s09_scissors/scissors_use_04_s20_f00552,1,0.9199,1,0.03067,0.06394,0.04508,0.04460,0.2389
