epoch,step,train/L_coord_epoch,train/L_coord_step,train/L_depth_anchor_epoch,train/L_depth_anchor_step,train/L_geo_pred_pred_art_epoch,train/L_geo_pred_pred_art_step,train/L_kld_epoch,train/L_kld_step,train/L_mask_epoch,train/L_mask_step,train/L_motion_recon_epoch,train/L_motion_recon_step,train/L_motion_type_epoch,train/L_motion_type_step,train/L_origin_epoch,train/L_origin_map_epoch,train/L_origin_map_step,train/L_origin_step,train/L_p_rev_balance_epoch,train/L_p_rev_balance_step,train/L_point_3d_epoch,train/L_point_3d_step,train/L_point_map_epoch,train/L_point_map_step,train/L_traj_proj_epoch,train/L_traj_proj_step,train/L_trajectory_epoch,train/L_trajectory_m2,train/L_trajectory_step,train/L_vae_total_epoch,train/L_vae_total_step,train/loss_total_epoch,train/loss_total_step,train/p_rev_mean,val/L_coord,val/L_depth_anchor,val/L_geo_pred_pred_art,val/L_kld,val/L_mask,val/L_motion_recon,val/L_motion_type,val/L_origin,val/L_origin_map,val/L_p_rev_balance,val/L_point_3d,val/L_point_map,val/L_traj_proj,val/L_trajectory,val/L_trajectory_m2,val/L_vae_total,val/loss_total
0,9,,0.3191837966442108,,0.1081586703658104,,0.34889161586761475,,0.0,,1.1348273754119873,,1.0,,0.570248007774353,,,0.0,0.0,,0.039691660553216934,,198.978515625,,4.672085762023926,,25.238353729248047,,,1.0812301635742188,,1.0,,15.79103946685791,,,,,,,,,,,,,,,,,,
0,19,,0.13576878607273102,,0.08890452980995178,,0.26678305864334106,,0.0,,1.1604177951812744,,1.0,,0.424452006816864,,,0.0,0.0,,0.008827140554785728,,190.20712280273438,,3.801046848297119,,10.509780883789062,,,1.0876885652542114,,1.0,,7.879051685333252,,,,,,,,,,,,,,,,,,
0,29,,0.0870419591665268,,0.028428493067622185,,0.201919287443161,,0.0,,1.2377067804336548,,1.0,,0.36720550060272217,,,0.0,0.0,,0.0020011707674711943,,203.27452087402344,,3.4753623008728027,,2.088758945465088,,,1.0171822309494019,,1.0,,3.479841709136963,,,,,,,,,,,,,,,,,,
0,39,,0.08113586902618408,,0.06856756657361984,,0.16699664294719696,,0.0,,0.8215671181678772,,1.0,,0.34332817792892456,,,0.0,0.0,,0.0005079711554571986,,196.713134765625,,2.680140256881714,,8.842925071716309,,,1.1277530193328857,,1.0,,6.2641215324401855,,,,,,,,,,,,,,,,,,
0,39,,,,,,,,,,,,,,,,,,,,,,,,,,,,,,,,,,,0.2571779191493988,0.0866800919175148,0.18090689182281494,0.0,1.2633295059204102,1.0,0.3463118374347687,0.0,0.0,0.0006559359026141465,197.36146545410156,2.1224164962768555,6.065783500671387,1.1180648803710938,1.9704591035842896,1.0,4.916112899780273
0,39,0.17516347765922546,,0.12972600758075714,,0.274919331073761,,0.0,,2.453437328338623,,1.0,,0.4690326154232025,,0.0,0.0,,,0.02122936211526394,,201.05630493164062,,6.513710021972656,,13.241003036499023,,1.0958813428878784,2.0065135955810547,,1.0,,11.294629096984863,,0.3466774821281433,,,,,,,,,,,,,,,,,
1,49,,0.07780274748802185,,0.07300696521997452,,0.13933151960372925,,0.0,,0.7566159963607788,,1.0,,0.32452839612960815,,,0.0,0.0,,2.023633714998141e-05,,200.38706970214844,,2.5861425399780273,,5.700252532958984,,,1.0778383016586304,,1.0,,4.61085319519043,,,,,,,,,,,,,,,,,,
1,59,,0.07884152233600616,,0.03819818049669266,,0.1261480748653412,,0.0,,0.7062786221504211,,1.0,,0.3266472816467285,,,0.0,0.0,,3.657480556285009e-05,,204.1931610107422,,2.467047691345215,,1.841843605041504,,,1.1563410758972168,,1.0,,2.578737735748291,,,,,,,,,,,,,,,,,,
1,69,,0.048350125551223755,,0.03448003903031349,,0.09955068677663803,,0.0,,0.6565786004066467,,1.0,,0.32666388154029846,,,0.0,0.0,,4.3475953134475276e-05,,209.4867401123047,,1.9805115461349487,,1.5501102209091187,,,1.1117675304412842,,1.0,,2.1449921131134033,,,,,,,,,,,,,,,,,,
1,79,,0.053393032401800156,,0.023601943626999855,,0.09184317290782928,,0.0,,0.6403353214263916,,1.0,,0.33587008714675903,,,0.0,0.0,,0.0002248949749628082,,201.10919189453125,,1.8791590929031372,,0.9478251934051514,,,1.0781676769256592,,1.0,,1.7814542055130005,,,,,,,,,,,,,,,,,,
1,79,,,,,,,,,,,,,,,,,,,,,,,,,,,,,,,,,,,0.04540563002228737,0.03694041445851326,0.09272010624408722,0.0,0.575613796710968,1.0,0.3386829197406769,0.0,0.0,0.0003705653070937842,197.00631713867188,1.324173927307129,1.3311456441879272,1.1953624486923218,1.985453724861145,1.0,1.6660969257354736
1,79,0.0662236288189888,,0.05058496445417404,,0.11762885004281998,,0.0,,0.7375019788742065,,1.0,,0.3282086253166199,,0.0,0.0,,,0.00011081420962000266,,201.41845703125,,2.2648274898529053,,2.522036552429199,,1.127285361289978,2.021792411804199,,1.0,,2.8324058055877686,,0.23260533809661865,,,,,,,,,,,,,,,,,
2,89,,0.05453226715326309,,0.06379853188991547,,0.09084475040435791,,0.0,,0.6204404830932617,,1.0,,0.33919018507003784,,,0.0,0.0,,0.0003186489921063185,,204.75186157226562,,1.7148343324661255,,2.117943286895752,,,1.2291179895401,,1.0,,2.295017957687378,,,,,,,,,,,,,,,,,,
2,99,,0.06712524592876434,,0.0505363754928112,,0.06840057671070099,,0.0,,0.5576512813568115,,1.0,,0.31849241256713867,,,0.0,0.0,,2.681466639842256e-06,,196.7723388671875,,1.7027686834335327,,2.365330934524536,,,1.1514806747436523,,1.0,,2.3785476684570312,,,,,,,,,,,,,,,,,,
2,109,,0.05265847593545914,,0.034230589866638184,,0.08062373846769333,,0.0,,0.5438873767852783,,1.0,,0.33025139570236206,,,0.0,0.0,,7.383773481706157e-05,,199.08773803710938,,1.8887608051300049,,2.178114652633667,,,1.117283821105957,,1.0,,2.3569254875183105,,,,,,,,,,,,,,,,,,
2,119,,0.04882313311100006,,0.045384228229522705,,0.08356360346078873,,0.0,,0.5072364807128906,,1.0,,0.3342727720737457,,,0.0,0.0,,0.00012422289000824094,,206.58065795898438,,1.710107445716858,,0.9108158946037292,,,1.203351378440857,,1.0,,1.6196019649505615,,,,,,,,,,,,,,,,,,
2,119,,,,,,,,,,,,,,,,,,,,,,,,,,,,,,,,,,,0.03735335171222687,0.041944339871406555,0.07379607111215591,0.0,0.4607921540737152,1.0,0.3344941735267639,0.0,0.0,0.00021236661996226758,196.98004150390625,1.2055720090866089,1.0356833934783936,1.2291423082351685,1.991481065750122,1.0,1.3981584310531616
2,119,0.053385525941848755,,0.05754154920578003,,0.08190491795539856,,0.0,,0.5752454996109009,,1.0,,0.3335186541080475,,0.0,0.0,,,0.00022481390624307096,,201.76882934570312,,1.7997655868530273,,1.608345627784729,,1.1575320959091187,2.0314786434173584,,1.0,,2.0554447174072266,,0.23695476353168488,,,,,,,,,,,,,,,,,
3,129,,0.04093156009912491,,0.0829007625579834,,0.07605975866317749,,0.0,,0.4778772294521332,,1.0,,0.3442568778991699,,,0.0,0.0,,0.00044344348134472966,,200.41600036621094,,1.4735546112060547,,1.0962151288986206,,,1.2266335487365723,,1.0,,1.5935674905776978,,,,,,,,,,,,,,,,,,
3,139,,0.04679986834526062,,0.019930733367800713,,0.059636592864990234,,0.0,,0.456476628780365,,1.0,,0.3340527415275574,,,0.0,0.0,,0.00014814123278483748,,207.30307006835938,,1.4050374031066895,,1.7633917331695557,,,1.1439303159713745,,1.0,,1.851855993270874,,,,,,,,,,,,,,,,,,
3,149,,0.04688543081283569,,0.0547238364815712,,0.06513672322034836,,0.0,,0.4874561131000519,,1.0,,0.3343501091003418,,,0.0,0.0,,0.00012944985064677894,,201.10879516601562,,1.4549994468688965,,0.9873334765434265,,,1.1243350505828857,,1.0,,1.522277593612671,,,,,,,,,,,,,,,,,,
3,159,,0.039277076721191406,,0.016677821055054665,,0.059770822525024414,,0.0,,0.46513909101486206,,1.0,,0.32176217436790466,,,0.0,0.0,,2.0225881769420084e-07,,208.283935546875,,1.3009662628173828,,0.6276766061782837,,,1.1357474327087402,,1.0,,1.2308456897735596,,,,,,,,,,,,,,,,,,
3,159,,,,,,,,,,,,,,,,,,,,,,,,,,,,,,,,,,,0.030630502849817276,0.045221373438835144,0.05922726169228554,0.0,0.40472257137298584,1.0,0.3299303650856018,0.0,0.0,8.554625674150884e-05,196.36256408691406,0.9572342038154602,0.9763739109039307,1.2823731899261475,2.000950813293457,1.0,1.2130566835403442
3,159,0.047386087477207184,,0.04794054478406906,,0.06496007740497589,,0.0,,0.4887853264808655,,1.0,,0.3323364853858948,,0.0,0.0,,,0.00016225974832195789,,201.44921875,,1.477418303489685,,1.5291576385498047,,1.1866095066070557,2.039168357849121,,1.0,,1.8019206523895264,,0.23501840233802795,,,,,,,,,,,,,,,,,
4,169,,0.03673488646745682,,0.11451322585344315,,0.04874330759048462,,0.0,,0.43334871530532837,,1.0,,0.3222392201423645,,,0.0,0.0,,1.3068381576886168e-07,,201.77081298828125,,1.2090849876403809,,0.9563280940055847,,,1.1879804134368896,,1.0,,1.379879355430603,,,,,,,,,,,,,,,,,,
4,179,,0.04465920850634575,,0.059228602796792984,,0.045520298182964325,,0.0,,0.42229264974594116,,1.0,,0.3196495771408081,,,0.0,0.0,,6.248796125873923e-06,,200.80557250976562,,1.264031171798706,,1.9686081409454346,,,1.243114709854126,,1.0,,1.8839651346206665,,,,,,,,,,,,,,,,,,
4,189,,0.044020675122737885,,0.0931168794631958,,0.04745357111096382,,0.0,,0.4016379415988922,,1.0,,0.34640657901763916,,,0.0,0.0,,0.0005044107092544436,,210.3770751953125,,1.1660435199737549,,1.7899953126907349,,,1.1501295566558838,,1.0,,1.7524046897888184,,,,,,,,,,,,,,,,,,
4,199,,0.04791209474205971,,0.0528438426554203,,0.04417344182729721,,0.0,,0.3506995439529419,,1.0,,0.3240951597690582,,,0.0,0.0,,5.558639259106712e-06,,204.07376098632812,,1.0541965961456299,,0.9548298716545105,,,1.27183198928833,,1.0,,1.2346611022949219,,,,,,,,,,,,,,,,,,
4,199,,,,,,,,,,,,,,,,,,,,,,,,,,,,,,,,,,,0.027736887335777283,0.02817358449101448,0.04789259657263756,0.0,0.3431984782218933,1.0,0.33287137746810913,0.0,0.0,9.570184192853048e-05,197.4474639892578,0.7338640093803406,0.8342710733413696,1.3299888372421265,2.0104663372039795,1.0,0.9884591698646545
4,199,0.04698529094457626,,0.056839317083358765,,0.051965825259685516,,0.0,,0.41845521330833435,,1.0,,0.3290921449661255,,0.0,0.0,,,0.00012888139463029802,,201.5202178955078,,1.22199547290802,,1.4178550243377686,,1.2177807092666626,2.0592188835144043,,1.0,,1.5863261222839355,,0.2311066836118698,,,,,,,,,,,,,,,,,
5,209,,0.05164910852909088,,0.0727071762084961,,0.05109263211488724,,0.0,,0.39043983817100525,,1.0,,0.34355485439300537,,,0.0,0.0,,0.0003643784730229527,,199.03726196289062,,1.0490981340408325,,0.6793258190155029,,,1.7790215015411377,,1.0,,1.126901388168335,,,,,,,,,,,,,,,,,,
5,219,,0.043395768851041794,,0.02351265400648117,,0.04563780128955841,,0.0,,0.3780612349510193,,1.0,,0.3314186930656433,,,0.0,0.0,,4.850577897741459e-05,,209.18392944335938,,1.0178937911987305,,0.7544732689857483,,,1.1648911237716675,,1.0,,1.1132563352584839,,,,,,,,,,,,,,,,,,
5,229,,0.04149002209305763,,0.039381347596645355,,0.04160863161087036,,0.0,,0.3966425359249115,,1.0,,0.33548659086227417,,,0.0,0.0,,0.0001170221294160001,,195.42657470703125,,0.8539072275161743,,0.8722038269042969,,,1.1886342763900757,,1.0,,1.106031894683838,,,,,,,,,,,,,,,,,,
5,239,,0.051447637379169464,,0.05912353843450546,,0.04040295258164406,,0.0,,0.36786478757858276,,1.0,,0.3359677195549011,,,0.0,0.0,,0.00011976937094004825,,195.84829711914062,,0.8662548065185547,,1.0199671983718872,,,1.2734522819519043,,1.0,,1.1864291429519653,,,,,,,,,,,,,,,,,,
5,239,,,,,,,,,,,,,,,,,,,,,,,,,,,,,,,,,,,0.02662387490272522,0.023123212158679962,0.04073590785264969,0.0,0.3140585720539093,1.0,0.32996830344200134,0.0,0.0,6.31893562967889e-05,196.76759338378906,0.5959306359291077,0.8080533742904663,1.382940411567688,2.0199551582336426,1.0,0.8880000710487366
5,239,0.044458676129579544,,0.04771312326192856,,0.04217470809817314,,0.0,,0.3753927946090698,,1.0,,0.3298858106136322,,0.0,0.0,,,0.0001228368782903999,,201.6559600830078,,0.9809829592704773,,1.3547313213348389,,1.2539438009262085,2.056196451187134,,1.0,,1.4059182405471802,,0.23102757334709167,,,,,,,,,,,,,,,,,
6,249,,0.03534514456987381,,0.046126656234264374,,0.03614196926355362,,0.0,,0.3412489891052246,,1.0,,0.34069231152534485,,,0.0,0.0,,0.00028234769706614316,,201.14569091796875,,0.8613054156303406,,0.6411319375038147,,,1.336487889289856,,1.0,,0.9663345217704773,,,,,,,,,,,,,,,,,,
6,259,,0.04126301780343056,,0.0506727360188961,,0.031514767557382584,,0.0,,0.33604592084884644,,1.0,,0.32499417662620544,,,0.0,0.0,,4.298392752843938e-07,,203.18539428710938,,0.8966863751411438,,1.4428036212921143,,,1.1881675720214844,,1.0,,1.386887550354004,,,,,,,,,,,,,,,,,,
6,269,,0.03570108488202095,,0.019094213843345642,,0.036342136561870575,,0.0,,0.32304874062538147,,1.0,,0.3341858983039856,,,0.0,0.0,,7.617638038937002e-05,,204.0528564453125,,0.7363396883010864,,2.7694454193115234,,,1.3138059377670288,,1.0,,1.9454869031906128,,,,,,,,,,,,,,,,,,
6,279,,0.035408444702625275,,0.05904238671064377,,0.030852708965539932,,0.0,,0.31017380952835083,,1.0,,0.3098007142543793,,,0.0,0.0,,0.00017855792248155922,,199.8365936279297,,0.6884037256240845,,0.8726227283477783,,,1.3459351062774658,,1.0,,0.9860000610351562,,,,,,,,,,,,,,,,,,
6,279,,,,,,,,,,,,,,,,,,,,,,,,,,,,,,,,,,,0.023895151913166046,0.017287282273173332,0.03378233313560486,0.0,0.29036396741867065,1.0,0.33273831009864807,0.0,0.0,0.00013217733066994697,197.52845764160156,0.44371744990348816,0.7619179487228394,1.4324074983596802,2.0288259983062744,1.0,0.7720351815223694
6,279,0.03964544087648392,,0.04313330724835396,,0.03627852350473404,,0.0,,0.33688047528266907,,1.0,,0.3280927836894989,,0.0,0.0,,,9.870288340607658e-05,,202.0942840576172,,0.8007560968399048,,1.2646560668945312,,1.2817424535751343,2.0775392055511475,,1.0,,1.2462129592895508,,0.22849445044994354,,,,,,,,,,,,,,,,,
7,289,,0.03595278412103653,,0.03671639412641525,,0.028312530368566513,,0.0,,0.29053840041160583,,1.0,,0.32421693205833435,,,0.0,0.0,,9.700420378067065e-07,,199.183349609375,,0.6786798238754272,,0.8438973426818848,,,1.2572356462478638,,1.0,,0.9457241296768188,,,,,,,,,,,,,,,,,,
7,299,,0.05568418651819229,,0.024630241096019745,,0.030982453376054764,,0.0,,0.3318725824356079,,1.0,,0.33400145173072815,,,0.0,0.0,,6.559073517564684e-05,,193.6827392578125,,0.6327075958251953,,1.1312254667282104,,,1.435171365737915,,1.0,,1.091191053390503,,,,,,,,,,,,,,,,,,
7,309,,0.03787434101104736,,0.03877885267138481,,0.02854011207818985,,0.0,,0.3101196885108948,,1.0,,0.33394479751586914,,,0.0,0.0,,8.606689516454935e-05,,196.9237518310547,,0.6185145974159241,,1.4507490396499634,,,1.5410423278808594,,1.0,,1.2309153079986572,,,,,,,,,,,,,,,,,,
7,319,,0.04248051345348358,,0.03841594606637955,,0.03241833299398422,,0.0,,0.2945272922515869,,1.0,,0.34270018339157104,,,0.0,0.0,,0.0002807939308695495,,205.77667236328125,,0.5880505442619324,,0.6290228366851807,,,1.3430097103118896,,1.0,,0.7996307611465454,,,,,,,,,,,,,,,,,,
7,319,,,,,,,,,,,,,,,,,,,,,,,,,,,,,,,,,,,0.022923903539776802,0.024290436878800392,0.03010178729891777,0.0,0.2694632411003113,1.0,0.3329198360443115,0.0,0.0,0.00013584613043349236,196.71157836914062,0.35888707637786865,0.6689106225967407,1.4860405921936035,2.0389764308929443,1.0,0.6753157377243042
7,319,0.03909139707684517,,0.04502054676413536,,0.03067193552851677,,0.0,,0.31147080659866333,,1.0,,0.33019325137138367,,0.0,0.0,,,0.0001877629547379911,,202.00291442871094,,0.6369876861572266,,1.3802125453948975,,1.317429780960083,2.084563732147217,,1.0,,1.2095526456832886,,0.2301945984363556,,,,,,,,,,,,,,,,,
8,329,,0.030827727168798447,,0.04550619795918465,,0.027137454599142075,,0.0,,0.31981077790260315,,1.0,,0.32896289229393005,,,0.0,0.0,,1.743367283779662e-05,,198.03152465820312,,0.501133382320404,,0.8333514928817749,,,1.29880952835083,,1.0,,0.868037223815918,,,,,,,,,,,,,,,,,,
8,339,,0.03290409967303276,,0.022216085344552994,,0.027079664170742035,,0.0,,0.29031479358673096,,1.0,,0.34053468704223633,,,0.0,0.0,,0.00022401449678000063,,210.438232421875,,0.5001159906387329,,1.3493140935897827,,,1.3317517042160034,,1.0,,1.1002525091171265,,,,,,,,,,,,,,,,,,
8,349,,0.0270505603402853,,0.012856467626988888,,0.0246267169713974,,0.0,,0.25446048378944397,,1.0,,0.32665708661079407,,,0.0,0.0,,5.677735771314474e-06,,209.28439331054688,,0.4717206060886383,,0.7793375253677368,,,1.4841374158859253,,1.0,,0.7751783728599548,,,,,,,,,,,,,,,,,,
8,359,,0.03526630997657776,,0.0812736377120018,,0.025004323571920395,,0.0,,0.2996378242969513,,1.0,,0.3372650146484375,,,0.0,0.0,,0.0001582344702910632,,203.987548828125,,0.4894959628582001,,0.5863685607910156,,,1.3880624771118164,,1.0,,0.7486007213592529,,,,,,,,,,,,,,,,,,
8,359,,,,,,,,,,,,,,,,,,,,,,,,,,,,,,,,,,,0.02289687655866146,0.01672636903822422,0.024787476286292076,0.0,0.26479393243789673,1.0,0.33612850308418274,0.0,0.0,0.0003170787531416863,197.9072723388672,0.3347468674182892,0.6384683847427368,1.5686733722686768,2.0548691749572754,1.0,0.6414535045623779
8,359,0.03515666723251343,,0.033134251832962036,,0.026091158390045166,,0.0,,0.28990688920021057,,1.0,,0.3275027275085449,,0.0,0.0,,,7.655156514374539e-05,,202.4228057861328,,0.5036979913711548,,1.2449314594268799,,1.3687307834625244,2.0920867919921875,,1.0,,1.056060791015625,,0.22741369903087616,,,,,,,,,,,,,,,,,
9,369,,0.033018212765455246,,0.01787930727005005,,0.02241530641913414,,0.0,,0.27707985043525696,,1.0,,0.3341142535209656,,,0.0,0.0,,8.31850411486812e-05,,201.10507202148438,,0.4406239092350006,,1.0568751096725464,,,1.2405693531036377,,1.0,,0.9150213003158569,,,,,,,,,,,,,,,,,,
9,379,,0.032989341765642166,,0.042988672852516174,,0.0216350257396698,,0.0,,0.25073009729385376,,1.0,,0.3255780339241028,,,0.0,0.0,,3.5434825917946e-07,,198.79501342773438,,0.41840776801109314,,1.5724400281906128,,,1.4848779439926147,,1.0,,1.1609416007995605,,,,,,,,,,,,,,,,,,
9,389,,0.022254575043916702,,0.017259541898965836,,0.019919902086257935,,0.0,,0.2588019371032715,,1.0,,0.3083329200744629,,,0.0,0.0,,0.00025740056298673153,,212.69970703125,,0.3941652178764343,,1.3344377279281616,,,1.4124085903167725,,1.0,,1.0155802965164185,,,,,,,,,,,,,,,,,,
9,399,,0.029073849320411682,,0.03609979897737503,,0.022220229730010033,,0.0,,0.2961747348308563,,1.0,,0.33247071504592896,,,0.0,0.0,,5.070159022579901e-05,,200.04196166992188,,0.41100651025772095,,0.9425517916679382,,,1.4542611837387085,,1.0,,0.8597006797790527,,,,,,,,,,,,,,,,,,
9,399,,,,,,,,,,,,,,,,,,,,,,,,,,,,,,,,,,,0.021822283044457436,0.006585200782865286,0.023546749725937843,0.0,0.25613462924957275,1.0,0.33533141016960144,0.0,0.0,0.00015991352847777307,197.97702026367188,0.28414708375930786,0.6041239500045776,1.571026086807251,2.055511951446533,1.0,0.5888412594795227
9,399,0.0326092429459095,,0.02985454723238945,,0.02312617003917694,,0.0,,0.2744656205177307,,1.0,,0.32864540815353394,,0.0,0.0,,,0.0001573413028381765,,202.66537475585938,,0.4203473925590515,,0.9624706506729126,,1.3969625234603882,2.1063554286956787,,1.0,,0.8622648119926453,,0.22830040752887726,,,,,,,,,,,,,,,,,
10,409,,0.037951864302158356,,0.007495232857763767,,0.021769821643829346,,0.0,,0.2537025809288025,,1.0,,0.3315602242946625,,,0.0,0.0,,2.3320579202845693e-05,,204.55393981933594,,0.3795323669910431,,0.6255101561546326,,,1.3963059186935425,,1.0,,0.6542847752571106,,,,,,,,,,,,,,,,,,
10,419,,0.02296128123998642,,0.00607889611274004,,0.02133009396493435,,0.0,,0.26219749450683594,,1.0,,0.32391366362571716,,,0.0,0.0,,1.4413006965696695e-06,,201.53390502929688,,0.36465317010879517,,0.5417266488075256,,,1.2964210510253906,,1.0,,0.6009424328804016,,,,,,,,,,,,,,,,,,
10,429,,0.025301679968833923,,0.01303888950496912,,0.0225600004196167,,0.0,,0.2873639166355133,,1.0,,0.3210664689540863,,,0.0,0.0,,1.1355105016264133e-05,,189.1056365966797,,0.3786187171936035,,0.6414986848831177,,,1.4051539897918701,,1.0,,0.6751726269721985,,,,,,,,,,,,,,,,,,
10,439,,0.033348485827445984,,0.046832602471113205,,0.022581685334444046,,0.0,,0.27123573422431946,,1.0,,0.33453625440597534,,,0.0,0.0,,0.00010104051762027666,,213.4603271484375,,0.3758726119995117,,1.963465929031372,,,1.174635648727417,,1.0,,1.3476864099502563,,,,,,,,,,,,,,,,,,
10,439,,,,,,,,,,,,,,,,,,,,,,,,,,,,,,,,,,,0.021471604704856873,0.008143708109855652,0.02319619618356228,0.0,0.2505281865596771,1.0,0.33003154397010803,0.0,0.0,0.00010896738240262493,198.0249786376953,0.2628188729286194,0.5842499136924744,1.5774688720703125,2.057101249694824,1.0,0.5659803152084351
10,439,0.02687523141503334,,0.01838628575205803,,0.02167787030339241,,0.0,,0.2562503218650818,,1.0,,0.32929283380508423,,0.0,0.0,,,0.00011608978093136102,,202.87432861328125,,0.36489856243133545,,0.7614499926567078,,1.4020020961761475,2.1119871139526367,,1.0,,0.7161560654640198,,0.22877904772758484,,,,,,,,,,,,,,,,,
11,449,,0.025463126599788666,,0.008450670167803764,,0.02101512998342514,,0.0,,0.2412257194519043,,1.0,,0.33065688610076904,,,0.0,0.0,,1.9667135347845033e-05,,203.25616455078125,,0.31655246019363403,,0.5802736878395081,,,1.5594743490219116,,1.0,,0.5880941152572632,,,,,,,,,,,,,,,,,,
11,459,,0.02976961061358452,,0.010271797887980938,,0.02048211172223091,,0.0,,0.24720783531665802,,1.0,,0.32689550518989563,,,0.0,0.0,,2.2758545270562536e-08,,206.36883544921875,,0.3027268052101135,,1.031720519065857,,,1.461322546005249,,1.0,,0.8128964900970459,,,,,,,,,,,,,,,,,,
11,469,,0.03229740262031555,,0.026537274941802025,,0.02277260646224022,,0.0,,0.2262623906135559,,1.0,,0.3228731155395508,,,0.0,0.0,,2.346120936635998e-06,,206.28549194335938,,0.31215590238571167,,0.5314667224884033,,,1.365507960319519,,1.0,,0.5666382908821106,,,,,,,,,,,,,,,,,,
11,479,,0.025766097009181976,,0.04569673165678978,,0.021100759506225586,,0.0,,0.23250660300254822,,1.0,,0.30772340297698975,,,0.0,0.0,,0.0002814770268741995,,203.4453582763672,,0.3205375671386719,,0.5379247665405273,,,1.2649126052856445,,1.0,,0.5834667086601257,,,,,,,,,,,,,,,,,,
11,479,,,,,,,,,,,,,,,,,,,,,,,,,,,,,,,,,,,0.021266762167215347,0.006063651759177446,0.021738503128290176,0.0,0.23671412467956543,1.0,0.32981061935424805,0.0,0.0,0.0001668532786425203,198.0700225830078,0.2512488067150116,0.6795766949653625,1.5952048301696777,2.0600457191467285,1.0,0.5996923446655273
11,479,0.027510453015565872,,0.019089089706540108,,0.021303480491042137,,0.0,,0.24494552612304688,,1.0,,0.32794222235679626,,0.0,0.0,,,0.00012408386101014912,,202.7631072998047,,0.330313503742218,,0.8998690843582153,,1.4000133275985718,2.1062581539154053,,1.0,,0.7630560994148254,,0.22725901007652283,,,,,,,,,,,,,,,,,
12,489,,0.037009671330451965,,0.02923622354865074,,0.01956612430512905,,0.0,,0.23836711049079895,,1.0,,0.31856220960617065,,,0.0,0.0,,2.047136331384536e-05,,198.0390625,,0.3149271607398987,,0.4181358218193054,,,1.4692432880401611,,1.0,,0.5208048224449158,,,,,,,,,,,,,,,,,,
12,499,,0.02120251953601837,,0.028660908341407776,,0.021319938823580742,,0.0,,0.22153814136981964,,1.0,,0.3190533518791199,,,0.0,0.0,,3.384559022379108e-05,,210.33847045898438,,0.28839778900146484,,0.5933417081832886,,,1.361405849456787,,1.0,,0.578719437122345,,,,,,,,,,,,,,,,,,
12,509,,0.03693749010562897,,0.03014483116567135,,0.021731359884142876,,0.0,,0.24497103691101074,,1.0,,0.3402201533317566,,,0.0,0.0,,0.00023365719243884087,,202.41671752929688,,0.306021511554718,,2.7185068130493164,,,1.360746145248413,,1.0,,1.6705808639526367,,,,,,,,,,,,,,,,,,
12,519,,0.03310588002204895,,0.02055865339934826,,0.017087213695049286,,0.0,,0.23771096765995026,,1.0,,0.33090877532958984,,,0.0,0.0,,2.4351542379008606e-05,,196.65728759765625,,0.31759268045425415,,1.5688281059265137,,,1.3602193593978882,,1.0,,1.0906189680099487,,,,,,,,,,,,,,,,,,
12,519,,,,,,,,,,,,,,,,,,,,,,,,,,,,,,,,,,,0.02169199287891388,0.011687396094202995,0.0195321012288332,0.0,0.23331159353256226,1.0,0.33572524785995483,0.0,0.0,0.00015713684842921793,197.5228271484375,0.23761263489723206,0.6936876177787781,1.6245194673538208,2.0660390853881836,1.0,0.6010274291038513
12,519,0.02791604958474636,,0.020900553092360497,,0.01951255276799202,,0.0,,0.23102223873138428,,1.0,,0.32823795080184937,,0.0,0.0,,,0.00012843434524256736,,202.98178100585938,,0.30597877502441406,,0.942568302154541,,1.4232439994812012,2.1179757118225098,,1.0,,0.7662084102630615,,0.22751085460186005,,,,,,,,,,,,,,,,,
13,529,,0.040935441851615906,,0.04339263588190079,,0.0154393520206213,,0.0,,0.1922101527452469,,1.0,,0.31677037477493286,,,0.0,0.0,,6.597506580874324e-05,,203.71444702148438,,0.31323832273483276,,2.9422314167022705,,,1.123542308807373,,1.0,,1.7675809860229492,,,,,,,,,,,,,,,,,,
13,539,,0.028668416664004326,,0.012574203312397003,,0.017348846420645714,,0.0,,0.20375247299671173,,1.0,,0.31742942333221436,,,0.0,0.0,,6.566461524926126e-05,,210.50479125976562,,0.2848413586616516,,0.5962969064712524,,,1.5356947183609009,,1.0,,0.5648344159126282,,,,,,,,,,,,,,,,,,
13,549,,0.02594936080276966,,0.002913418225944042,,0.01670931652188301,,0.0,,0.21838641166687012,,1.0,,0.3279968202114105,,,0.0,0.0,,4.917312253382988e-06,,194.25885009765625,,0.295873761177063,,0.415118008852005,,,2.077169418334961,,1.0,,0.48079386353492737,,,,,,,,,,,,,,,,,,
13,559,,0.027644019573926926,,0.03880377486348152,,0.01591627672314644,,0.0,,0.2149377167224884,,1.0,,0.3254324793815613,,,0.0,0.0,,6.299524670794199e-07,,202.8174285888672,,0.27367720007896423,,1.7432125806808472,,,1.3759825229644775,,1.0,,1.1507296562194824,,,,,,,,,,,,,,,,,,
13,559,,,,,,,,,,,,,,,,,,,,,,,,,,,,,,,,,,,0.01931600831449032,0.004813299048691988,0.016799798235297203,0.0,0.22801899909973145,1.0,0.33527183532714844,0.0,0.0,0.0003289196756668389,198.27969360351562,0.23748785257339478,0.5937284231185913,1.7473224401474,2.0906431674957275,1.0,0.5435267090797424
13,559,0.029207229614257812,,0.027190878987312317,,0.01638580486178398,,0.0,,0.22101803123950958,,1.0,,0.3271861672401428,,0.0,0.0,,,9.036478149937466e-05,,202.6386260986328,,0.30181774497032166,,1.4477753639221191,,1.5082159042358398,2.142487049102783,,1.0,,1.015188455581665,,0.22655420005321503,,,,,,,,,,,,,,,,,
14,569,,0.026822131127119064,,0.008451891131699085,,0.014813181944191456,,0.0,,0.20686592161655426,,1.0,,0.3197627067565918,,,0.0,0.0,,3.702261165017262e-05,,203.64608764648438,,0.2842676043510437,,0.597133994102478,,,1.6139225959777832,,1.0,,0.563270628452301,,,,,,,,,,,,,,,,,,
14,579,,0.025373749434947968,,0.002869674935936928,,0.015111241489648819,,0.0,,0.2204597443342209,,1.0,,0.3301299214363098,,,0.0,0.0,,5.78525668970542e-06,,199.89096069335938,,0.2769646644592285,,0.4271869957447052,,,1.4650473594665527,,1.0,,0.47794145345687866,,,,,,,,,,,,,,,,,,
14,589,,0.01746179535984993,,0.003158038016408682,,0.016222668811678886,,0.0,,0.22805406153202057,,1.0,,0.3367507755756378,,,0.0,0.0,,0.00010502069926587865,,199.52883911132812,,0.28142493963241577,,0.38192740082740784,,,1.4787352085113525,,1.0,,0.4576878845691681,,,,,,,,,,,,,,,,,,
14,599,,0.017773114144802094,,0.002605439629405737,,0.01664838381111622,,0.0,,0.20296569168567657,,1.0,,0.31938809156417847,,,0.0,0.0,,2.9007656848989427e-05,,201.03152465820312,,0.2722877264022827,,0.46670210361480713,,,1.6924431324005127,,1.0,,0.48284637928009033,,,,,,,,,,,,,,,,,,
14,599,,,,,,,,,,,,,,,,,,,,,,,,,,,,,,,,,,,0.01920265704393387,0.0056056794710457325,0.016894415020942688,0.0,0.2150396853685379,1.0,0.33481818437576294,0.0,0.0,0.00014350353740155697,198.46925354003906,0.22778531908988953,0.5432815551757812,1.7076842784881592,2.082535743713379,1.0,0.5072186589241028
14,599,0.022152729332447052,,0.011442149057984352,,0.015563512220978737,,0.0,,0.2115079164505005,,1.0,,0.32722944021224976,,0.0,0.0,,,7.944824028527364e-05,,202.9358673095703,,0.27947062253952026,,0.5471930503845215,,1.5101428031921387,2.1393256187438965,,1.0,,0.5374794006347656,,0.22665901482105255,,,,,,,,,,,,,,,,,
15,609,,0.025494052097201347,,0.024042027071118355,,0.016089066863059998,,0.0,,0.21541455388069153,,1.0,,0.33192262053489685,,,0.0,0.0,,3.314549758215435e-05,,200.901611328125,,0.2780850827693939,,0.6434574127197266,,,1.5649974346160889,,1.0,,0.5948720574378967,,,,,,,,,,,,,,,,,,
15,619,,0.01843457669019699,,0.005362062249332666,,0.014512029476463795,,0.0,,0.19992703199386597,,1.0,,0.3362140655517578,,,0.0,0.0,,7.626484148204327e-05,,200.84605407714844,,0.26358598470687866,,0.35171568393707275,,,1.2304143905639648,,1.0,,0.42100203037261963,,,,,,,,,,,,,,,,,,
15,629,,0.024777449667453766,,0.011547321453690529,,0.015420139767229557,,0.0,,0.18631115555763245,,1.0,,0.3312109708786011,,,0.0,0.0,,2.7074400350102223e-05,,204.21713256835938,,0.2631055414676666,,0.5488593578338623,,,1.6929134130477905,,1.0,,0.5188559889793396,,,,,,,,,,,,,,,,,,
15,639,,0.029161663725972176,,0.025345096364617348,,0.015676578506827354,,0.0,,0.2156117707490921,,1.0,,0.31555747985839844,,,0.0,0.0,,5.916654845350422e-05,,201.21067810058594,,0.2619470953941345,,0.9798865914344788,,,1.2963935136795044,,1.0,,0.7575733661651611,,,,,,,,,,,,,,,,,,
15,639,,,,,,,,,,,,,,,,,,,,,,,,,,,,,,,,,,,0.019112417474389076,0.007301895413547754,0.016866032034158707,0.0,0.22107286751270294,1.0,0.33527570962905884,0.0,0.0,0.00011410428851377219,198.18443298339844,0.22350512444972992,0.5155856609344482,1.6946845054626465,2.0806474685668945,1.0,0.4950326681137085
15,639,0.022115593776106834,,0.015724152326583862,,0.015594196505844593,,0.0,,0.20257695019245148,,1.0,,0.3271954655647278,,0.0,0.0,,,0.00011291648115729913,,202.998291015625,,0.26789590716362,,0.5995413064956665,,1.489493727684021,2.1356754302978516,,1.0,,0.5555428862571716,,0.22654131054878235,,,,,,,,,,,,,,,,,
16,649,,0.02641909569501877,,0.02546645700931549,,0.016960330307483673,,0.0,,0.21539397537708282,,1.0,,0.33890390396118164,,,0.0,0.0,,0.0001484765816712752,,201.78610229492188,,0.27375951409339905,,2.393127679824829,,,1.574951171875,,1.0,,1.4688535928726196,,,,,,,,,,,,,,,,,,
16,659,,0.015568289905786514,,0.00973453838378191,,0.014216853305697441,,0.0,,0.18612033128738403,,1.0,,0.3139774203300476,,,0.0,0.0,,0.0001319619477726519,,198.197509765625,,0.2583450973033905,,0.28971198201179504,,,1.5212621688842773,,1.0,,0.3812277913093567,,,,,,,,,,,,,,,,,,
16,669,,0.02288302779197693,,0.008252415806055069,,0.015656258910894394,,0.0,,0.19115273654460907,,1.0,,0.33053073287010193,,,0.0,0.0,,3.724380803760141e-05,,204.31883239746094,,0.2747359275817871,,0.3217391073703766,,,1.4132821559906006,,1.0,,0.41096585988998413,,,,,,,,,,,,,,,,,,
16,679,,0.023657146841287613,,0.0028091042768210173,,0.014503790065646172,,0.0,,0.1864023208618164,,1.0,,0.31426629424095154,,,0.0,0.0,,8.956919191405177e-05,,198.9339599609375,,0.26883822679519653,,0.3420500159263611,,,1.580995798110962,,1.0,,0.41337358951568604,,,,,,,,,,,,,,,,,,
16,679,,,,,,,,,,,,,,,,,,,,,,,,,,,,,,,,,,,0.018308574333786964,0.0036467136815190315,0.015924012288451195,0.0,0.20661231875419617,1.0,0.33348631858825684,0.0,0.0,0.00014415076293516904,198.31370544433594,0.2206995040178299,0.47731277346611023,1.7166935205459595,2.0852229595184326,1.0,0.4649544060230255
16,679,0.02117713913321495,,0.014704291708767414,,0.014723606407642365,,0.0,,0.1958339512348175,,1.0,,0.3279246687889099,,0.0,0.0,,,0.0001205382650368847,,203.07101440429688,,0.26542171835899353,,0.710551381111145,,1.5014439821243286,2.131899356842041,,1.0,,0.6053768396377563,,0.22752134501934052,,,,,,,,,,,,,,,,,
17,689,,0.032226644456386566,,0.004263097420334816,,0.015013739466667175,,0.0,,0.19035515189170837,,1.0,,0.3295174539089203,,,0.0,0.0,,1.7365797248203307e-05,,204.49563598632812,,0.2578832507133484,,0.27657759189605713,,,1.3752446174621582,,1.0,,0.3821629285812378,,,,,,,,,,,,,,,,,,
17,699,,0.017058221623301506,,0.023879481479525566,,0.014469994232058525,,0.0,,0.18709123134613037,,1.0,,0.3299214243888855,,,0.0,0.0,,2.552300793468021e-05,,203.8248291015625,,0.2542870044708252,,0.38016992807388306,,,1.4097437858581543,,1.0,,0.4327026903629303,,,,,,,,,,,,,,,,,,
17,709,,0.017674868926405907,,0.015815280377864838,,0.013434654101729393,,0.0,,0.1870719939470291,,1.0,,0.32303380966186523,,,0.0,0.0,,2.385773086643894e-06,,202.467041015625,,0.2529872953891754,,0.3524465560913086,,,1.3108363151550293,,1.0,,0.41434264183044434,,,,,,,,,,,,,,,,,,
17,719,,0.018747951835393906,,0.0036088800989091396,,0.01440874021500349,,0.0,,0.20648320019245148,,1.0,,0.32728368043899536,,,0.0,0.0,,1.0539091817918234e-05,,207.9617156982422,,0.2545810639858246,,0.39857327938079834,,,1.2721810340881348,,1.0,,0.4424433410167694,,,,,,,,,,,,,,,,,,
17,719,,,,,,,,,,,,,,,,,,,,,,,,,,,,,,,,,,,0.017681436613202095,0.003154038917273283,0.01609954796731472,0.0,0.20532460510730743,1.0,0.3319181799888611,0.0,0.0,0.0001745860936352983,198.2000732421875,0.22076573967933655,0.4269345700740814,1.6915806531906128,2.0800061225891113,1.0,0.4386274516582489
17,719,0.019660189747810364,,0.012086896225810051,,0.014274629764258862,,0.0,,0.18951331079006195,,1.0,,0.32679682970046997,,0.0,0.0,,,0.00010291585931554437,,203.01170349121094,,0.2567257285118103,,0.4335506558418274,,1.5017160177230835,2.1394410133361816,,1.0,,0.4572473168373108,,0.22668638825416565,,,,,,,,,,,,,,,,,
18,729,,0.016848621889948845,,0.00891675241291523,,0.015182286500930786,,0.0,,0.192864328622818,,1.0,,0.3224232792854309,,,0.0,0.0,,1.1487145457067527e-05,,201.59445190429688,,0.2569175362586975,,0.351165771484375,,,1.8118549585342407,,1.0,,0.4148804843425751,,,,,,,,,,,,,,,,,,
18,739,,0.01763220876455307,,0.004464562050998211,,0.01492232084274292,,0.0,,0.16214482486248016,,1.0,,0.3249523937702179,,,0.0,0.0,,3.1171754244496697e-07,,200.9309539794922,,0.23825301229953766,,0.2688319981098175,,,1.381464958190918,,1.0,,0.34715569019317627,,,,,,,,,,,,,,,,,,
18,749,,0.013607881963253021,,0.006053396034985781,,0.013339882716536522,,0.0,,0.18179841339588165,,1.0,,0.3166043162345886,,,0.0,0.0,,4.91152131871786e-05,,207.28390502929688,,0.25302377343177795,,0.3979443609714508,,,1.5553159713745117,,1.0,,0.42757245898246765,,,,,,,,,,,,,,,,,,
18,759,,0.01660177856683731,,0.0025709879118949175,,0.012911748141050339,,0.0,,0.1772938072681427,,1.0,,0.33714237809181213,,,0.0,0.0,,0.00010877325985347852,,204.4630584716797,,0.25536176562309265,,0.34449607133865356,,,1.4252235889434814,,1.0,,0.3995077610015869,,,,,,,,,,,,,,,,,,
18,759,,,,,,,,,,,,,,,,,,,,,,,,,,,,,,,,,,,0.016928330063819885,0.0029187470208853483,0.015413428656756878,0.0,0.19425736367702484,1.0,0.33403462171554565,0.0,0.0,0.0002352619485463947,198.6383819580078,0.2138558328151703,0.4373745024204254,1.6694661378860474,2.075183868408203,1.0,0.4343263804912567
18,759,0.018142802640795708,,0.00897125992923975,,0.014411632902920246,,0.0,,0.18331527709960938,,1.0,,0.3259522020816803,,0.0,0.0,,,0.00011479367822175846,,203.3065948486328,,0.25472232699394226,,0.3681674897670746,,1.4800163507461548,2.1335396766662598,,1.0,,0.4181581139564514,,0.22616343200206757,,,,,,,,,,,,,,,,,
19,769,,0.013838156126439571,,0.0061569735407829285,,0.014097573235630989,,0.0,,0.17151609063148499,,1.0,,0.3352085053920746,,,0.0,0.0,,0.00011150774662382901,,206.4593505859375,,0.24417617917060852,,0.2694549560546875,,,1.335074782371521,,1.0,,0.35403668880462646,,,,,,,,,,,,,,,,,,
19,779,,0.02000558376312256,,0.005316371563822031,,0.017456460744142532,,0.0,,0.17158478498458862,,1.0,,0.33697640895843506,,,0.0,0.0,,0.00011474944767542183,,205.03988647460938,,0.23999369144439697,,0.27713876962661743,,,1.3099100589752197,,1.0,,0.35882261395454407,,,,,,,,,,,,,,,,,,
19,789,,0.017473459243774414,,0.005640043411403894,,0.01657094806432724,,0.0,,0.17326796054840088,,1.0,,0.32281312346458435,,,0.0,0.0,,1.923355966937379e-06,,206.98190307617188,,0.2442518174648285,,0.3645663559436798,,,1.4228606224060059,,1.0,,0.4042578637599945,,,,,,,,,,,,,,,,,,
19,799,,0.01960243098437786,,0.005270246881991625,,0.01711265742778778,,0.0,,0.18061552941799164,,1.0,,0.32245922088623047,,,0.0,0.0,,6.0291276895441115e-06,,201.4855194091797,,0.25528281927108765,,0.4028957486152649,,,1.4382344484329224,,1.0,,0.43354764580726624,,,,,,,,,,,,,,,,,,
19,799,,,,,,,,,,,,,,,,,,,,,,,,,,,,,,,,,,,0.016724757850170135,0.0034810409415513277,0.015772240236401558,0.0,0.19772043824195862,1.0,0.3292557895183563,0.0,0.0,0.00017271553224418312,198.16847229003906,0.21200428903102875,0.44458794593811035,1.6658419370651245,2.0740866661071777,1.0,0.43892282247543335
19,799,0.017832450568675995,,0.008494257926940918,,0.014339226298034191,,0.0,,0.17707890272140503,,1.0,,0.3263067901134491,,0.0,0.0,,,9.632157889427617e-05,,203.23992919921875,,0.2505530118942261,,0.4241533875465393,,1.4626314640045166,2.1323635578155518,,1.0,,0.44053810834884644,,0.226761132478714,,,,,,,,,,,,,,,,,
20,809,,0.020387496799230576,,0.00294593907892704,,0.015173782594501972,,0.0,,0.1939360350370407,,1.0,,0.33172738552093506,,,0.0,0.0,,5.51161720068194e-05,,205.4656219482422,,0.2748219072818756,,0.3510148823261261,,,1.2167165279388428,,1.0,,0.423098087310791,,,,,,,,,,,,,,,,,,
20,819,,0.016538619995117188,,0.022351982071995735,,0.013238755986094475,,0.0,,0.17483903467655182,,1.0,,0.3378748893737793,,,0.0,0.0,,0.00019028033420909196,,209.42416381835938,,0.238417387008667,,0.3426474928855896,,,1.449376106262207,,1.0,,0.3988162577152252,,,,,,,,,,,,,,,,,,
20,829,,0.01682741567492485,,0.002512425882741809,,0.011854575015604496,,0.0,,0.17706415057182312,,1.0,,0.30118924379348755,,,0.0,0.0,,0.00048300588969141245,,199.98321533203125,,0.2487587332725525,,0.38700950145721436,,,1.3847911357879639,,1.0,,0.41751307249069214,,,,,,,,,,,,,,,,,,
20,839,,0.015912245959043503,,0.010804038494825363,,0.012276098132133484,,0.0,,0.15324437618255615,,1.0,,0.317241370677948,,,0.0,0.0,,2.6841058570425957e-05,,205.20956420898438,,0.2531229555606842,,0.30773013830184937,,,1.723854899406433,,1.0,,0.3716478943824768,,,,,,,,,,,,,,,,,,
20,839,,,,,,,,,,,,,,,,,,,,,,,,,,,,,,,,,,,0.01616268791258335,0.007494262885302305,0.014372616074979305,0.0,0.1971064805984497,1.0,0.3318091928958893,0.0,0.0,0.00013767863856628537,198.76731872558594,0.2110653966665268,0.4263289272785187,1.6772643327713013,2.076444387435913,1.0,0.43058496713638306
20,839,0.017024805769324303,,0.00949719175696373,,0.013843856751918793,,0.0,,0.17112596333026886,,1.0,,0.32594817876815796,,0.0,0.0,,,0.0001353969273623079,,203.39334106445312,,0.24696767330169678,,0.3472737967967987,,1.469290018081665,2.137455463409424,,1.0,,0.3973967730998993,,0.22655999660491943,,,,,,,,,,,,,,,,,
21,849,,0.013691915199160576,,0.0023446751292794943,,0.013053061440587044,,0.0,,0.16314436495304108,,1.0,,0.33022698760032654,,,0.0,0.0,,3.551648114807904e-05,,206.629638671875,,0.2418268322944641,,0.31471195816993713,,,1.6767786741256714,,1.0,,0.36918291449546814,,,,,,,,,,,,,,,,,,
21,859,,0.017073241993784904,,0.007134959567338228,,0.014103414490818977,,0.0,,0.16334886848926544,,1.0,,0.3050994873046875,,,0.0,0.0,,0.00035155401565134525,,209.4072723388672,,0.23213320970535278,,0.3231363892555237,,,1.2860116958618164,,1.0,,0.3729994595050812,,,,,,,,,,,,,,,,,,
21,869,,0.01711435429751873,,0.04922325536608696,,0.012422804720699787,,0.0,,0.16011737287044525,,1.0,,0.3120289742946625,,,0.0,0.0,,0.00010812027176143602,,210.3176727294922,,0.23428457975387573,,0.314919114112854,,,1.7008682489395142,,1.0,,0.38912567496299744,,,,,,,,,,,,,,,,,,
21,879,,0.014294356107711792,,0.0035559353418648243,,0.012108315713703632,,0.0,,0.1483546644449234,,1.0,,0.3343941569328308,,,0.0,0.0,,0.00011427394929341972,,201.83309936523438,,0.24007198214530945,,0.2586515545845032,,,1.4501768350601196,,1.0,,0.3337322473526001,,,,,,,,,,,,,,,,,,
21,879,,,,,,,,,,,,,,,,,,,,,,,,,,,,,,,,,,,0.016605693846940994,0.0039618369191884995,0.014618492685258389,0.0,0.188669815659523,1.0,0.33382195234298706,0.0,0.0,0.00011000212543876842,198.3372344970703,0.2073080837726593,0.44373026490211487,1.6589163541793823,2.072814464569092,1.0,0.4316547214984894
21,879,0.016624119132757187,,0.010611147619783878,,0.013467523269355297,,0.0,,0.1670246571302414,,1.0,,0.32587528228759766,,0.0,0.0,,,6.736318027833477e-05,,203.25392150878906,,0.24284100532531738,,0.32272061705589294,,1.4635329246520996,2.1255764961242676,,1.0,,0.3812912404537201,,0.2268567830324173,,,,,,,,,,,,,,,,,
22,889,,0.012332914397120476,,0.010753345675766468,,0.014326338656246662,,0.0,,0.16386917233467102,,1.0,,0.3245484232902527,,,0.0,0.0,,4.343374371273967e-08,,211.99215698242188,,0.25419241189956665,,0.34514090418815613,,,1.4660096168518066,,1.0,,0.3945770263671875,,,,,,,,,,,,,,,,,,
22,899,,0.016652412712574005,,0.0024747245479375124,,0.014644963666796684,,0.0,,0.16377165913581848,,1.0,,0.3185460865497589,,,0.0,0.0,,2.2465903384727426e-05,,206.92855834960938,,0.23279207944869995,,0.3925512135028839,,,1.2830554246902466,,1.0,,0.4055967926979065,,,,,,,,,,,,,,,,,,
22,909,,0.017036156728863716,,0.0030864228028804064,,0.013148757629096508,,0.0,,0.14331865310668945,,1.0,,0.3274470269680023,,,0.0,0.0,,5.960609996691346e-06,,208.332275390625,,0.22686457633972168,,0.26053163409233093,,,1.258065938949585,,1.0,,0.32673659920692444,,,,,,,,,,,,,,,,,,
22,919,,0.01295432262122631,,0.004995633382350206,,0.013973800465464592,,0.0,,0.1685234010219574,,1.0,,0.33530768752098083,,,0.0,0.0,,8.245980279752985e-05,,202.2334442138672,,0.22943855822086334,,0.28275665640830994,,,1.3791711330413818,,1.0,,0.3507729172706604,,,,,,,,,,,,,,,,,,
22,919,,,,,,,,,,,,,,,,,,,,,,,,,,,,,,,,,,,0.01536042895168066,0.0033563654869794846,0.014257596805691719,0.0,0.19586330652236938,1.0,0.32878735661506653,0.0,0.0,0.0001581305405125022,198.6676788330078,0.20432420074939728,0.4074259400367737,1.6759039163589478,2.0761213302612305,1.0,0.4146699011325836
22,919,0.01705191656947136,,0.0064986273646354675,,0.013639966957271099,,0.0,,0.16198843717575073,,1.0,,0.3262363076210022,,0.0,0.0,,,0.0001127547729993239,,203.33663940429688,,0.23808586597442627,,0.40232133865356445,,1.4639993906021118,2.1324751377105713,,1.0,,0.41439348459243774,,0.22727766633033752,,,,,,,,,,,,,,,,,
23,929,,0.011831274256110191,,0.006826062686741352,,0.012043479830026627,,0.0,,0.13746695220470428,,1.0,,0.3182452321052551,,,0.0,0.0,,1.2867478289990686e-05,,196.5947723388672,,0.23445561528205872,,0.4254882335662842,,,1.6214544773101807,,1.0,,0.4092448353767395,,,,,,,,,,,,,,,,,,
23,939,,0.013653993606567383,,0.0020617779809981585,,0.012273943983018398,,0.0,,0.1568249762058258,,1.0,,0.33428362011909485,,,0.0,0.0,,0.00010775739065138623,,197.86309814453125,,0.2592419981956482,,0.27632853388786316,,,2.231566905975342,,1.0,,0.3553369343280792,,,,,,,,,,,,,,,,,,
23,949,,0.01625506579875946,,0.03338634595274925,,0.0111306831240654,,0.0,,0.15408359467983246,,1.0,,0.3146575093269348,,,0.0,0.0,,6.621833017561585e-05,,204.68539428710938,,0.2364763468503952,,0.4165792167186737,,,1.417567253112793,,1.0,,0.42953646183013916,,,,,,,,,,,,,,,,,,
23,959,,0.013400459662079811,,0.016737688332796097,,0.012990215793251991,,0.0,,0.15143458545207977,,1.0,,0.3396746516227722,,,0.0,0.0,,0.00016909213445615023,,204.0745849609375,,0.22436994314193726,,0.3127351999282837,,,1.5897464752197266,,1.0,,0.36072251200675964,,,,,,,,,,,,,,,,,,
23,959,,,,,,,,,,,,,,,,,,,,,,,,,,,,,,,,,,,0.015530952252447605,0.003975959960371256,0.014049841091036797,0.0,0.18406373262405396,1.0,0.33037182688713074,0.0,0.0,7.21826872904785e-05,198.25294494628906,0.2013496458530426,0.3965613842010498,1.6677956581115723,2.074553966522217,1.0,0.4021819829940796
23,959,0.016329895704984665,,0.008254908956587315,,0.012895941734313965,,0.0,,0.15767160058021545,,1.0,,0.32494381070137024,,0.0,0.0,,,6.339451647363603e-05,,203.51776123046875,,0.2356071025133133,,0.3174840807914734,,1.469879388809204,2.136723518371582,,1.0,,0.36899513006210327,,0.22626502811908722,,,,,,,,,,,,,,,,,
24,969,,0.016374317929148674,,0.02072521112859249,,0.01311849057674408,,0.0,,0.15591104328632355,,1.0,,0.32465314865112305,,,0.0,0.0,,4.628393071470782e-06,,203.305419921875,,0.23704516887664795,,0.26082369685173035,,,1.277796745300293,,1.0,,0.346753865480423,,,,,,,,,,,,,,,,,,
24,979,,0.01685095578432083,,0.005012174602597952,,0.010882215574383736,,0.0,,0.15736012160778046,,1.0,,0.3208004832267761,,,0.0,0.0,,7.187052688095719e-06,,199.73643493652344,,0.22845596075057983,,0.19237136840820312,,,1.2550710439682007,,1.0,,0.30111709237098694,,,,,,,,,,,,,,,,,,
24,989,,0.01435387134552002,,0.0019874493591487408,,0.012860290706157684,,0.0,,0.15437936782836914,,1.0,,0.3384391665458679,,,0.0,0.0,,0.00018289523723069578,,206.2804412841797,,0.23155996203422546,,0.2566860616207123,,,1.5366759300231934,,1.0,,0.33086082339286804,,,,,,,,,,,,,,,,,,
24,999,,0.013962816447019577,,0.002980810822919011,,0.012875981628894806,,0.0,,0.1382163166999817,,1.0,,0.3316768407821655,,,0.0,0.0,,4.4780368625652045e-05,,201.9691162109375,,0.2537520229816437,,0.24507084488868713,,,1.4493799209594727,,1.0,,0.32830139994621277,,,,,,,,,,,,,,,,,,
24,999,,,,,,,,,,,,,,,,,,,,,,,,,,,,,,,,,,,0.015494579449295998,0.003491465700790286,0.01371657196432352,0.0,0.18807587027549744,1.0,0.32979685068130493,0.0,0.0,0.00011958228424191475,198.81593322753906,0.20054881274700165,0.383924275636673,1.6727781295776367,2.07558536529541,1.0,0.39719897508621216
24,999,0.016448665410280228,,0.00794048048555851,,0.012574717402458191,,0.0,,0.1538720428943634,,1.0,,0.3249158263206482,,0.0,0.0,,,6.89327935106121e-05,,203.26791381835938,,0.23397867381572723,,0.38036680221557617,,1.4706865549087524,2.1302707195281982,,1.0,,0.39759525656700134,,0.22634656727313995,,,,,,,,,,,,,,,,,
25,1009,,0.018717797473073006,,0.0034057553857564926,,0.014277542009949684,,0.0,,0.1467261165380478,,1.0,,0.34284791350364685,,,0.0,0.0,,0.0003026416525244713,,200.98983764648438,,0.23551654815673828,,0.293818861246109,,,2.210747003555298,,1.0,,0.35067158937454224,,,,,,,,,,,,,,,,,,
25,1019,,0.01745997928082943,,0.002499896800145507,,0.013878386467695236,,0.0,,0.12951388955116272,,1.0,,0.33138084411621094,,,0.0,0.0,,5.768248229287565e-05,,210.67662048339844,,0.24616901576519012,,0.29397979378700256,,,1.5067138671875,,1.0,,0.3462279736995697,,,,,,,,,,,,,,,,,,
25,1029,,0.018945112824440002,,0.004114344250410795,,0.012185482308268547,,0.0,,0.16036885976791382,,1.0,,0.3096338212490082,,,0.0,0.0,,0.00014318492321763188,,201.22032165527344,,0.24524345993995667,,0.27643030881881714,,,1.3947138786315918,,1.0,,0.3538411557674408,,,,,,,,,,,,,,,,,,
25,1039,,0.014345206320285797,,0.013354712165892124,,0.013259910978376865,,0.0,,0.15805748105049133,,1.0,,0.3318045735359192,,,0.0,0.0,,4.666670429287478e-05,,202.39208984375,,0.23558279871940613,,0.2807455062866211,,,1.5334768295288086,,1.0,,0.35239219665527344,,,,,,,,,,,,,,,,,,
25,1039,,,,,,,,,,,,,,,,,,,,,,,,,,,,,,,,,,,0.015448270365595818,0.0030894356314092875,0.013601484708487988,0.0,0.18897606432437897,1.0,0.33052968978881836,0.0,0.0,0.0001426989765604958,198.68914794921875,0.2007332444190979,0.3813578188419342,1.678702473640442,2.076587677001953,1.0,0.3962339460849762
25,1039,0.017420439049601555,,0.008281195536255836,,0.012320639565587044,,0.0,,0.15185561776161194,,1.0,,0.32438984513282776,,0.0,0.0,,,5.6678713008295745e-05,,203.35757446289062,,0.232791468501091,,0.5083322525024414,,1.4726006984710693,2.1289281845092773,,1.0,,0.4606008529663086,,0.2257930338382721,,,,,,,,,,,,,,,,,
26,1049,,0.01680675894021988,,0.006712538655847311,,0.014742283150553703,,0.0,,0.16816258430480957,,1.0,,0.33666935563087463,,,0.0,0.0,,0.00011831201118184254,,198.8776092529297,,0.22963181138038635,,0.2358524650335312,,,1.3807265758514404,,1.0,,0.33011648058891296,,,,,,,,,,,,,,,,,,
26,1059,,0.01533515751361847,,0.006941324099898338,,0.010770708322525024,,0.0,,0.12363822013139725,,1.0,,0.3122525215148926,,,0.0,0.0,,0.00010814785491675138,,203.20828247070312,,0.23171281814575195,,0.22465579211711884,,,1.4706413745880127,,1.0,,0.302272766828537,,,,,,,,,,,,,,,,,,
26,1069,,0.015987642109394073,,0.012441630475223064,,0.01388574205338955,,0.0,,0.1615391969680786,,1.0,,0.3420112431049347,,,0.0,0.0,,0.0002802084491122514,,202.15267944335938,,0.24111703038215637,,0.25344720482826233,,,1.3974132537841797,,1.0,,0.3437950313091278,,,,,,,,,,,,,,,,,,
26,1079,,0.012546787038445473,,0.01951100304722786,,0.00973067618906498,,0.0,,0.15058740973472595,,1.0,,0.3240615725517273,,,0.0,0.0,,3.588686752209469e-07,,206.49888610839844,,0.22883251309394836,,0.27021482586860657,,,1.5775189399719238,,1.0,,0.34181949496269226,,,,,,,,,,,,,,,,,,
26,1079,,,,,,,,,,,,,,,,,,,,,,,,,,,,,,,,,,,0.015612167306244373,0.003249992150813341,0.013562960550189018,0.0,0.18750932812690735,1.0,0.33080124855041504,0.0,0.0,0.00010003917122958228,198.6454315185547,0.20082926750183105,0.3754943013191223,1.6813660860061646,2.0771024227142334,1.0,0.39275383949279785
26,1079,0.01677139848470688,,0.005825904197990894,,0.012255883775651455,,0.0,,0.15247279405593872,,1.0,,0.3249494433403015,,0.0,0.0,,,8.939502731664106e-05,,203.27017211914062,,0.23337015509605408,,0.37210994958877563,,1.4759029150009155,2.12489652633667,,1.0,,0.39154544472694397,,0.22636303305625916,,,,,,,,,,,,,,,,,
27,1089,,0.02450614795088768,,0.00605291873216629,,0.013159984722733498,,0.0,,0.16291803121566772,,1.0,,0.3366422653198242,,,0.0,0.0,,0.00017749660764820874,,211.93075561523438,,0.23046833276748657,,1.463270664215088,,,1.3298159837722778,,1.0,,0.9450128078460693,,,,,,,,,,,,,,,,,,
27,1099,,0.016738273203372955,,0.002112056827172637,,0.015380529686808586,,0.0,,0.14590410888195038,,1.0,,0.3436858057975769,,,0.0,0.0,,0.0003381214046385139,,204.15951538085938,,0.2386598289012909,,0.2049233466386795,,,1.5840649604797363,,1.0,,0.30587589740753174,,,,,,,,,,,,,,,,,,
27,1109,,0.014935629442334175,,0.019311238080263138,,0.012202802114188671,,0.0,,0.15754136443138123,,1.0,,0.3231949806213379,,,0.0,0.0,,1.2028394849039614e-06,,195.62844848632812,,0.23678141832351685,,0.35517221689224243,,,1.3244589567184448,,1.0,,0.3930918276309967,,,,,,,,,,,,,,,,,,
27,1119,,0.01307248417288065,,0.009729793295264244,,0.010273458436131477,,0.0,,0.16187773644924164,,1.0,,0.3058597445487976,,,0.0,0.0,,0.0002642673789523542,,203.0073699951172,,0.22917687892913818,,0.31678447127342224,,,1.3954133987426758,,1.0,,0.3664802014827728,,,,,,,,,,,,,,,,,,
27,1119,,,,,,,,,,,,,,,,,,,,,,,,,,,,,,,,,,,0.015327557921409607,0.0036470575723797083,0.013516279868781567,0.0,0.18572697043418884,1.0,0.33021050691604614,0.0,0.0,9.93838912108913e-05,198.734375,0.20088952779769897,0.37418803572654724,1.6834532022476196,2.077406406402588,1.0,0.3912908732891083
27,1119,0.016705844551324844,,0.006288718432188034,,0.012248814105987549,,0.0,,0.1517414152622223,,1.0,,0.3246614336967468,,0.0,0.0,,,8.508669270668179e-05,,203.43478393554688,,0.23253118991851807,,0.3473503291606903,,1.4749903678894043,2.136354446411133,,1.0,,0.37857621908187866,,0.22608032822608948,,,,,,,,,,,,,,,,,
28,1129,,0.012966704554855824,,0.014407524839043617,,0.01310136541724205,,0.0,,0.14829039573669434,,1.0,,0.3287087380886078,,,0.0,0.0,,2.2733956939191557e-05,,205.18353271484375,,0.23267629742622375,,0.2397196739912033,,,1.5671396255493164,,1.0,,0.3253517746925354,,,,,,,,,,,,,,,,,,
28,1139,,0.014319272711873055,,0.020106829702854156,,0.012575149536132812,,0.0,,0.1535431295633316,,1.0,,0.3195735812187195,,,0.0,0.0,,7.88622855907306e-06,,208.5292205810547,,0.23213490843772888,,0.33630847930908203,,,1.484443187713623,,1.0,,0.37946775555610657,,,,,,,,,,,,,,,,,,
28,1149,,0.013850181363523006,,0.0021894609089940786,,0.011109447106719017,,0.0,,0.15694880485534668,,1.0,,0.3190908432006836,,,0.0,0.0,,1.2092376891814638e-05,,205.73464965820312,,0.22908085584640503,,0.2282509207725525,,,1.5833683013916016,,1.0,,0.31627708673477173,,,,,,,,,,,,,,,,,,
28,1159,,0.013399144634604454,,0.017857065424323082,,0.013453301973640919,,0.0,,0.1714903712272644,,1.0,,0.3227897584438324,,,0.0,0.0,,1.4347963315231027e-06,,201.1898651123047,,0.23277133703231812,,0.23706823587417603,,,1.5733076333999634,,1.0,,0.3376391530036926,,,,,,,,,,,,,,,,,,
28,1159,,,,,,,,,,,,,,,,,,,,,,,,,,,,,,,,,,,0.015356658026576042,0.0032284841872751713,0.013541447930037975,0.0,0.18527740240097046,1.0,0.3303576409816742,0.0,0.0,0.00015425190213136375,198.73851013183594,0.20108939707279205,0.37861377000808716,1.6827887296676636,2.0773134231567383,1.0,0.39321407675743103
28,1159,0.01642266847193241,,0.007266090251505375,,0.012190119363367558,,0.0,,0.14971688389778137,,1.0,,0.32460448145866394,,0.0,0.0,,,3.888626451953314e-05,,203.387451171875,,0.23270443081855774,,0.31274741888046265,,1.459264874458313,2.142934560775757,,1.0,,0.36066728830337524,,0.22606119513511658,,,,,,,,,,,,,,,,,
29,1169,,0.014291494153439999,,0.0014692825498059392,,0.012446275912225246,,0.0,,0.14676567912101746,,1.0,,0.32186317443847656,,,0.0,0.0,,1.6727060483390233e-06,,208.5631103515625,,0.2315724790096283,,0.2479204386472702,,,1.824349045753479,,1.0,,0.32225513458251953,,,,,,,,,,,,,,,,,,
29,1179,,0.012809447012841702,,0.004203145857900381,,0.010197805240750313,,0.0,,0.1580718606710434,,1.0,,0.3176422119140625,,,0.0,0.0,,2.8319818738964386e-05,,203.24349975585938,,0.2324983775615692,,0.2765204608440399,,,1.2678418159484863,,1.0,,0.3430855870246887,,,,,,,,,,,,,,,,,,
29,1189,,0.016298914328217506,,0.002863000612705946,,0.012730021961033344,,0.0,,0.15081088244915009,,1.0,,0.3228268623352051,,,0.0,0.0,,4.1045215226631626e-08,,210.59373474121094,,0.22609995305538177,,0.1912577599287033,,,1.51786470413208,,1.0,,0.2949382960796356,,,,,,,,,,,,,,,,,,
29,1199,,0.012849276885390282,,0.0020896701607853174,,0.011530837044119835,,0.0,,0.1469259411096573,,1.0,,0.3291897773742676,,,0.0,0.0,,3.880171789205633e-05,,198.50706481933594,,0.23363220691680908,,0.26698216795921326,,,1.3148174285888672,,1.0,,0.33241212368011475,,,,,,,,,,,,,,,,,,
29,1199,,,,,,,,,,,,,,,,,,,,,,,,,,,,,,,,,,,0.01531219482421875,0.003936834167689085,0.013519048690795898,0.0,0.18586133420467377,1.0,0.3298697769641876,0.0,0.0,0.00014504547289106995,198.73928833007812,0.20064756274223328,0.39189133048057556,1.6855653524398804,2.0778727531433105,1.0,0.40024903416633606
29,1199,0.015929413959383965,,0.007256246171891689,,0.01217234693467617,,0.0,,0.15113627910614014,,1.0,,0.3252111077308655,,0.0,0.0,,,6.137204763945192e-05,,203.4567413330078,,0.2334354668855667,,0.32789620757102966,,1.476828932762146,2.1359055042266846,,1.0,,0.3690747618675232,,0.22665560245513916,,,,,,,,,,,,,,,,,
