epoch,lr-AdamW,lr-AdamW-1,step,train/loss_fg,train/loss_mse,train/loss_total
,5e-05,1e-05,0,,,
0,,,49,0.009986557997763157,0.0005344288656488061,0.010520987212657928
0,,,99,0.009985591284930706,0.0014031112659722567,0.011388702318072319
0,,,149,0.009999582543969154,0.001144657377153635,0.011144239455461502
0,,,199,0.0099863326177001,0.001597694237716496,0.011584026739001274
0,,,249,0.00998634472489357,0.000491516082547605,0.01047786045819521
0,,,299,0.009986608289182186,0.0013536077458411455,0.011340215802192688
0,,,349,0.009985832497477531,0.0004433529684320092,0.010429185815155506
0,,,399,0.009987139143049717,0.0004905276000499725,0.01047766674309969
0,,,449,0.00998629443347454,0.001956827938556671,0.011943122372031212
0,,,499,0.009985936805605888,0.000456470821518451,0.010442407801747322
0,,,549,0.009986826218664646,0.0006125968648120761,0.010599423199892044
0,,,599,0.00998676847666502,0.001687894924543798,0.011674663051962852
0,,,649,0.009985878132283688,0.0020430919248610735,0.012028969824314117
0,,,699,0.009986800141632557,0.0009334333008155227,0.010920233093202114
0,,,749,0.009999617002904415,0.0018182775238528848,0.011817894876003265
0,,,799,0.009986900724470615,0.00037645132397301495,0.010363352485001087
0,,,849,0.009986001998186111,0.0022265331353992224,0.012212535366415977
0,,,899,0.009986966848373413,0.002158918185159564,0.01214588526636362
0,,,949,0.009986764751374722,0.0015899811405688524,0.01157674565911293
0,,,999,0.00998579990118742,0.0017137066461145878,0.011699507012963295
0,,,1049,0.00998709537088871,0.0013383423211053014,0.01132543757557869
0,,,1099,0.009986359626054764,0.0005852477042935789,0.010571607388556004
0,,,1149,0.009986038319766521,0.0024326725397258997,0.012418710626661777
0,,,1199,0.009999619796872139,0.0015003421576693654,0.011499961838126183
0,,,1249,0.009985881857573986,0.0004633922944776714,0.010449274443089962
0,,,1299,0.009987021796405315,0.0016924850642681122,0.011679506860673428
0,,,1349,0.009986309334635735,0.0005324942176230252,0.010518803261220455
0,,,1399,0.009999587200582027,0.0016393919941037893,0.01163897942751646
0,,,1449,0.009985306300222874,0.002960087498649955,0.012945394031703472
0,,,1499,0.009986099787056446,0.0007495406316593289,0.010735640302300453
0,,,1549,0.009986351244151592,0.00043000138248316944,0.010416352190077305
0,,,1599,0.009985415264964104,0.0015889500500634313,0.011574365198612213
0,,,1649,0.009986845776438713,0.001686186995357275,0.011673033237457275
0,,,1699,0.009987185709178448,0.0005508385365828872,0.01053802389651537
0,,,1749,0.009984955191612244,0.0014579847920686007,0.0114429397508502
0,,,1799,0.009999561123549938,0.001723316963762045,0.011722877621650696
0,,,1849,0.00998565275222063,0.00045851306640543044,0.010444166138768196
0,,,1899,0.009985909797251225,0.0017631851369515061,0.011749095283448696
0,,,1949,0.009985680691897869,0.001258349628187716,0.01124403066933155
0,,,1999,0.009986708872020245,0.001869824598543346,0.011856533586978912
0,,,2049,0.009986581280827522,0.0004183308337815106,0.010404911823570728
0,,,2099,0.009986292570829391,0.001211131690070033,0.011197424493730068
0,,,2149,0.00998691562563181,0.00042471260530874133,0.010411628521978855
0,,,2199,0.009986240416765213,0.0003080317401327193,0.010294272564351559
0,,,2249,0.009987009689211845,0.0020410295110195875,0.012028039433062077
0,,,2299,0.009983756579458714,0.0016597245121374726,0.011643481440842152
0,,,2349,0.009987583383917809,0.0021243353839963675,0.01211191900074482
0,,,2399,0.00998465996235609,0.0026722894981503487,0.01265694946050644
0,,,2449,0.009985465556383133,0.0004274640523362905,0.010412929579615593
0,,,2499,0.009986450895667076,0.0013369302032515407,0.011323381215333939
0,,,2549,0.009985958226025105,0.0004746860358864069,0.010460644029080868
0,,,2599,0.009985365904867649,0.001836312236264348,0.011821677908301353
,5e-05,1e-05,2616,,,
1,,,2649,0.009986561723053455,0.0013196843210607767,0.011306245811283588
1,,,2699,0.009986917488276958,0.0015821406850591302,0.011569058522582054
1,,,2749,0.00998683087527752,0.001985455397516489,0.011972285807132721
1,,,2799,0.009999584406614304,0.0015652751317247748,0.011564859189093113
1,,,2849,0.009984945878386497,0.0022263526916503906,0.012211298570036888
1,,,2899,0.009986594319343567,0.000520530971698463,0.010507125407457352
1,,,2949,0.009999598376452923,0.0016325098695233464,0.011632108129560947
1,,,2999,0.009986411780118942,0.00038156271330080926,0.010367974638938904
1,,,3049,0.009985326789319515,0.0006070254603400826,0.010592352598905563
1,,,3099,0.009986748918890953,0.0018535582348704338,0.011840307153761387
1,,,3149,0.009986596181988716,0.0003766868612729013,0.010363282635807991
1,,,3199,0.009986468590795994,0.0013135612243786454,0.011300030164420605
1,,,3249,0.00998662132769823,0.001358346431516111,0.011344967409968376
1,,,3299,0.009985500015318394,0.00031703454442322254,0.010302534326910973
1,,,3349,0.009985847398638725,0.0013994808541610837,0.011385328136384487
1,,,3399,0.009986325167119503,0.002629140391945839,0.012615465559065342
1,,,3449,0.00998518243432045,0.0018215449526906013,0.011806727387011051
1,,,3499,0.009999622590839863,0.001770148752257228,0.011769771575927734
1,,,3549,0.009999658912420273,0.0015099095180630684,0.011509568430483341
1,,,3599,0.009999585337936878,0.0017451030435040593,0.011744688265025616
1,,,3649,0.00999958161264658,0.001391275436617434,0.01139085739850998
1,,,3699,0.009987510740756989,0.00048736235476098955,0.010474872775375843
1,,,3749,0.009986751712858677,0.0019335977267473936,0.011920349672436714
1,,,3799,0.00998697429895401,0.0008716474403627217,0.010858621448278427
1,,,3849,0.009984946809709072,0.0006264508119784296,0.010611397214233875
1,,,3899,0.009986631572246552,0.001731880591250956,0.011718512512743473
1,,,3949,0.009985578246414661,0.002270679920911789,0.01225625816732645
1,,,3999,0.009986390359699726,0.0005772450822405517,0.010563635267317295
1,,,4049,0.00998501293361187,0.00031854078406468034,0.010303554125130177
1,,,4099,0.009999589063227177,0.0014100619591772556,0.01140965148806572
1,,,4149,0.009985334239900112,0.0003306794969830662,0.010316013358533382
1,,,4199,0.009985599666833878,0.0007315473048947752,0.010717147029936314
1,,,4249,0.009985079057514668,0.0018466872861608863,0.011831765994429588
1,,,4299,0.009985998272895813,0.0015771504258736968,0.011563148349523544
1,,,4349,0.009986953809857368,0.0006942300824448466,0.010681184008717537
1,,,4399,0.00998455099761486,0.0019435122376307845,0.01192806288599968
1,,,4449,0.009986264631152153,0.0021556930150836706,0.012141957879066467
1,,,4499,0.009986727498471737,0.0009789284085854888,0.01096565555781126
1,,,4549,0.009984984993934631,0.0005477246595546603,0.010532709769904613
1,,,4599,0.009986617602407932,0.0014699947787448764,0.01145661249756813
1,,,4649,0.009986775927245617,0.0006757379160262644,0.01066251378506422
1,,,4699,0.009986735880374908,0.0012054630788043141,0.0111921988427639
1,,,4749,0.009987136349081993,0.0015126955695450306,0.011499831452965736
1,,,4799,0.00998638104647398,0.002190165687352419,0.012176547199487686
1,,,4849,0.00998564064502716,0.00028004293562844396,0.010265683755278587
1,,,4899,0.009986614808440208,0.002055766526609659,0.01204238086938858
1,,,4949,0.009986326098442078,0.0007321469602175057,0.010718473233282566
1,,,4999,0.009985492564737797,0.0006479058647528291,0.010633398778736591
1,,,5049,0.009999589063227177,0.0018187755485996604,0.011818364262580872
1,,,5099,0.009985473938286304,0.0023743589408695698,0.012359833344817162
1,,,5149,0.00998675636947155,0.0006186799146234989,0.010605435818433762
1,,,5199,0.009984929114580154,0.0016011454863473773,0.011586074717342854
,5e-05,1e-05,5232,,,
2,,,5249,0.009986843913793564,0.00056410301476717,0.010550946928560734
2,,,5299,0.009987705387175083,0.0018671737052500248,0.011854879558086395
2,,,5349,0.009999589994549751,0.0016229257453233004,0.011622515507042408
2,,,5399,0.009999620728194714,0.0018695518374443054,0.011869172565639019
2,,,5449,0.009986483491957188,0.0004580489476211369,0.01044453214854002
2,,,5499,0.009986361488699913,0.0015695682959631085,0.0115559296682477
2,,,5549,0.00998583622276783,0.0004291882214602083,0.010415024124085903
2,,,5599,0.009985147975385189,0.0006128510576672852,0.010597999207675457
2,,,5649,0.009985273703932762,0.0022889412939548492,0.012274214997887611
2,,,5699,0.009986454620957375,0.0005212352843955159,0.010507689788937569
2,,,5749,0.009986362420022488,0.0002877445367630571,0.01027410663664341
2,,,5799,0.00998672004789114,0.0007183154230006039,0.01070503517985344
2,,,5849,0.009986061602830887,0.0006827140459790826,0.010668775998055935
2,,,5899,0.009986414574086666,0.000528446224052459,0.010514860972762108
2,,,5949,0.009999575093388557,0.0015558793675154448,0.011555454693734646
2,,,5999,0.00998545903712511,0.0021962574683129787,0.012181716039776802
2,,,6049,0.009987220168113708,0.002019275678321719,0.012006496079266071
2,,,6099,0.00999961607158184,0.0013102567754685879,0.011309873312711716
2,,,6149,0.009986074641346931,0.0017438901122659445,0.01172996498644352
2,,,6199,0.00998634658753872,0.0012904197210446,0.011276766657829285
2,,,6249,0.009985535405576229,0.00030218169558793306,0.01028771698474884
2,,,6299,0.009986406192183495,0.0011555036762729287,0.011141910217702389
2,,,6349,0.009987258352339268,0.0015545054338872433,0.011541763320565224
2,,,6399,0.00998462550342083,0.0006258937646634877,0.010610518977046013
2,,,6449,0.009986401535570621,0.0018569058738648891,0.011843306943774223
2,,,6499,0.00999960582703352,0.0017351162387058139,0.011734722182154655
2,,,6549,0.009986165910959244,0.0020747415255755186,0.012060907669365406
2,,,6599,0.009987521916627884,0.0006776836817152798,0.01066520530730486
2,,,6649,0.00998721458017826,0.0007135640480555594,0.010700779035687447
2,,,6699,0.009986900724470615,0.0005104781012050807,0.010497379116714
2,,,6749,0.009987208992242813,0.0018437874969094992,0.011830996721982956
2,,,6799,0.009986056946218014,0.0013009165413677692,0.01128697395324707
2,,,6849,0.009985745884478092,0.0014353763544932008,0.011421122588217258
2,,,6899,0.009984927251935005,0.0007761779706925154,0.010761105455458164
2,,,6949,0.009985793381929398,0.0016880228649824858,0.011673816479742527
2,,,6999,0.009985560551285744,0.0004032983852084726,0.010388858616352081
2,,,7049,0.009986655786633492,0.0006448436179198325,0.01063149981200695
2,,,7099,0.009985175915062428,0.00074002641486004,0.010725202038884163
2,,,7149,0.00998647976666689,0.0004247661563567817,0.010411245748400688
2,,,7199,0.009986055083572865,0.0017600820865482092,0.011746137402951717
2,,,7249,0.009985511191189289,0.0005464119603857398,0.010531922802329063
2,,,7299,0.00998576357960701,0.0003557355375960469,0.010341499000787735
2,,,7349,0.00998560432344675,0.0005988891934975982,0.010584493167698383
2,,,7399,0.009985722601413727,0.0015266555128619075,0.011512378230690956
2,,,7449,0.00998685322701931,0.0019397533033043146,0.011926606297492981
2,,,7499,0.009986335411667824,0.0012467197375372052,0.011233055032789707
2,,,7549,0.009999596513807774,0.0014711833791807294,0.011470779776573181
2,,,7599,0.009999610483646393,0.001544610015116632,0.01154422014951706
2,,,7649,0.009985796175897121,0.00042393358307890594,0.010409729555249214
2,,,7699,0.009986132383346558,0.0015357669908553362,0.01152189914137125
2,,,7749,0.00998601596802473,0.002034382661804557,0.012020398862659931
2,,,7799,0.009987263940274715,0.000339291465934366,0.010326554998755455
,5e-05,1e-05,7848,,,
3,,,7849,0.009986747056245804,0.001349982456304133,0.011336729861795902
3,,,7899,0.009985393844544888,0.0012612977297976613,0.011246691457927227
3,,,7949,0.009986218996345997,0.0012213275767862797,0.011207547038793564
3,,,7999,0.009986203163862228,0.00044718841672874987,0.01043339166790247
3,,,8049,0.009987307712435722,0.002214734209701419,0.012202042154967785
3,,,8099,0.00998622551560402,0.0007017088355496526,0.01068793423473835
3,,,8149,0.009986291639506817,0.0011006653076037765,0.011086956597864628
3,,,8199,0.009986745193600655,0.0014941332628950477,0.011480878107249737
3,,,8249,0.009999611414968967,0.0015277969650924206,0.0115274079144001
3,,,8299,0.0099870590493083,0.0006209674756973982,0.010608026757836342
3,,,8349,0.009999644942581654,0.0017413353780284524,0.011740980669856071
3,,,8399,0.009987059980630875,0.0004422575293574482,0.010429317131638527
3,,,8449,0.009986569173634052,0.0015978093724697828,0.011584378778934479
3,,,8499,0.00998584646731615,0.0006720697856508195,0.010657915845513344
3,,,8549,0.009999604895710945,0.0018006718019023538,0.011800277046859264
3,,,8599,0.009986832737922668,0.0016348866047337651,0.011621719226241112
3,,,8649,0.009985488839447498,0.0005425309063866735,0.01052801962941885
3,,,8699,0.009985576383769512,0.0004461868666112423,0.010431762784719467
3,,,8749,0.009985378943383694,0.0006464072503149509,0.010631786659359932
3,,,8799,0.009987307712435722,0.0012153811985626817,0.01120268926024437
3,,,8849,0.009985838085412979,0.0005551015492528677,0.01054093986749649
3,,,8899,0.009999562054872513,0.0017021112143993378,0.01170167326927185
3,,,8949,0.009986345656216145,0.002567199058830738,0.012553544715046883
3,,,8999,0.00998638104647398,0.0006511791725642979,0.010637559927999973
3,,,9049,0.009985336102545261,0.0018365695141255856,0.01182190515100956
3,,,9099,0.009986772201955318,0.0024243248626589775,0.012411097064614296
3,,,9149,0.009986219927668571,0.0005546276224777102,0.010540847666561604
3,,,9199,0.009985310956835747,0.0011782284127548337,0.011163539253175259
3,,,9249,0.00998668186366558,0.0003979866160079837,0.010384668596088886
3,,,9299,0.009986740536987782,0.0008816035697236657,0.010868344455957413
3,,,9349,0.009985772892832756,0.001971572171896696,0.01195734553039074
3,,,9399,0.009986146353185177,0.0005088435718789697,0.010494990274310112
3,,,9449,0.009999596513807774,0.0017700523603707552,0.011769648641347885
3,,,9499,0.009987168945372105,0.000730189320165664,0.010717358440160751
3,,,9549,0.009986191987991333,0.0017462377436459064,0.011732429265975952
3,,,9599,0.009986457414925098,0.0021977031137794256,0.012184160761535168
3,,,9649,0.009986016899347305,0.0020768153481185436,0.012062832713127136
3,,,9699,0.009985649958252907,0.0014400995569303632,0.011425749398767948
3,,,9749,0.009985877200961113,0.0010836677392944694,0.011069544591009617
3,,,9799,0.009985354728996754,0.001294148969464004,0.01127950381487608
3,,,9849,0.00999959371984005,0.0014681228203698993,0.01146771665662527
3,,,9899,0.009999604895710945,0.001831883448176086,0.011831488460302353
3,,,9949,0.009985765442252159,0.0009677249472588301,0.010953490622341633
3,,,9999,0.009986481629312038,0.0016980350483208895,0.011684516444802284
3,,,10049,0.00998710747808218,0.00039852960617281497,0.010385637171566486
3,,,10099,0.009984097443521023,0.0006303319241851568,0.010614429600536823
3,,,10149,0.009985925629734993,0.0004680759448092431,0.01045400183647871
3,,,10199,0.009986093267798424,0.0010829942766577005,0.01106908731162548
3,,,10249,0.00998664926737547,0.0021030032075941563,0.012089652940630913
3,,,10299,0.009986667893826962,0.0023680441081523895,0.012354712001979351
3,,,10349,0.0099869966506958,0.00035894199390895665,0.010345938615500927
3,,,10399,0.009986281394958496,0.002172559266909957,0.012158840894699097
3,,,10449,0.009985915385186672,0.002062482526525855,0.012048398144543171
,5e-05,1e-05,10464,,,
4,,,10499,0.009986556135118008,0.000361189479008317,0.010347745381295681
4,,,10549,0.00998598150908947,0.001384461997076869,0.011370443738996983
4,,,10599,0.00998573936522007,0.0020673354156315327,0.012053074315190315
4,,,10649,0.009985479526221752,0.00174332270398736,0.0117288026958704
4,,,10699,0.009985329583287239,0.001538856653496623,0.011524186469614506
4,,,10749,0.009986953809857368,0.0007946671103127301,0.010781620629131794
4,,,10799,0.009986554272472858,0.0014101326232776046,0.011396686546504498
4,,,10849,0.009985623881220818,0.0013257432729005814,0.011311367154121399
4,,,10899,0.009999687783420086,0.001709061092697084,0.011708748526871204
4,,,10949,0.00998678244650364,0.0018241449724882841,0.011810927651822567
4,,,10999,0.009986442513763905,0.0017016645288094878,0.011688106693327427
4,,,11049,0.009986001998186111,0.0006023194291628897,0.010588321834802628
4,,,11099,0.009985817596316338,0.0016891697887331247,0.011674987152218819
4,,,11149,0.009985686279833317,0.0017374732997268438,0.011723159812390804
4,,,11199,0.009986963123083115,0.0015194022562354803,0.011506365612149239
4,,,11249,0.009986269287765026,0.0004058576887473464,0.010392126627266407
4,,,11299,0.009985623881220818,0.0004692015063483268,0.01045482512563467
4,,,11349,0.009985827840864658,0.0003636264009401202,0.0103494543582201
4,,,11399,0.009985463693737984,0.0005304705118760467,0.010515933856368065
4,,,11449,0.009986061602830887,0.00043985983938910067,0.010425921529531479
4,,,11499,0.009986263699829578,0.0006398241384886205,0.01062608789652586
4,,,11549,0.00998632051050663,0.0005529826739802957,0.010539303533732891
4,,,11599,0.009987013414502144,0.0006203927914611995,0.010607406497001648
4,,,11649,0.009985688142478466,0.0004077238554600626,0.010393411852419376
4,,,11699,0.009985283948481083,0.0005393459578044713,0.01052462961524725
4,,,11749,0.00998677033931017,0.0005361618241295218,0.010522931814193726
4,,,11799,0.00998657289892435,0.000593140721321106,0.010579713620245457
4,,,11849,0.009985205717384815,0.0005217462894506752,0.010506952181458473
4,,,11899,0.009985506534576416,0.0006186466780491173,0.010604153387248516
4,,,11949,0.009987038560211658,0.0006587054813280702,0.010645744390785694
4,,,11999,0.00998682714998722,0.002000842709094286,0.01198766939342022
4,,,12049,0.009986436925828457,0.0009807023452594876,0.010967139154672623
4,,,12099,0.009984726086258888,0.0006089696544222534,0.010593695566058159
4,,,12149,0.00998547300696373,0.001656858716160059,0.011642331257462502
4,,,12199,0.009986077435314655,0.0019217833178117871,0.01190786063671112
4,,,12249,0.009986285120248795,0.0011294465512037277,0.011115731671452522
4,,,12299,0.009986614808440208,0.00036980636650696397,0.010356421582400799
4,,,12349,0.009986716322600842,0.0013009494869038463,0.01128766592592001
4,,,12399,0.009986660443246365,0.00015041360165923834,0.010137073695659637
4,,,12449,0.009986423887312412,0.0005111548234708607,0.010497578419744968
4,,,12499,0.009986355900764465,0.0006624246016144753,0.01064878050237894
4,,,12549,0.009985811077058315,0.0007884034421294928,0.010774214752018452
4,,,12599,0.009986571967601776,0.002584729576483369,0.012571301311254501
4,,,12649,0.00998510979115963,0.00040004056063480675,0.010385150089859962
4,,,12699,0.00999963004142046,0.001699846237897873,0.011699476279318333
4,,,12749,0.009985365904867649,0.0018243150552734733,0.011809680610895157
4,,,12799,0.009985801763832569,0.0003616045869421214,0.010347406379878521
4,,,12849,0.009984882548451424,0.0005980992573313415,0.010582981631159782
4,,,12899,0.009985227137804031,0.0015281073283404112,0.011513334698975086
4,,,12949,0.009987398982048035,0.0022058547474443913,0.012193253263831139
4,,,12999,0.009986812248826027,0.000469965540105477,0.010456778109073639
4,,,13049,0.009986470453441143,0.0003570749540813267,0.010343545116484165
,5e-05,1e-05,13080,,,
5,,,13099,0.009986042976379395,0.002179293194785714,0.012165335938334465
5,,,13149,0.009986214339733124,0.00032527060830034316,0.010311485268175602
5,,,13199,0.00998562853783369,0.0005037271766923368,0.010489355772733688
5,,,13249,0.009984890930354595,0.0003649190766736865,0.010349810123443604
5,,,13299,0.009986361488699913,0.00045655638677999377,0.010442918166518211
5,,,13349,0.00998535007238388,0.0005940663977526128,0.010579416528344154
5,,,13399,0.009999606758356094,0.0020665929187089205,0.012066199444234371
5,,,13449,0.009985193610191345,0.001484873704612255,0.0114700673148036
5,,,13499,0.009986775927245617,0.0027140697930008173,0.01270084548741579
5,,,13549,0.009986713528633118,0.0005590577493421733,0.010545771569013596
5,,,13599,0.009986771270632744,0.001504634041339159,0.011491404846310616
5,,,13649,0.009986323304474354,0.0004176543152425438,0.010403977707028389
5,,,13699,0.009984653443098068,0.0005160713335499167,0.01050072442740202
5,,,13749,0.009984968230128288,0.0004973637987859547,0.010482331737875938
5,,,13799,0.00999960582703352,0.0016096369363367558,0.011609243229031563
5,,,13849,0.009986442513763905,0.002623637905344367,0.012610080651938915
5,,,13899,0.009986580349504948,0.0019290297059342265,0.011915610171854496
5,,,13949,0.009986553341150284,0.0007330005755648017,0.01071955356746912
5,,,13999,0.009987423196434975,0.0004765809571836144,0.01046400424093008
5,,,14049,0.009987193159759045,0.0005484574940055609,0.01053565088659525
5,,,14099,0.009985036216676235,0.0004320077132433653,0.010417044162750244
5,,,14149,0.009985527954995632,0.0004904223023913801,0.010475950315594673
5,,,14199,0.009984787553548813,0.0014347241958603263,0.011419511400163174
5,,,14249,0.009985595941543579,0.001576748676598072,0.011562344618141651
5,,,14299,0.009985432028770447,0.0016622045077383518,0.011647636070847511
5,,,14349,0.009999620728194714,0.0018211925635114312,0.01182081364095211
5,,,14399,0.009987573139369488,0.0005144402384757996,0.010502013377845287
5,,,14449,0.00999960396438837,0.0011452394537627697,0.011144842952489853
5,,,14499,0.00998616125434637,0.0014165914617478848,0.011402752250432968
5,,,14549,0.009985389187932014,0.0003717292856890708,0.010357118211686611
5,,,14599,0.009986573830246925,0.0004147436411585659,0.010401317849755287
5,,,14649,0.009986799210309982,0.001977931009605527,0.011964729987084866
5,,,14699,0.00998606625944376,0.001966943498700857,0.01195300929248333
5,,,14749,0.00998680479824543,0.002256215550005436,0.012243020348250866
5,,,14799,0.009985657408833504,0.0007349922088906169,0.010720649734139442
5,,,14849,0.0099865160882473,0.0017603905871510506,0.01174690667539835
5,,,14899,0.009999588131904602,0.001645229640416801,0.011644817888736725
5,,,14949,0.009987086057662964,0.0017731015104800463,0.011760187335312366
5,,,14999,0.009999607689678669,0.0017280344618484378,0.011727642267942429
5,,,15049,0.00998601596802473,0.0016291402280330658,0.011615156196057796
5,,,15099,0.009985128417611122,0.0020113298669457436,0.011996458284556866
5,,,15149,0.009999562054872513,0.0017261853208765388,0.011725747026503086
5,,,15199,0.00998664926737547,0.00037284870631992817,0.010359497740864754
5,,,15249,0.00998629443347454,0.0013595597120001912,0.01134585402905941
5,,,15299,0.00998703669756651,0.0016815768321976066,0.01166861318051815
5,,,15349,0.009985561482608318,0.0006256543565541506,0.010611215606331825
5,,,15399,0.00998560432344675,0.002030082978308201,0.012015687301754951
5,,,15449,0.0099860318005085,0.00024008746549952775,0.010226119309663773
5,,,15499,0.009985596872866154,0.0005217501893639565,0.01050734706223011
5,,,15549,0.009985527954995632,0.001909370650537312,0.011894898489117622
5,,,15599,0.009986755438148975,0.0018392809433862567,0.011826036497950554
5,,,15649,0.009986240416765213,0.0016353061655536294,0.011621546931564808
,5e-05,1e-05,15696,,,
6,,,15699,0.009985795244574547,0.0002756307949312031,0.010261425748467445
6,,,15749,0.009986167773604393,0.000864794768858701,0.01085096225142479
6,,,15799,0.009986125864088535,0.0015773556660860777,0.011563481763005257
6,,,15849,0.00998653657734394,0.0013343860628083348,0.011320922523736954
6,,,15899,0.009985008276998997,0.0018789885798469186,0.01186399720609188
6,,,15949,0.009986347518861294,0.0005157695850357413,0.01050211675465107
6,,,15999,0.009986852295696735,0.002053864998742938,0.012040717527270317
6,,,16049,0.00998704507946968,0.002313124481588602,0.012300169095396996
6,,,16099,0.0099868755787611,0.0005254254210740328,0.01051230076700449
6,,,16149,0.00998495053499937,0.0005293897702358663,0.010514340363442898
6,,,16199,0.009986096993088722,0.002114219358190894,0.01210031658411026
6,,,16249,0.009985031560063362,0.002477840753272176,0.012462872080504894
6,,,16299,0.009985796175897121,0.002598278224468231,0.012584074400365353
6,,,16349,0.009986205026507378,0.0007106962148100138,0.010696901008486748
6,,,16399,0.009985978715121746,0.0017716248985379934,0.011757603846490383
6,,,16449,0.00998575147241354,0.0019406599458307028,0.011926411651074886
6,,,16499,0.009984871372580528,0.001926296972669661,0.011911168694496155
6,,,16549,0.009987128898501396,0.000691158464178443,0.010678287595510483
6,,,16599,0.009986594319343567,0.0014007538557052612,0.011387348175048828
6,,,16649,0.009985780343413353,0.0017852504970505834,0.011771030724048615
6,,,16699,0.00998646579682827,0.0007130762096494436,0.010699542239308357
6,,,16749,0.009987284429371357,0.0005253026611171663,0.010512586683034897
6,,,16799,0.009987306781113148,0.0007444282528012991,0.01073173526674509
6,,,16849,0.009985162876546383,0.0014580065617337823,0.01144316978752613
6,,,16899,0.009985840879380703,0.00027215760201215744,0.01025799848139286
6,,,16949,0.009986885823309422,0.0003484197077341378,0.010335305705666542
6,,,16999,0.009986206889152527,0.0005142688169144094,0.010500475764274597
6,,,17049,0.00998609233647585,0.0021550620440393686,0.012141154147684574
6,,,17099,0.009985994547605515,0.0011599356075748801,0.01114592980593443
6,,,17149,0.009985676035284996,0.0017126348102465272,0.011698311194777489
6,,,17199,0.009986143559217453,0.0005831933231092989,0.010569336824119091
6,,,17249,0.0099860904738307,0.0004630554758477956,0.010449145920574665
6,,,17299,0.009985329583287239,0.00040521356277167797,0.01039054337888956
6,,,17349,0.009986311197280884,0.002321211388334632,0.01230752281844616
6,,,17399,0.009985987097024918,0.0005731140845455229,0.010559101589024067
6,,,17449,0.009986739605665207,0.001630245242267847,0.011616984382271767
6,,,17499,0.00999957975000143,0.0020480381790548563,0.012047617696225643
6,,,17549,0.009986423887312412,0.001663758186623454,0.01165018230676651
6,,,17599,0.009986627846956253,0.0016817335272207856,0.011668361723423004
6,,,17649,0.00998606439679861,0.0007292813970707357,0.010715345852077007
6,,,17699,0.009986375458538532,0.0021843216381967068,0.012170696631073952
6,,,17749,0.009986170567572117,0.00048428436275571585,0.010470454581081867
6,,,17799,0.009986440651118755,0.0018803883576765656,0.011866829358041286
6,,,17849,0.009986567310988903,0.000612549833022058,0.010599116794764996
6,,,17899,0.009986815974116325,0.001762803876772523,0.011749619618058205
6,,,17949,0.009985348209738731,0.0004464247031137347,0.010431773029267788
6,,,17999,0.00998641923069954,0.000510687823407352,0.010497107170522213
6,,,18049,0.00998610258102417,0.001880621537566185,0.011866724118590355
6,,,18099,0.009985593147575855,0.0005168980569578707,0.010502491146326065
6,,,18149,0.009987330995500088,0.00040313141653314233,0.01039046235382557
6,,,18199,0.00998668372631073,0.0006141849444247782,0.010600868612527847
6,,,18249,0.009985862299799919,0.0004374903510324657,0.01042335294187069
6,,,18299,0.00998547114431858,0.0007566839922219515,0.010742154903709888
,5e-05,1e-05,18312,,,
7,,,18349,0.00998632051050663,0.0005796964978799224,0.010566016659140587
7,,,18399,0.009984319098293781,0.0018424098379909992,0.011826729401946068
7,,,18449,0.009999653324484825,0.001787145039997995,0.011786798015236855
7,,,18499,0.009999573230743408,0.001598465139977634,0.011598038487136364
7,,,18549,0.009985712356865406,0.0016572183230891824,0.011642931029200554
7,,,18599,0.009986300021409988,0.0004082644882146269,0.01039456482976675
7,,,18649,0.009985990822315216,0.0005289290565997362,0.010514919646084309
7,,,18699,0.009986408986151218,0.00045706701348535717,0.010443476028740406
7,,,18749,0.009986385703086853,0.001921580289490521,0.011907965876162052
7,,,18799,0.009986565448343754,0.0018588340608403087,0.011845399625599384
7,,,18849,0.009987177327275276,0.0017912094481289387,0.011778386309742928
7,,,18899,0.009985947981476784,0.0016107350820675492,0.011596683412790298
7,,,18949,0.00998497474938631,0.0003690135490614921,0.010353988036513329
7,,,18999,0.009986122138798237,0.002134799724444747,0.012120922096073627
7,,,19049,0.009986232034862041,0.0018995229620486498,0.011885754764080048
7,,,19099,0.009985538199543953,0.00032072619069367647,0.010306264273822308
7,,,19149,0.009999595582485199,0.0015299657825380564,0.011529561132192612
7,,,19199,0.009986339136958122,0.0003295487258583307,0.01031588762998581
7,,,19249,0.00998570304363966,0.0018002708675339818,0.01178597379475832
7,,,19299,0.0099856061860919,0.0015593691496178508,0.011544975452125072
7,,,19349,0.009986108168959618,0.0007115128100849688,0.010697620920836926
7,,,19399,0.009986425749957561,0.0004428846877999604,0.010429310612380505
7,,,19449,0.009985796175897121,0.0024054627865552902,0.012391258962452412
7,,,19499,0.009986634366214275,0.0009265224216505885,0.010913156904280186
7,,,19549,0.009985844604671001,0.00045442968257702887,0.010440274141728878
7,,,19599,0.009985705837607384,0.002093133283779025,0.012078839354217052
7,,,19649,0.00998634658753872,0.001298787770792842,0.011285134591162205
7,,,19699,0.009986797347664833,0.0018511323723942041,0.011837929487228394
7,,,19749,0.00999959371984005,0.001803171238861978,0.011802764609456062
7,,,19799,0.009986837394535542,0.0014214609982445836,0.011408298276364803
7,,,19849,0.009986462071537971,0.0016655554063618183,0.011652017012238503
7,,,19899,0.009984936565160751,0.0017496427753940225,0.01173457968980074
7,,,19949,0.009985920041799545,0.00034267446608282626,0.010328594595193863
7,,,19999,0.00998628418892622,0.0003991630510427058,0.010385447181761265
7,,,20049,0.009985541924834251,0.0014388328418135643,0.011424374766647816
7,,,20099,0.00998507346957922,0.0018361302791163325,0.011821203865110874
7,,,20149,0.00998546089977026,0.0003258220967836678,0.01031128317117691
7,,,20199,0.009986897930502892,0.0017092463094741106,0.011696144007146358
7,,,20249,0.009999563917517662,0.0013548954157158732,0.011354459449648857
7,,,20299,0.009984929114580154,0.003090355545282364,0.013075284659862518
7,,,20349,0.009985041804611683,0.0006042589084245265,0.010589300654828548
7,,,20399,0.009986707009375095,0.0005060613038949668,0.01049276813864708
7,,,20449,0.009987021796405315,0.001581541495397687,0.011568563058972359
7,,,20499,0.009986194781959057,0.0006274492479860783,0.010613644495606422
7,,,20549,0.009986285120248795,0.00026189113850705326,0.010248175822198391
7,,,20599,0.00998675636947155,0.00045623205369338393,0.010442988015711308
7,,,20649,0.00998617522418499,0.000632217270322144,0.010618392378091812
7,,,20699,0.009986395947635174,0.0005433064070530236,0.01052970252931118
7,,,20749,0.00998642947524786,0.0003696360799949616,0.010356065817177296
7,,,20799,0.009986219927668571,0.0019973069429397583,0.01198352687060833
7,,,20849,0.009999594651162624,0.0015937121352180839,0.011593306437134743
7,,,20899,0.009983954951167107,0.0021057450212538242,0.012089699506759644
,5e-05,1e-05,20928,,,
8,,,20949,0.009986622259020805,0.000369171699276194,0.010355793870985508
8,,,20999,0.009984854608774185,0.0004393368144519627,0.010424191132187843
8,,,21049,0.009986245073378086,0.000481049733934924,0.010467294603586197
8,,,21099,0.009986085817217827,0.0005876059294678271,0.010573691688477993
8,,,21149,0.009985527954995632,0.002214395208284259,0.012199923396110535
8,,,21199,0.009986039251089096,0.0026981281116604805,0.012684167362749577
8,,,21249,0.00998599175363779,0.0016423389315605164,0.011628330685198307
8,,,21299,0.009986202232539654,0.002419763244688511,0.012405965477228165
8,,,21349,0.00998765416443348,0.0007599269738420844,0.010747580789029598
8,,,21399,0.009986349381506443,0.0013651555636897683,0.011351505294442177
8,,,21449,0.009986319579184055,0.0014161418657749891,0.011402461677789688
8,,,21499,0.009986124001443386,0.0019088800763711333,0.011895003728568554
8,,,21549,0.009985935874283314,0.0006461627199314535,0.010632098652422428
8,,,21599,0.009986212477087975,0.000654152943752706,0.010640365071594715
8,,,21649,0.009984678588807583,0.0011237625731155276,0.011108441278338432
8,,,21699,0.009985487908124924,0.0015430438797920942,0.011528532020747662
8,,,21749,0.009999586269259453,0.0013986321864649653,0.01139821857213974
8,,,21799,0.009986662305891514,0.002279680920764804,0.012266343459486961
8,,,21849,0.009986902587115765,0.0005307194078341126,0.010517622344195843
8,,,21899,0.009985886514186859,0.00046564824879169464,0.010451534762978554
8,,,21949,0.00998559221625328,0.0005175627302378416,0.010503155179321766
8,,,21999,0.009985758922994137,0.0017059803940355778,0.011691739782691002
8,,,22049,0.00998605228960514,0.0017707699444144964,0.01175682246685028
8,,,22099,0.009985633194446564,0.00045665912330150604,0.01044229231774807
8,,,22149,0.00998520478606224,0.0006969909882172942,0.01068219542503357
8,,,22199,0.00998637918382883,0.0006132127018645406,0.01059959176927805
8,,,22249,0.009986662305891514,0.0006135121802799404,0.010600174777209759
8,,,22299,0.009999563917517662,0.001334246015176177,0.011333810165524483
8,,,22349,0.009986377321183681,0.0018451393116265535,0.011831516399979591
8,,,22399,0.0099876057356596,0.00027395307552069426,0.010261558927595615
8,,,22449,0.00998479500412941,0.0004903041408397257,0.010475099086761475
8,,,22499,0.00999957975000143,0.001843795063905418,0.01184337493032217
8,,,22549,0.009986848570406437,0.0004369440721347928,0.010423792526125908
8,,,22599,0.009986618533730507,0.002219552407041192,0.012206170707941055
8,,,22649,0.00998648814857006,0.0024495581164956093,0.01243604626506567
8,,,22699,0.009983805008232594,0.0023222502786666155,0.012306055054068565
8,,,22749,0.009986662305891514,0.0004618540115188807,0.010448516346514225
8,,,22799,0.009986785240471363,0.00185108941514045,0.011837874539196491
8,,,22849,0.009986869059503078,0.0027958096470683813,0.012782678939402103
8,,,22899,0.009985623881220818,0.0019658489618450403,0.011951472610235214
8,,,22949,0.009986837394535542,0.0007293709204532206,0.010716208256781101
8,,,22999,0.009985653683543205,0.0017664601327851415,0.011752113699913025
8,,,23049,0.009985671378672123,0.0015679217176511884,0.01155359297990799
8,,,23099,0.009985704906284809,0.00037657152279280126,0.010362276807427406
8,,,23149,0.009999612346291542,0.0013367885258048773,0.011336401104927063
8,,,23199,0.009985605254769325,0.0004478921473491937,0.010433497838675976
8,,,23249,0.009985876269638538,0.002069215988740325,0.012055092491209507
8,,,23299,0.009986410848796368,0.0005639692535623908,0.010550379753112793
8,,,23349,0.00998613703995943,0.0017301695188507438,0.011716306209564209
8,,,23399,0.009986815974116325,0.00029865733813494444,0.010285473428666592
8,,,23449,0.009986870922148228,0.0006151075358502567,0.010601978749036789
8,,,23499,0.00998612865805626,0.00038002050132490695,0.010366149246692657
,5e-05,1e-05,23544,,,
9,,,23549,0.009986666962504387,0.0018477033590897918,0.011834369972348213
9,,,23599,0.00998664926737547,0.0004116995260119438,0.010398348793387413
9,,,23649,0.009985806420445442,0.0017533687641844153,0.011739174835383892
9,,,23699,0.009984781965613365,0.0016642819391563535,0.011649063788354397
9,,,23749,0.009985470212996006,0.0016802531899884343,0.011665723286569118
9,,,23799,0.009986513294279575,0.001716287573799491,0.01170280110090971
9,,,23849,0.009987648576498032,0.0016478009056299925,0.011635449714958668
9,,,23899,0.009987035766243935,0.0005217427387833595,0.010508778505027294
9,,,23949,0.00998481921851635,0.0005588512867689133,0.010543670505285263
9,,,23999,0.009985574521124363,0.0005888372543267906,0.01057441160082817
9,,,24049,0.009999615140259266,0.0013056487077847123,0.011305264197289944
9,,,24099,0.009985418990254402,0.00034131089341826737,0.010326730087399483
9,,,24149,0.009986013174057007,0.0015980828320607543,0.011584095656871796
9,,,24199,0.009986314922571182,0.0019757405389100313,0.01196205522865057
9,,,24249,0.009986012242734432,0.00036235948209650815,0.010348372161388397
9,,,24299,0.009985548444092274,0.0020896359346807003,0.012075183913111687
9,,,24349,0.009985419921576977,0.0005326040554791689,0.010518023744225502
9,,,24399,0.009986668825149536,0.0013745715841650963,0.011361240409314632
9,,,24449,0.009999576956033707,0.0015504632610827684,0.011550039984285831
9,,,24499,0.0099865747615695,0.001336827757768333,0.011323402635753155
9,,,24549,0.009987492114305496,0.0014748794492334127,0.011462371796369553
9,,,24599,0.00998673401772976,0.002120788674801588,0.012107523158192635
9,,,24649,0.009986474178731441,0.0005916071822866797,0.010578081011772156
9,,,24699,0.009987004101276398,0.0005439601955004036,0.010530964471399784
9,,,24749,0.009999556466937065,0.001462837215512991,0.011462394148111343
9,,,24799,0.009999589063227177,0.0014556651003658772,0.011455254629254341
9,,,24849,0.009985418990254402,0.0015151952393352985,0.011500613763928413
9,,,24899,0.00998406670987606,0.00040412109228782356,0.010388188064098358
9,,,24949,0.009985298849642277,0.0024008722975850105,0.012386171147227287
9,,,24999,0.009985854849219322,0.0018057741690427065,0.011791628785431385
9,,,25049,0.009987303987145424,0.0005914506618864834,0.010578754357993603
9,,,25099,0.009985861368477345,0.000502845156006515,0.010488706640899181
9,,,25149,0.00998744647949934,0.0018338150111958385,0.0118212616071105
9,,,25199,0.00998605601489544,0.0013639411190524697,0.011349997483193874
9,,,25249,0.009986385703086853,0.0011254404671490192,0.011111825704574585
9,,,25299,0.009986098855733871,0.002151809399947524,0.01213790848851204
9,,,25349,0.0099853640422225,0.0016017440939322114,0.011587108485400677
9,,,25399,0.009999576956033707,0.0016900384798645973,0.011689615435898304
9,,,25449,0.009985930286347866,0.0024721897207200527,0.012458119541406631
9,,,25499,0.009985813871026039,0.0007511829026043415,0.010736996307969093
9,,,25549,0.009985893964767456,0.0011832516174763441,0.011169145815074444
9,,,25599,0.009985847398638725,0.001827832660637796,0.011813679710030556
9,,,25649,0.009986127726733685,0.0019634661730378866,0.011949594132602215
9,,,25699,0.009986312128603458,0.0012832937063649297,0.011269605718553066
9,,,25749,0.009999590925872326,0.0020422416273504496,0.012041832320392132
9,,,25799,0.009985635988414288,0.0002935420488938689,0.010279177688062191
9,,,25849,0.009986434131860733,0.0014140743296593428,0.01140050869435072
9,,,25899,0.009985680691897869,0.0017348347464576364,0.011720515787601471
9,,,25949,0.00998542457818985,0.0004698163247667253,0.010455240495502949
9,,,25999,0.009999629110097885,0.0019074385054409504,0.011907067149877548
9,,,26049,0.009985974058508873,0.0023151461500674486,0.012301119975745678
9,,,26099,0.009988515637814999,0.0023645295295864344,0.01235304493457079
9,,,26149,0.009986626915633678,0.0012533506378531456,0.011239977553486824
,5e-05,1e-05,26160,,,
10,,,26199,0.009986395947635174,0.001844358048401773,0.011830753646790981
10,,,26249,0.009983777068555355,0.0008396381163038313,0.010823415592312813
10,,,26299,0.009985859505832195,0.0018738085636869073,0.011859668418765068
10,,,26349,0.009985709562897682,0.0004961577360518277,0.010481867007911205
10,,,26399,0.009985947981476784,0.0003964157949667424,0.010382363572716713
10,,,26449,0.009986142627894878,0.0015123052289709449,0.011498447507619858
10,,,26499,0.009986109100282192,0.0009339919197373092,0.010920100845396519
10,,,26549,0.009987126104533672,0.0010345985647290945,0.01102172490209341
10,,,26599,0.009986062534153461,0.0005444552516564727,0.010530517436563969
10,,,26649,0.009986208751797676,0.0019147321581840515,0.011900940909981728
10,,,26699,0.009999619796872139,0.0014859609073027968,0.01148558035492897
10,,,26749,0.009985936805605888,0.0003031842934433371,0.01028912141919136
10,,,26799,0.009987265802919865,0.0014519622782245278,0.011439228430390358
10,,,26849,0.009985851123929024,0.00084299425361678,0.010828845202922821
10,,,26899,0.009985634125769138,0.0004987092106603086,0.010484343394637108
10,,,26949,0.009985610842704773,0.0017794730374589562,0.011765084229409695
10,,,26999,0.009986257180571556,0.0016336168628185987,0.011619874276220798
10,,,27049,0.00998617708683014,0.0004056373727507889,0.01039181463420391
10,,,27099,0.00998555775731802,0.001415742328390479,0.011401300318539143
10,,,27149,0.009986506775021553,0.0015339436940848827,0.011520450934767723
10,,,27199,0.009984399192035198,0.000558623461984098,0.01054302230477333
10,,,27249,0.009987138211727142,0.0006421098369173706,0.01062924787402153
10,,,27299,0.009984568692743778,0.000503634917549789,0.010488203726708889
10,,,27349,0.009985662065446377,0.0018501047743484378,0.011835766956210136
10,,,27399,0.009986353106796741,0.0005047029699198902,0.010491056367754936
10,,,27449,0.009985055774450302,0.001665176940150559,0.01165023259818554
10,,,27499,0.009985336102545261,0.0016286933096125722,0.011614029295742512
10,,,27549,0.00998668186366558,0.0023282072506844997,0.012314889580011368
10,,,27599,0.00998645182698965,0.00040661345701664686,0.01039306540042162
10,,,27649,0.009986849501729012,0.0015130460960790515,0.011499895714223385
10,,,27699,0.009985269978642464,0.000300975312711671,0.010286245495080948
10,,,27749,0.009985621087253094,0.00038901882362551987,0.010374640114605427
10,,,27799,0.009985717944800854,0.0005570991197600961,0.010542817413806915
10,,,27849,0.009999576024711132,0.001986403949558735,0.011985979974269867
10,,,27899,0.009986910969018936,0.0008719732286408544,0.010858884081244469
10,,,27949,0.009985948912799358,0.001622733660042286,0.011608682572841644
10,,,27999,0.009986130520701408,0.0005604126490652561,0.010546542704105377
10,,,28049,0.009985188022255898,0.0009005878819152713,0.01088577602058649
10,,,28099,0.00998643133789301,0.0003632136795204133,0.010349645279347897
10,,,28149,0.00998632051050663,0.0015073888935148716,0.011493708938360214
10,,,28199,0.00998554565012455,0.0008311191340908408,0.010816664434969425
10,,,28249,0.009986561723053455,0.0006990648689679801,0.010685626417398453
10,,,28299,0.009985865093767643,0.0019198155496269464,0.011905680410563946
10,,,28349,0.00998568907380104,0.001431751879863441,0.011417441070079803
10,,,28399,0.009999553672969341,0.0015185766387730837,0.011518130078911781
10,,,28449,0.00998607650399208,0.0003572108980733901,0.010343287140130997
10,,,28499,0.009986725635826588,0.00037222926039248705,0.010358954779803753
10,,,28549,0.009986791759729385,0.0025117394980043173,0.012498531490564346
10,,,28599,0.009999583475291729,0.001424615504220128,0.011424198746681213
10,,,28649,0.009999576024711132,0.001616832334548235,0.011616408824920654
10,,,28699,0.009999604895710945,0.0016913756262511015,0.01169098075479269
10,,,28749,0.00999961793422699,0.0015605539083480835,0.011560171842575073
,5e-05,1e-05,28776,,,
11,,,28799,0.00998714193701744,0.00044794700806960464,0.010435088537633419
11,,,28849,0.009985453449189663,0.001451070886105299,0.011436523869633675
11,,,28899,0.009985399432480335,0.0018503089668229222,0.011835708282887936
11,,,28949,0.0099860280752182,0.00036272930447012186,0.010348757728934288
11,,,28999,0.00998638290911913,0.001290955231525004,0.011277338489890099
11,,,29049,0.009985415264964104,0.0004483854863792658,0.010433800518512726
11,,,29099,0.009999596513807774,0.0014587384648621082,0.011458335444331169
11,,,29149,0.009999617002904415,0.002094540512189269,0.012094157747924328
11,,,29199,0.009985449723899364,0.000502346723806113,0.010487796738743782
11,,,29249,0.009985855780541897,0.0018199026817455888,0.011805758811533451
11,,,29299,0.009986150078475475,0.00044885746319778264,0.010435007512569427
11,,,29349,0.009985340759158134,0.0010162292746827006,0.011001570150256157
11,,,29399,0.00998628605157137,0.0018284794641658664,0.011814765632152557
11,,,29449,0.009985772892832756,0.0004115143383387476,0.010397287085652351
11,,,29499,0.009986525401473045,0.0006611015414819121,0.010647626593708992
11,,,29549,0.009985488839447498,0.0016199726378545165,0.01160546112805605
11,,,29599,0.009986075572669506,0.001558746094815433,0.011544821783900261
11,,,29649,0.009986254386603832,0.0009307151194661856,0.010916969738900661
11,,,29699,0.009985973127186298,0.0006205672398209572,0.010606540367007256
11,,,29749,0.009985444135963917,0.0018454164965078235,0.011830860748887062
11,,,29799,0.009985989890992641,0.000571259472053498,0.010557249188423157
11,,,29849,0.009999576956033707,0.0015984451165422797,0.011598021723330021
11,,,29899,0.009986517019569874,0.0005028754821978509,0.010489392094314098
11,,,29949,0.00998692400753498,0.0006971376133151352,0.010684061795473099
11,,,29999,0.009986392222344875,0.00034345019957982004,0.010329842567443848
11,,,30049,0.009999617002904415,0.001471671974286437,0.011471289210021496
11,,,30099,0.00998669769614935,0.0020095622166991234,0.011996259912848473
11,,,30149,0.009986892342567444,0.0011560110142454505,0.011142903007566929
11,,,30199,0.009986755438148975,0.0017633780371397734,0.011750133708119392
11,,,30249,0.00998509582132101,0.0006292382022365928,0.010614333674311638
11,,,30299,0.00999960396438837,0.0011998481350019574,0.011199451982975006
11,,,30349,0.009986807592213154,0.0022854995913803577,0.012272307649254799
11,,,30399,0.009986637160182,0.00034074977156706154,0.010327386669814587
11,,,30449,0.00999958161264658,0.0016606361605226994,0.011660218238830566
11,,,30499,0.009985404089093208,0.0004280850989744067,0.010413489304482937
11,,,30549,0.009986200369894505,0.0013239284744486213,0.01131012849509716
11,,,30599,0.009986883960664272,0.0006971925031393766,0.010684076696634293
11,,,30649,0.009986242279410362,0.0014500583056360483,0.011436300352215767
11,,,30699,0.009986556135118008,0.0005949116311967373,0.010581467300653458
11,,,30749,0.009984729811549187,0.0014775617746636271,0.011462291702628136
11,,,30799,0.009986495599150658,0.0009086672798730433,0.01089516282081604
11,,,30849,0.009985785000026226,0.000680314376950264,0.01066609937697649
11,,,30899,0.009987215511500835,0.00033257558243349195,0.010319790802896023
11,,,30949,0.009986387565732002,0.0019193387124687433,0.011905726045370102
11,,,30999,0.009986392222344875,0.0005039048846811056,0.010490297339856625
11,,,31049,0.009986729361116886,0.0018071683589369059,0.011793897487223148
11,,,31099,0.00998634472489357,0.000638241064734757,0.010624585673213005
11,,,31149,0.009987964294850826,0.0004798666632268578,0.010467831045389175
11,,,31199,0.009985721670091152,0.0008081818814389408,0.010793903842568398
11,,,31249,0.009986129589378834,0.0014381519285961986,0.011424281634390354
11,,,31299,0.00998702086508274,0.000737929658498615,0.010724950581789017
11,,,31349,0.009986302815377712,0.0005845658597536385,0.010570868849754333
,5e-05,1e-05,31392,,,
12,,,31399,0.00998679455369711,0.0027085160836577415,0.01269531063735485
12,,,31449,0.009985006414353848,0.0024190819822251797,0.01240408793091774
12,,,31499,0.009986071847379208,0.00040612550219520926,0.010392197407782078
12,,,31549,0.009985912591218948,0.0011227003997191787,0.011108612641692162
12,,,31599,0.009986174292862415,0.0019101587822660804,0.01189633272588253
12,,,31649,0.009999620728194714,0.001930641825310886,0.011930262669920921
12,,,31699,0.009986285120248795,0.0005019818781875074,0.010488267056643963
12,,,31749,0.009986813180148602,0.0006643112865276635,0.010651124641299248
12,,,31799,0.009985602460801601,0.002239180961623788,0.012224783189594746
12,,,31849,0.009985867887735367,0.000596715253777802,0.010582583025097847
12,,,31899,0.009985989890992641,0.0018503319006413221,0.011836322024464607
12,,,31949,0.009985865093767643,0.002008117036893964,0.011993981897830963
12,,,31999,0.009986244142055511,0.000467192439828068,0.010453436523675919
12,,,32049,0.009986662305891514,0.000537510437425226,0.010524172335863113
12,,,32099,0.009986191056668758,0.0008295307052321732,0.010815721936523914
12,,,32149,0.009984541684389114,0.002562815323472023,0.012547357007861137
12,,,32199,0.009984475560486317,0.0005950612248852849,0.01057953666895628
12,,,32249,0.009999594651162624,0.0018824257422238588,0.01188202016055584
12,,,32299,0.009985599666833878,0.0023767680395394564,0.01236236747354269
12,,,32349,0.009985178709030151,0.0005463948473334312,0.010531573556363583
12,,,32399,0.009987391531467438,0.0005773106240667403,0.010564702562987804
12,,,32449,0.009985161945223808,0.0014550191117450595,0.01144018117338419
12,,,32499,0.00998513400554657,0.00048239584430120885,0.010467530228197575
12,,,32549,0.00998782366514206,0.00183014792855829,0.011817971244454384
12,,,32599,0.009986434131860733,0.0006145434454083443,0.010600977577269077
12,,,32649,0.009985602460801601,0.0004822181654162705,0.010467820800840855
12,,,32699,0.009985766373574734,0.0002746042446233332,0.010260370559990406
12,,,32749,0.009986378252506256,0.0003537715529091656,0.010340149514377117
12,,,32799,0.009985137730836868,0.00044791330583393574,0.01043305080384016
12,,,32849,0.0099861528724432,0.0007815249846316874,0.010767677798867226
12,,,32899,0.009986800141632557,0.00039942903094924986,0.010386229492723942
12,,,32949,0.009999576024711132,0.0013940755743533373,0.011393651366233826
12,,,32999,0.009986065328121185,0.00040347527828998864,0.0103895403444767
12,,,33049,0.009986327961087227,0.0012734545161947608,0.011259782128036022
12,,,33099,0.009999604895710945,0.0015407945029437542,0.011540399864315987
12,,,33149,0.009985659271478653,0.0005542713333852589,0.010539930313825607
12,,,33199,0.009984663687646389,0.0019177250796929002,0.011902389116585255
12,,,33249,0.009985874406993389,0.001419709762558341,0.011405584402382374
12,,,33299,0.009986428543925285,0.001864966587163508,0.011851395480334759
12,,,33349,0.009986644610762596,0.0005400701775215566,0.010526714846491814
12,,,33399,0.009986919350922108,0.00195886567234993,0.011945785023272038
12,,,33449,0.009986293502151966,0.001544922823086381,0.011531216092407703
12,,,33499,0.009986428543925285,0.0005751099670305848,0.010561538860201836
12,,,33549,0.009987583383917809,0.0015795311192050576,0.011567114852368832
12,,,33599,0.00998653843998909,0.0015289477305486798,0.011515486054122448
12,,,33649,0.00998626183718443,0.0004425148363225162,0.01042877696454525
12,,,33699,0.00998529139906168,0.002117409370839596,0.012102700769901276
12,,,33749,0.009987163357436657,0.00048657675506547093,0.01047374028712511
12,,,33799,0.009986280463635921,0.0004385003412608057,0.010424780659377575
12,,,33849,0.009986125864088535,0.000638101773802191,0.010624228045344353
12,,,33899,0.009985869750380516,0.0019963253289461136,0.01198219507932663
12,,,33949,0.0099868793040514,0.0012926656054332852,0.011279544793069363
12,,,33999,0.009999634698033333,0.0015553411794826388,0.011554975993931293
,5e-05,1e-05,34008,,,
13,,,34049,0.0099873011931777,0.0017032288014888763,0.011690529994666576
13,,,34099,0.009986300021409988,0.0003877778071910143,0.010374077595770359
13,,,34149,0.009985139593482018,0.0016572080785408616,0.011642348021268845
13,,,34199,0.009986660443246365,0.0003919888404197991,0.010378649458289146
13,,,34249,0.009987379424273968,0.002075859345495701,0.012063238769769669
13,,,34299,0.00998693984001875,0.00039040090632624924,0.010377340950071812
13,,,34349,0.009999541565775871,0.0014410255244001746,0.01144056674093008
13,,,34399,0.009985676035284996,0.001220227568410337,0.011205903254449368
13,,,34449,0.009999601170420647,0.0016979929059743881,0.011697594076395035
13,,,34499,0.009986680932343006,0.0007019767072051764,0.010688657872378826
13,,,34549,0.009986828081309795,0.0005399556248448789,0.010526783764362335
13,,,34599,0.009986060671508312,0.002208365360274911,0.01219442579895258
13,,,34649,0.009987426921725273,0.00046851197839714587,0.01045593898743391
13,,,34699,0.009986932389438152,0.001189316506497562,0.011176249012351036
13,,,34749,0.009985518641769886,0.000268875970505178,0.010254394263029099
13,,,34799,0.009986710734665394,0.0004824245988857001,0.010469134896993637
13,,,34849,0.009985889308154583,0.0016942720394581556,0.011680161580443382
13,,,34899,0.009984388947486877,0.0005963088478893042,0.010580698028206825
13,,,34949,0.009984850883483887,0.00152168283239007,0.01150653325021267
13,,,34999,0.00998587254434824,0.0008755590533837676,0.010861431248486042
13,,,35049,0.009987161494791508,0.0006525528733618557,0.010639714077115059
13,,,35099,0.009987404569983482,0.0003395190287847072,0.010326923802495003
13,,,35149,0.009986252523958683,0.0005737962201237679,0.01056004874408245
13,,,35199,0.00999960582703352,0.0014978646067902446,0.011497470550239086
13,,,35249,0.00998533796519041,0.002334615448489785,0.012319953180849552
13,,,35299,0.009986313991248608,0.001359909656457603,0.011346223764121532
13,,,35349,0.009986273013055325,0.0004701907455455512,0.010456463322043419
13,,,35399,0.009986956603825092,0.0020602946169674397,0.01204725168645382
13,,,35449,0.009985488839447498,0.002832381520420313,0.012817870825529099
13,,,35499,0.00998590886592865,0.000965018873102963,0.010950927622616291
13,,,35549,0.009986383840441704,0.001757466234266758,0.011743850074708462
13,,,35599,0.009986081160604954,0.0016658247914165258,0.011651906184852123
13,,,35649,0.00998491607606411,0.0003976549778599292,0.010382571257650852
13,,,35699,0.00998507346957922,0.0020295223221182823,0.012014595791697502
13,,,35749,0.00998716615140438,0.0015099671436473727,0.011497133411467075
13,,,35799,0.009985582903027534,0.0019814842380583286,0.011967066675424576
13,,,35849,0.009986304678022861,0.0005648774094879627,0.010551182553172112
13,,,35899,0.009987082332372665,0.000614339136518538,0.010601421818137169
13,,,35949,0.009985100477933884,0.0004991915193386376,0.010484292171895504
13,,,35999,0.009985968470573425,0.0003161757776979357,0.010302144102752209
13,,,36049,0.009987404569983482,0.0014722095802426338,0.011459614150226116
13,,,36099,0.009986255317926407,0.00170569506008178,0.011691950261592865
13,,,36149,0.009987317956984043,0.0004346270579844713,0.01042194478213787
13,,,36199,0.009986864402890205,0.003215398406609893,0.013202263042330742
13,,,36249,0.009999586269259453,0.0015451958170160651,0.011544781737029552
13,,,36299,0.009986674413084984,0.0016395235434174538,0.011626197956502438
13,,,36349,0.009985963813960552,0.000476448709378019,0.010462412610650063
13,,,36399,0.00999956950545311,0.0015842999564483762,0.011583869345486164
13,,,36449,0.009986470453441143,0.00043890398228541017,0.01042537484318018
13,,,36499,0.009986319579184055,0.002132992958649993,0.012119312770664692
13,,,36549,0.009999602101743221,0.0013859651517122984,0.011385567486286163
13,,,36599,0.009985306300222874,0.0006056130514480174,0.01059091929346323
,5e-05,1e-05,36624,,,
14,,,36649,0.009986167773604393,0.0023591897916048765,0.012345357798039913
14,,,36699,0.009986689314246178,0.001819478697143495,0.011806167662143707
14,,,36749,0.00998629443347454,0.00048258405877277255,0.010468878783285618
14,,,36799,0.009987037628889084,0.00039665139047428966,0.01038368884474039
14,,,36849,0.009999629110097885,0.0017199103021994233,0.011719539761543274
14,,,36899,0.00998673029243946,0.0004431575653143227,0.010429888032376766
14,,,36949,0.009986481629312038,0.0005723302601836622,0.010558811947703362
14,,,36999,0.009985832497477531,0.00036477347020991147,0.0103506064042449
14,,,37049,0.00998616311699152,0.00047678014379926026,0.010462943464517593
14,,,37099,0.009987300261855125,0.0017951810732483864,0.011782481335103512
14,,,37149,0.009984280914068222,0.0012266285484656692,0.011210909113287926
14,,,37199,0.009999603033065796,0.0016901016933843493,0.011689704842865467
14,,,37249,0.009985928423702717,0.001394361606799066,0.011380289681255817
14,,,37299,0.009985693730413914,0.0021034940145909786,0.012089187279343605
14,,,37349,0.00998571328818798,0.0013163868570700288,0.011302100494503975
14,,,37399,0.009986168704926968,0.0004927690024487674,0.01047893799841404
14,,,37449,0.009985986165702343,0.0016329990467056632,0.01161898486316204
14,,,37499,0.009985348209738731,0.0003601567877922207,0.010345504619181156
14,,,37549,0.009986222721636295,0.0006682893144898117,0.010654511861503124
14,,,37599,0.00998589489609003,0.0004425756342243403,0.010428470559418201
14,,,37649,0.009985745884478092,0.0008565479656681418,0.010842293500900269
14,,,37699,0.009999585337936878,0.0016570985317230225,0.0116566838696599
14,,,37749,0.009986253455281258,0.0014685356291010976,0.011454788967967033
14,,,37799,0.009984437376260757,0.00038407446118071675,0.010368512012064457
14,,,37849,0.009985222481191158,0.0024808940943330526,0.012466116808354855
14,,,37899,0.009986584074795246,0.0019355027470737696,0.011922086589038372
14,,,37949,0.00998625811189413,0.0007493887678720057,0.010735646821558475
14,,,37999,0.009984235279262066,0.0005012311739847064,0.010485466569662094
14,,,38049,0.009984727017581463,0.0005791119765490294,0.010563839226961136
14,,,38099,0.009986937046051025,0.002492311643436551,0.012479248456656933
14,,,38149,0.009986630640923977,0.0013060885248705745,0.011292719282209873
14,,,38199,0.009985801763832569,0.0013990862062200904,0.011384887620806694
14,,,38249,0.009986811317503452,0.0015704897232353687,0.011557301506400108
14,,,38299,0.009986397810280323,0.0007783559267409146,0.010764753445982933
14,,,38349,0.009986414574086666,0.0008903508423827589,0.010876765474677086
14,,,38399,0.009986596181988716,0.0008256512228399515,0.010812247171998024
14,,,38449,0.009985730051994324,0.0018342533148825169,0.011819982901215553
14,,,38499,0.009985856711864471,0.0004881845961790532,0.010474041104316711
14,,,38549,0.009985867887735367,0.0007566470303572714,0.010742515325546265
14,,,38599,0.009986608289182186,0.00024008483160287142,0.010226693004369736
14,,,38649,0.009987114928662777,0.0005299716722220182,0.010517086833715439
14,,,38699,0.00998670794069767,0.0017959792166948318,0.011782687157392502
14,,,38749,0.009986061602830887,0.0015003369189798832,0.011486398056149483
14,,,38799,0.009986843913793564,0.001744101638905704,0.01173094566911459
14,,,38849,0.009986666962504387,0.0018015536479651928,0.011788221076130867
14,,,38899,0.009986460208892822,0.001488394453190267,0.011474854312837124
14,,,38949,0.009999589994549751,0.0013760440051555634,0.011375633999705315
14,,,38999,0.009985118173062801,0.002020586282014847,0.012005704455077648
14,,,39049,0.009987624362111092,0.0022006728686392307,0.012188296765089035
14,,,39099,0.00998484343290329,0.0002746740938164294,0.010259517468512058
14,,,39149,0.009986042976379395,0.0007250349735841155,0.010711077600717545
14,,,39199,0.009986700490117073,0.0021267179399728775,0.01211341843008995
,5e-05,1e-05,39240,,,
15,,,39249,0.009985940530896187,0.000658427772577852,0.010644367896020412
15,,,39299,0.009999596513807774,0.0018557520816102624,0.011855348944664001
15,,,39349,0.00998578779399395,0.0013446034863591194,0.01133039128035307
15,,,39399,0.009985139593482018,0.0006388626643456519,0.010624002665281296
15,,,39449,0.009985139593482018,0.0019235225627198815,0.011908662505447865
15,,,39499,0.009985299780964851,0.0005191558157093823,0.010504455305635929
15,,,39549,0.009985459968447685,0.0006034516263753176,0.01058891136199236
15,,,39599,0.009986751712858677,0.0006275971536524594,0.010614348575472832
15,,,39649,0.009984717704355717,0.001683234004303813,0.011667951941490173
15,,,39699,0.00998684111982584,0.00032893603201955557,0.01031577680259943
15,,,39749,0.00998648814857006,0.0006970359827391803,0.010683524422347546
15,,,39799,0.009986612014472485,0.0020700464956462383,0.012056658044457436
15,,,39849,0.009985155425965786,0.0007127106073312461,0.01069786585867405
15,,,39899,0.009986751712858677,0.0020753720309585333,0.012062123976647854
15,,,39949,0.009986276738345623,0.0004614409990608692,0.01044771820306778
15,,,39999,0.00998405646532774,0.0017109231557697058,0.01169497985392809
15,,,40049,0.0099865160882473,0.0005791350267827511,0.010565651580691338
15,,,40099,0.009986395947635174,0.0002951097267214209,0.01028150599449873
15,,,40149,0.009986515156924725,0.0018335641361773014,0.011820079758763313
15,,,40199,0.009984758682549,0.0013703482691198587,0.011355106718838215
15,,,40249,0.009999604895710945,0.0012385993031784892,0.011238204315304756
15,,,40299,0.00998739805072546,0.0002857084618881345,0.010273106396198273
15,,,40349,0.009986174292862415,0.0007130590383894742,0.010699233040213585
15,,,40399,0.009986506775021553,0.0021007899194955826,0.012087296694517136
15,,,40449,0.009986893273890018,0.00043436235864646733,0.010421255603432655
15,,,40499,0.009986202232539654,0.0005053157801739872,0.010491518303751945
15,,,40549,0.009984674863517284,0.00044222056749276817,0.010426895692944527
15,,,40599,0.009986182674765587,0.0016076382016763091,0.01159382052719593
15,,,40649,0.009984910488128662,0.0002879169478546828,0.010272826999425888
15,,,40699,0.009986981749534607,0.0005971561186015606,0.010584138333797455
15,,,40749,0.009986327961087227,0.0008589269127696753,0.010845255106687546
15,,,40799,0.009999564848840237,0.0015241231303662062,0.011523688212037086
15,,,40849,0.00998610071837902,0.00045819481601938605,0.010444295592606068
15,,,40899,0.00998595729470253,0.000642025435809046,0.010627983137965202
15,,,40949,0.00998695194721222,0.00032461839145980775,0.010311570018529892
15,,,40999,0.00998646579682827,0.00037317920941859484,0.010359644889831543
15,,,41049,0.00998622179031372,0.0023779079783707857,0.012364129535853863
15,,,41099,0.00998716615140438,0.0004851649282500148,0.010472331196069717
15,,,41149,0.009999588131904602,0.0017724292119964957,0.011772016994655132
15,,,41199,0.009986914694309235,0.0019253874197602272,0.011912302114069462
15,,,41249,0.009986190125346184,0.0015097239520400763,0.011495914310216904
15,,,41299,0.009985554963350296,0.0006305567221716046,0.010616111569106579
15,,,41349,0.009985369630157948,0.0017557522514835,0.011741122230887413
15,,,41399,0.009984536096453667,0.000293172022793442,0.010277708061039448
15,,,41449,0.009985418990254402,0.0016398319276049733,0.011625250801444054
15,,,41499,0.009986808523535728,0.0004838927125092596,0.01047070138156414
15,,,41549,0.00998599547892809,0.0017788573168218136,0.011764852330088615
15,,,41599,0.009986511431634426,0.0020160535350441933,0.01200256496667862
15,,,41649,0.009986823424696922,0.0003298436931800097,0.010316667146980762
15,,,41699,0.0099863326177001,0.0026051404420286417,0.012591472826898098
15,,,41749,0.009985797107219696,0.0002820139634422958,0.010267810896039009
15,,,41799,0.009985355660319328,0.001590333180502057,0.011575688607990742
15,,,41849,0.009985532611608505,0.0005398112698458135,0.01052534393966198
,5e-05,1e-05,41856,,,
16,,,41899,0.009985649026930332,0.002029862953349948,0.012015512213110924
16,,,41949,0.009985859505832195,0.0015256155747920275,0.011511474847793579
16,,,41999,0.009986087679862976,0.0016618698136880994,0.011647957377135754
16,,,42049,0.009986193850636482,0.0006465360638685524,0.010632730089128017
16,,,42099,0.00998637918382883,0.002465150086209178,0.012451529502868652
16,,,42149,0.009987100958824158,0.002196562010794878,0.012183662503957748
16,,,42199,0.009985480457544327,0.0006153713911771774,0.010600851848721504
16,,,42249,0.009985984303057194,0.0015165699878707528,0.011502554640173912
16,,,42299,0.009986157529056072,0.0002502107236068696,0.010236368514597416
16,,,42349,0.009986460208892822,0.0016237727832049131,0.011610233224928379
16,,,42399,0.009985847398638725,0.0006371792405843735,0.010623026639223099
16,,,42449,0.009999603033065796,0.001387491007335484,0.011387093923985958
16,,,42499,0.009986624121665955,0.0013959057396277785,0.011382529512047768
16,,,42549,0.00998679269105196,0.001998674590140581,0.011985467746853828
16,,,42599,0.009986027143895626,0.0005930977058596909,0.0105791250243783
16,,,42649,0.00998637080192566,0.0007100821821950376,0.010696453042328358
16,,,42699,0.009985019452869892,0.0011417424539104104,0.011126762256026268
16,,,42749,0.009986376389861107,0.0018768307054415345,0.011863207444548607
16,,,42799,0.009986869990825653,0.0007599491509608924,0.010746818967163563
16,,,42849,0.009986096061766148,0.000457798654679209,0.010443895123898983
16,,,42899,0.00998699851334095,0.00239968323148787,0.012386681511998177
16,,,42949,0.009987562894821167,0.0011464301496744156,0.011133993044495583
16,,,42999,0.009986932389438152,0.0006890330696478486,0.010675965808331966
16,,,43049,0.009986046701669693,0.002146841026842594,0.012132887728512287
16,,,43099,0.009986864402890205,0.0019599266815930605,0.011946790851652622
16,,,43149,0.009999603033065796,0.0015859073027968407,0.011585510335862637
16,,,43199,0.009986361488699913,0.002404967322945595,0.012391328811645508
16,,,43249,0.009985786862671375,0.0021283950190991163,0.012114182114601135
16,,,43299,0.009985417127609253,0.0007198218372650445,0.01070523913949728
16,,,43349,0.009985939599573612,0.001093688770197332,0.011079628020524979
16,,,43399,0.009986204095184803,0.0006729736342094839,0.010659177787601948
16,,,43449,0.009986578486859798,0.0014540766132995486,0.011440655216574669
16,,,43499,0.009986822493374348,0.00048686485388316214,0.010473687201738358
16,,,43549,0.009985826909542084,0.00036121305311098695,0.010347040370106697
16,,,43599,0.0099867545068264,0.0005854461924172938,0.010572200641036034
16,,,43649,0.009984995238482952,0.00070099689764902,0.010685992427170277
16,,,43699,0.009986856020987034,0.002020755782723427,0.01200761180371046
16,,,43749,0.009986087679862976,0.00199280958622694,0.011978897266089916
16,,,43799,0.00999959371984005,0.0017523925052955747,0.011751986108720303
16,,,43849,0.009986381977796555,0.0007719445275142789,0.010758326388895512
16,,,43899,0.009984676726162434,0.0016811307286843657,0.011665807105600834
16,,,43949,0.00998567696660757,0.0019518552580848336,0.01193753257393837
16,,,43999,0.009987705387175083,0.0016960995271801949,0.011683804914355278
16,,,44049,0.009985455311834812,0.0013175103813409805,0.011302965693175793
16,,,44099,0.0099854851141572,0.0018661257345229387,0.011851610615849495
16,,,44149,0.009987061843276024,0.0006013480597175658,0.010588410310447216
16,,,44199,0.009984176605939865,0.0008147610351443291,0.010798937641084194
16,,,44249,0.009986041113734245,0.0006333469063974917,0.010619387961924076
16,,,44299,0.009999603033065796,0.0015744575066491961,0.011574060656130314
16,,,44349,0.009985651820898056,0.0003818739205598831,0.01036752574145794
16,,,44399,0.009985237382352352,0.00037871726090088487,0.010363955050706863
16,,,44449,0.00998567882925272,0.0011058289092034101,0.011091507971286774
,5e-05,1e-05,44472,,,
17,,,44499,0.009999592788517475,0.0015581144252792,0.01155770756304264
17,,,44549,0.009986745193600655,0.002252171514555812,0.01223891694098711
17,,,44599,0.009986533783376217,0.0004910575808025897,0.010477591305971146
17,,,44649,0.009986644610762596,0.0005259044701233506,0.010512549430131912
17,,,44699,0.00999959371984005,0.0017355788731947541,0.01173517294228077
17,,,44749,0.009987136349081993,0.00036497428664006293,0.010352110490202904
17,,,44799,0.009986803866922855,0.0003415867395233363,0.010328390635550022
17,,,44849,0.009986336342990398,0.00036925356835126877,0.010355589911341667
17,,,44899,0.009985382668673992,0.0002581458247732371,0.01024352852255106
17,,,44949,0.009985940530896187,0.0016312943771481514,0.011617234908044338
17,,,44999,0.009999588131904602,0.0018221342470496893,0.011821722611784935
17,,,45049,0.00998735148459673,0.0018901427974924445,0.011877493932843208
17,,,45099,0.009986192919313908,0.0007261450518853962,0.010712337680161
17,,,45149,0.00998623576015234,0.0004999212105758488,0.010486156679689884
17,,,45199,0.009999589994549751,0.0016644162824377418,0.011664005927741528
17,,,45249,0.009986208751797676,0.0003840483259409666,0.010370257310569286
17,,,45299,0.009984900243580341,0.0006273367907851934,0.010612237267196178
17,,,45349,0.00998610071837902,0.0021344595588743687,0.012120559811592102
17,,,45399,0.009987304918467999,0.0004325578629504889,0.01041986234486103
17,,,45449,0.009985835291445255,0.0004988910513930023,0.010484726168215275
17,,,45499,0.009986345656216145,0.0010920315980911255,0.01107837725430727
17,,,45549,0.00998637080192566,0.0003912691317964345,0.010377639904618263
17,,,45599,0.009999639354646206,0.0017248087096959352,0.011724447831511497
17,,,45649,0.00998569093644619,0.0015470829093828797,0.011532774195075035
17,,,45699,0.009985711425542831,0.0005463795969262719,0.010532091371715069
17,,,45749,0.009986338205635548,0.0003328588791191578,0.010319197550415993
17,,,45799,0.009987019933760166,0.00026228593196719885,0.0102493055164814
17,,,45849,0.00998610071837902,0.00055729690939188,0.0105433976277709
17,,,45899,0.009987068362534046,0.0015992715489119291,0.011586340144276619
17,,,45949,0.009986373595893383,0.0008345466339960694,0.010820920579135418
17,,,45999,0.009986145421862602,0.0021235679741948843,0.01210971362888813
17,,,46049,0.00998728722333908,0.00048541874275542796,0.010472705587744713
17,,,46099,0.0099860904738307,0.00041745195630937815,0.010403542779386044
17,,,46149,0.009986553341150284,0.000322953361319378,0.010309507139027119
17,,,46199,0.009986110962927341,0.0002814976905938238,0.010267608799040318
17,,,46249,0.0099858483299613,0.0015459926798939705,0.01153184100985527
17,,,46299,0.009999549947679043,0.001348967431113124,0.01134851761162281
17,,,46349,0.009987271390855312,0.0016898463945835829,0.011677118018269539
17,,,46399,0.009984880685806274,0.0012903587194159627,0.011275239288806915
17,,,46449,0.009985584765672684,0.0007621378172188997,0.01074772235006094
17,,,46499,0.0099854851141572,0.0006672770832665265,0.010652761906385422
17,,,46549,0.00998558010905981,0.0015237880870699883,0.011509368196129799
17,,,46599,0.009986637160182,0.0004906930262222886,0.010477330535650253
17,,,46649,0.009986190125346184,0.0006642357911914587,0.010650426149368286
17,,,46699,0.009986457414925098,0.0018819994293153286,0.01186845637857914
17,,,46749,0.009986236691474915,0.0005496639059856534,0.010535900481045246
17,,,46799,0.00998595543205738,0.0003159873594995588,0.010301942937076092
17,,,46849,0.00998525507748127,0.0016659160610288382,0.011651171371340752
17,,,46899,0.009986366145312786,0.00043175689643248916,0.010418122634291649
17,,,46949,0.009999594651162624,0.0017112327041104436,0.011710827238857746
17,,,46999,0.009986038319766521,0.0007048341794870794,0.010690872557461262
17,,,47049,0.009985952638089657,0.0005654824781231582,0.010551434941589832
,5e-05,1e-05,47088,,,
18,,,47099,0.00998605601489544,0.0017447565915063024,0.01173081248998642
18,,,47149,0.009986008517444134,0.000342325191013515,0.01032833382487297
18,,,47199,0.009985609911382198,0.002027407754212618,0.012013018131256104
18,,,47249,0.009986188262701035,0.00042019839747808874,0.01040638703852892
18,,,47299,0.00999958161264658,0.0015375708462670445,0.011537152342498302
18,,,47349,0.009983994998037815,0.001771845854818821,0.011755840852856636
18,,,47399,0.009985358454287052,0.0005697892629541457,0.010555148124694824
18,,,47449,0.00999958161264658,0.0017924696439877152,0.01179205160588026
18,,,47499,0.009985614567995071,0.0003693010949064046,0.010354915633797646
18,,,47549,0.009986274875700474,0.0005252702976576984,0.010511545464396477
18,,,47599,0.009987096302211285,0.0004586074501276016,0.010445703752338886
18,,,47649,0.009986512362957,0.001423050183802843,0.011409562081098557
18,,,47699,0.009986283257603645,0.0005343753146007657,0.01052065845578909
18,,,47749,0.009987454861402512,0.0015523519832640886,0.011539806611835957
18,,,47799,0.009999583475291729,0.0019662748090922832,0.011965857818722725
18,,,47849,0.009986436925828457,0.0017331191338598728,0.011719556525349617
18,,,47899,0.009986910969018936,0.0004161525866948068,0.010403063148260117
18,,,47949,0.00998627208173275,0.00047531267045997083,0.01046158466488123
18,,,47999,0.00998634286224842,0.002054286655038595,0.012040629982948303
18,,,48049,0.00998610444366932,0.0014247072394937277,0.01141081191599369
18,,,48099,0.009985912591218948,0.0005185440531931818,0.010504456236958504
18,,,48149,0.00998628232628107,0.00045137302367947996,0.01043765526264906
18,,,48199,0.009986202232539654,0.0012995873112231493,0.01128578931093216
18,,,48249,0.009985961951315403,0.0024210885167121887,0.012407050468027592
18,,,48299,0.00998662132769823,0.0005619137664325535,0.01054853480309248
18,,,48349,0.009986660443246365,0.0021448032930493355,0.0121314637362957
18,,,48399,0.009987141005694866,0.0006041297456249595,0.01059127040207386
18,,,48449,0.009985682554543018,0.0007882621139287949,0.010773944668471813
18,,,48499,0.009985745884478092,0.0017752638086676598,0.011761009693145752
18,,,48549,0.009987243451178074,0.00164560426492244,0.011632847599685192
18,,,48599,0.009986916556954384,0.0006145946099422872,0.010601511225104332
18,,,48649,0.009985310956835747,0.0017351818969473243,0.011720492504537106
18,,,48699,0.00998684298247099,0.0017264384077861905,0.011713281273841858
18,,,48749,0.009999598376452923,0.0017041496466845274,0.011703748255968094
18,,,48799,0.009985586628317833,0.001888540806248784,0.011874127201735973
18,,,48849,0.009987539611756802,0.0016891714185476303,0.011676711030304432
18,,,48899,0.009984438307583332,0.0015372773632407188,0.011521715670824051
18,,,48949,0.00998649001121521,0.0005225882050581276,0.01050907839089632
18,,,48999,0.009984918870031834,0.00042000075336545706,0.010404919274151325
18,,,49049,0.00998576171696186,0.00041555773350410163,0.010401319712400436
18,,,49099,0.009985866025090218,0.0017418416682630777,0.011727707460522652
18,,,49149,0.009987667202949524,0.00039200091850943863,0.010379668325185776
18,,,49199,0.009985456243157387,0.000573982484638691,0.010559438727796078
18,,,49249,0.009985953569412231,0.0021822238340973854,0.012168177403509617
18,,,49299,0.009987504221498966,0.0005353348096832633,0.010522838681936264
18,,,49349,0.009986487217247486,0.0014088499592617154,0.01139533706009388
18,,,49399,0.009986386634409428,0.00045212110853753984,0.010438507422804832
18,,,49449,0.009986607357859612,0.0020566892344504595,0.012043296359479427
18,,,49499,0.009986485354602337,0.0015651106368750334,0.011551596224308014
18,,,49549,0.009986230172216892,0.0002592626551631838,0.010245492681860924
18,,,49599,0.009999589994549751,0.0015037459088489413,0.011503336019814014
18,,,49649,0.009985930286347866,0.0004034624726045877,0.01038939319550991
18,,,49699,0.009987236000597477,0.0005438055959530175,0.010531041771173477
,5e-05,1e-05,49704,,,
19,,,49749,0.009986002929508686,0.002053703647106886,0.012039706110954285
19,,,49799,0.009987086057662964,0.0006929896189831197,0.010680075734853745
19,,,49849,0.009986063465476036,0.00193029863294214,0.01191636174917221
19,,,49899,0.009985786862671375,0.0017223453614860773,0.011708131991326809
19,,,49949,0.009985079988837242,0.000595643010456115,0.01058072317391634
19,,,49999,0.009986155666410923,0.0016803996404632926,0.01166655495762825
19,,,50049,0.00998600758612156,0.00034601177321746945,0.010332019068300724
19,,,50099,0.009986198507249355,0.0005087173776701093,0.010494915768504143
19,,,50149,0.009986283257603645,0.0004170338506810367,0.010403317399322987
19,,,50199,0.009987033903598785,0.0004967013956047595,0.010483735240995884
19,,,50249,0.009986719116568565,0.0005247138324193656,0.010511432774364948
19,,,50299,0.009986885823309422,0.0007116345805115998,0.010698520578444004
19,,,50349,0.00999958161264658,0.0015296892961487174,0.011529270559549332
19,,,50399,0.009986738674342632,0.0010741249425336719,0.011060863733291626
19,,,50449,0.009987221099436283,0.0016748980851843953,0.011662119068205357
19,,,50499,0.009987389668822289,0.0017840475775301456,0.011771436780691147
19,,,50549,0.009986870922148228,0.0005538128898479044,0.010540683753788471
19,,,50599,0.009999589994549751,0.001386356889270246,0.011385946534574032
19,,,50649,0.009986269287765026,0.000581520376726985,0.010567789897322655
19,,,50699,0.009986041113734245,0.0015968490624800324,0.011582890525460243
19,,,50749,0.009986975230276585,0.0005360827781260014,0.010523058474063873
19,,,50799,0.009985432028770447,0.0020109389442950487,0.011996370740234852
19,,,50849,0.00998706091195345,0.0012595937587320805,0.011246655136346817
19,,,50899,0.00998611655086279,0.00043570404523052275,0.010421820916235447
19,,,50949,0.009986696764826775,0.0018582976190373302,0.011844994500279427
19,,,50999,0.00998672004789114,0.0017588295741006732,0.011745549738407135
19,,,51049,0.009986238554120064,0.0005191853269934654,0.01050542388111353
19,,,51099,0.009984515607357025,0.0014674222329631448,0.011451938189566135
19,,,51149,0.009987837634980679,0.00047695450484752655,0.010464792139828205
19,,,51199,0.009985597804188728,0.00199799332767725,0.011983591131865978
19,,,51249,0.009986549615859985,0.0019687488675117493,0.011955298483371735
19,,,51299,0.00998597964644432,0.002201061462983489,0.012187041342258453
19,,,51349,0.009999578818678856,0.0015386065933853388,0.011538185179233551
19,,,51399,0.009984241798520088,0.0014301539631560445,0.01141439564526081
19,,,51449,0.009986253455281258,0.0023491738829761744,0.012335427105426788
19,,,51499,0.009986389428377151,0.0014275352004915476,0.011413924396038055
19,,,51549,0.009986803866922855,0.000751263927668333,0.010738067328929901
19,,,51599,0.009986517950892448,0.0002868913288693875,0.010273409076035023
19,,,51649,0.009985355660319328,0.0014585764147341251,0.011443931609392166
19,,,51699,0.00998714566230774,0.0003786854795180261,0.010365830734372139
19,,,51749,0.00998605601489544,0.0015116971917450428,0.011497752740979195
19,,,51799,0.00998692773282528,0.0006121454061940312,0.010599073022603989
19,,,51849,0.009986215271055698,0.0005971057107672095,0.010583320632576942
19,,,51899,0.009999620728194714,0.0018125366186723113,0.01181215699762106
19,,,51949,0.009986178949475288,0.000329989823512733,0.010316168889403343
19,,,51999,0.00998635869473219,0.00047115355846472085,0.010457511991262436
19,,,52049,0.009987142868340015,0.0016181787941604853,0.011605321429669857
19,,,52099,0.00998715404421091,0.00151733064558357,0.011504484340548515
19,,,52149,0.009985284879803658,0.002247997559607029,0.012233282439410686
19,,,52199,0.009986374527215958,0.0020316755399107933,0.012018050067126751
19,,,52249,0.009986481629312038,0.0014746844535693526,0.011461165733635426
19,,,52299,0.009985662065446377,0.0004247028846293688,0.010410364717245102
