model,object,axis_unsigned_deg,axis_signed_deg,p_rev,radius_m,hinge_offset_frac,z_p
20260913_joint4_decoder_l2anchor_dense_seed7,capsulemachine/capsulemachine,11.066,11.066,0.9568,4.6700,0.0515,0.101
20260913_joint4_decoder_l2anchor_dense_seed7,capsulemachine/capsulemachine,51.889,51.889,0.9427,1.7948,0.0288,0.101
20260913_joint4_decoder_l2anchor_dense_seed7,capsulemachine/capsulemachine,33.497,146.503,0.9552,0.0314,0.1859,0.103
20260913_joint4_decoder_l2anchor_dense_seed7,capsulemachine/capsulemachine,15.059,15.059,0.9187,1.1456,0.0090,0.100
20260913_joint4_decoder_l2anchor_dense_seed7,capsulemachine/capsulemachine,39.665,140.335,0.9369,4.4909,0.0733,0.109
20260913_joint4_decoder_l2anchor_dense_seed7,capsulemachine/capsulemachine,83.782,96.218,0.8738,2.0839,0.0957,0.255
20260913_joint4_decoder_l2anchor_dense_seed7,capsulemachine/capsulemachine,47.724,47.724,0.9073,1.3317,0.0377,0.100
20260913_joint4_decoder_l2anchor_dense_seed7,capsulemachine/capsulemachine,16.011,163.989,0.9520,4.8292,0.0821,0.101
20260913_joint4_decoder_l2anchor_dense_seed7,capsulemachine/capsulemachine,49.800,49.800,0.9523,4.5386,0.1286,0.100
20260913_joint4_decoder_l2anchor_dense_seed7,capsulemachine/capsulemachine,11.734,168.266,0.9308,0.3066,0.1065,0.100
20260913_joint4_decoder_l2anchor_dense_seed7,capsulemachine/capsulemachine,56.162,56.162,0.8875,3.1010,0.0900,0.100
20260913_joint4_decoder_l2anchor_dense_seed7,capsulemachine/capsulemachine,38.010,141.990,0.9350,0.0971,nan,0.101
20260913_joint4_decoder_l2anchor_dense_seed7,capsulemachine/capsulemachine,46.456,46.456,0.9543,1.0813,0.0998,0.100
20260913_joint4_decoder_l2anchor_dense_seed7,capsulemachine/capsulemachine,28.219,151.781,0.9326,2.5491,0.0967,0.120
20260913_joint4_decoder_l2anchor_dense_seed7,scissors/scissors,66.280,113.720,0.9477,0.0547,0.1864,0.585
20260913_joint4_decoder_l2anchor_dense_seed7,scissors/scissors,63.404,63.404,0.9424,0.1816,0.0452,0.569
20260913_joint4_decoder_l2anchor_dense_seed7,scissors/scissors,43.912,136.088,0.9528,0.1905,0.2247,0.600
20260913_joint4_decoder_l2anchor_dense_seed7,scissors/scissors,32.220,32.220,0.9533,0.3439,0.1030,0.499
20260913_joint4_decoder_l2anchor_dense_seed7,scissors/scissors,37.453,142.547,0.9512,0.4410,0.3457,0.952
20260913_joint4_decoder_l2anchor_dense_seed7,scissors/scissors,71.156,108.844,0.9428,0.2720,0.0150,0.647
20260913_joint4_decoder_l2anchor_dense_seed7,scissors/scissors,40.165,139.835,0.9565,0.3546,0.3470,1.112
20260913_joint4_decoder_l2anchor_dense_seed7,scissors/scissors,13.894,166.106,0.9548,0.2228,0.2776,1.085
20260913_joint4_decoder_l2anchor_dense_seed7,scissors/scissors,54.711,125.289,0.9507,0.2103,0.1028,1.116
20260913_joint4_decoder_l2anchor_dense_seed7,scissors/scissors,72.159,107.841,0.9541,0.3263,0.1093,0.643
20260913_joint4_decoder_l2anchor_dense_seed7,scissors/scissors,53.937,53.937,0.9515,0.2679,0.1035,0.454
20260913_joint4_decoder_l2anchor_dense_seed7,scissors/scissors,38.706,141.294,0.9498,0.2047,0.1109,1.182
20260913_joint4_decoder_l2anchor_dense_seed7,scissors/scissors,42.548,137.452,0.9504,0.1115,0.2529,1.151
20260913_joint4_decoder_l2anchor_dense_seed7,scissors/scissors,37.842,142.158,0.9506,0.1333,0.1648,0.893
20260913_joint4_decoder_l2anchor_dense_seed7,scissors/scissors,66.463,113.537,0.9422,0.2789,0.0431,0.694
20260913_joint4_decoder_l2anchor_dense_seed7,scissors/scissors,39.810,39.810,0.9343,0.3748,0.0810,0.694
20260913_joint4_decoder_l2anchor_dense_seed7,scissors/scissors,89.824,89.824,0.9424,0.5273,0.1015,0.524
20260913_joint4_decoder_l2anchor_dense_seed7,scissors/scissors,36.338,143.662,0.9418,0.4203,0.1530,0.895
20260913_joint4_decoder_l2anchor_dense_seed7,scissors/scissors,88.486,91.514,0.9430,0.0224,0.0478,0.607
20260913_joint4_decoder_l2anchor_dense_seed7,scissors/scissors,34.597,145.403,0.9430,0.5955,0.3298,0.574
20260913_joint4_decoder_l2anchor_dense_seed7,scissors/scissors,84.368,95.632,0.9510,0.2191,0.1186,0.781
20260913_joint4_decoder_l2anchor_dense_seed7,scissors/scissors,79.894,100.106,0.9528,0.3432,0.0924,0.571
20260913_joint4_decoder_l2anchor_dense_seed7,scissors/scissors,51.788,128.212,0.9521,0.7778,0.2289,0.599
20260913_joint4_decoder_l2anchor_dense_seed7,scissors/scissors,38.776,141.224,0.9431,0.4794,0.2765,0.677
20260913_joint4_decoder_l2anchor_dense_seed7,scissors/scissors,26.953,153.047,0.9459,1.0202,0.2673,0.634
20260913_joint4_decoder_l2anchor_dense_seed7,scissors/scissors,55.940,124.060,0.9406,0.4473,0.3206,0.866
20260913_joint4_decoder_l2anchor_dense_seed7,scissors/scissors,51.223,128.777,0.9488,0.2200,0.2149,0.924
20260913_joint4_decoder_l2anchor_dense_seed7,scissors/scissors,52.529,127.471,0.9489,0.2407,0.2123,0.641
20260913_joint4_decoder_l2anchor_dense_seed7,scissors/scissors,15.859,164.141,0.9391,0.4466,0.2152,0.881
20260913_joint4_decoder_l2anchor_dense_seed7,scissors/scissors,4.982,175.018,0.9457,0.7216,0.2526,0.480
20260913_joint4_decoder_l2anchor_dense_seed7,scissors/scissors,56.835,123.165,0.9472,0.2682,0.0630,1.237
20260913_joint4_decoder_l2anchor_dense_seed7,waffleiron/waffleiron,20.689,20.689,0.9497,4.8929,0.0493,0.146
20260913_joint4_decoder_l2anchor_dense_seed7,waffleiron/waffleiron,36.274,36.274,0.9484,0.7437,0.0102,1.332
20260913_joint4_decoder_l2anchor_dense_seed7,waffleiron/waffleiron,24.590,24.590,0.9490,4.4374,0.0905,0.163
20260913_joint4_decoder_l2anchor_dense_seed7,waffleiron/waffleiron,68.666,68.666,0.9398,0.4235,0.0902,1.114
20260913_joint4_decoder_l2anchor_dense_seed7,waffleiron/waffleiron,82.549,82.549,0.9312,1.0817,0.3099,0.926
20260913_joint4_decoder_l2anchor_dense_seed7,waffleiron/waffleiron,31.427,31.427,0.9486,0.8878,0.0225,1.484
20260913_joint4_decoder_l2anchor_dense_seed7,waffleiron/waffleiron,32.092,32.092,0.9367,4.2789,0.0483,0.116
20260913_joint4_decoder_l2anchor_dense_seed7,waffleiron/waffleiron,55.896,124.104,0.9415,2.1258,0.2893,0.827
20260913_joint4_decoder_l2anchor_dense_seed7,waffleiron/waffleiron,51.920,51.920,0.9390,1.6456,0.0050,0.290
20260913_joint4_decoder_l2anchor_dense_seed7,waffleiron/waffleiron,58.370,121.630,0.9441,2.1118,0.2323,0.962
20260913_joint4_decoder_l2anchor_dense_seed7,waffleiron/waffleiron,42.589,42.589,0.9455,2.1493,0.1063,0.418
20260913_joint4_decoder_l2anchor_dense_seed7,waffleiron/waffleiron,56.848,56.848,0.9389,0.6211,0.0985,1.526
20260913_joint4_decoder_l2anchor_dense_seed7,waffleiron/waffleiron,41.614,41.614,0.9289,0.7426,0.0666,0.459
20260913_joint4_decoder_l2anchor_dense_seed7,waffleiron/waffleiron,63.932,63.932,0.9450,0.4451,0.1646,0.928
20260913_joint4_decoder_l2anchor_dense_seed7,waffleiron/waffleiron,7.025,7.025,0.9379,0.2225,0.2737,0.749
20260913_joint4_decoder_l2anchor_dense_seed7,waffleiron/waffleiron,25.496,154.504,0.9483,0.9161,0.1704,1.318
20260913_joint4_decoder_l2anchor_dense_seed7,waffleiron/waffleiron,43.163,43.163,0.9318,0.2184,0.0951,0.427
20260913_joint4_decoder_l2anchor_dense_seed7,waffleiron/waffleiron,33.511,33.511,0.9459,1.1069,0.1624,0.511
20260913_joint4_decoder_l2anchor_dense_seed7,laptop/laptop,2.670,2.670,0.9473,1.0222,0.0606,0.125
20260913_joint4_decoder_l2anchor_dense_seed7,laptop/laptop,1.428,1.428,0.9462,2.6966,0.0082,0.113
20260913_joint4_decoder_l2anchor_dense_seed7,laptop/laptop,9.859,9.859,0.9471,1.2037,0.0824,0.792
20260913_joint4_decoder_l2anchor_dense_seed7,laptop/laptop,56.443,123.557,0.9447,1.6933,0.2042,0.611
20260913_joint4_decoder_l2anchor_dense_seed7,laptop/laptop,11.998,11.998,0.9443,0.7990,0.1378,0.140
20260913_joint4_decoder_l2anchor_dense_seed7,laptop/laptop,70.973,109.027,0.9396,0.6902,0.0483,0.904
20260913_joint4_decoder_l2anchor_dense_seed7,laptop/laptop,11.843,11.843,0.9483,1.1809,0.0864,0.562
20260913_joint4_decoder_l2anchor_dense_seed7,laptop/laptop,9.877,9.877,0.9456,1.5633,0.0937,0.187
20260913_joint4_decoder_l2anchor_dense_seed7,laptop/laptop,46.318,133.682,0.9503,3.0829,0.2758,0.307
20260913_joint4_decoder_l2anchor_dense_seed7,laptop/laptop,4.687,4.687,0.9479,1.4639,0.0582,0.171
20260913_joint4_decoder_l2anchor_dense_seed7,laptop/laptop,11.594,11.594,0.9515,1.5924,0.0723,0.396
20260913_joint4_decoder_l2anchor_dense_seed7,laptop/laptop,61.869,118.131,0.9415,0.9745,0.1863,1.614
20260913_joint4_decoder_l2anchor_dense_seed7,laptop/laptop,17.801,17.801,0.9495,1.2536,0.0715,0.142
20260913_joint4_decoder_l2anchor_dense_seed7,laptop/laptop,7.990,7.990,0.9512,1.8216,0.1065,0.517
20260913_joint4_decoder_l2anchor_dense_seed7,laptop/laptop,51.495,128.505,0.9473,2.3588,0.2257,0.983
20260913_joint4_decoder_l2anchor_dense_seed7,laptop/laptop,17.780,17.780,0.9483,1.8668,0.0933,0.531
20260913_joint4_decoder_l2anchor_dense_seed7,laptop/laptop,5.918,5.918,0.9494,1.9277,0.0543,0.183
20260913_joint4_decoder_l2anchor_dense_seed7,box/box,43.062,43.062,0.9379,1.1315,0.1008,0.580
20260913_joint4_decoder_l2anchor_dense_seed7,box/box,18.176,18.176,0.9471,0.5861,0.1005,1.061
20260913_joint4_decoder_l2anchor_dense_seed7,box/box,66.768,113.232,0.9475,0.6091,0.2078,1.129
20260913_joint4_decoder_l2anchor_dense_seed7,box/box,54.799,54.799,0.9475,0.6236,0.1744,0.347
20260913_joint4_decoder_l2anchor_dense_seed7,box/box,74.253,105.747,0.9554,0.3134,0.2507,0.204
20260913_joint4_decoder_l2anchor_dense_seed7,box/box,23.256,23.256,0.9430,0.7700,0.0589,0.417
20260913_joint4_decoder_l2anchor_dense_seed7,box/box,86.610,93.390,0.9570,0.3388,0.0481,0.378
20260913_joint4_decoder_l2anchor_dense_seed7,box/box,42.031,42.031,0.9441,0.5880,0.1676,0.252
20260913_joint4_decoder_l2anchor_dense_seed7,box/box,44.754,44.754,0.9411,0.7000,0.0430,0.452
20260913_joint4_decoder_l2anchor_dense_seed7,box/box,8.826,8.826,0.9463,0.9068,0.1236,0.842
20260913_joint4_decoder_l2anchor_dense_seed7,box/box,77.976,102.024,0.9561,0.5219,0.1530,0.931
20260913_joint4_decoder_l2anchor_dense_seed7,notebook/notebook,69.831,69.831,0.9511,0.3132,0.0809,0.708
20260913_joint4_decoder_l2anchor_dense_seed7,notebook/notebook,77.255,77.255,0.9465,0.1971,0.0449,0.759
20260913_joint4_decoder_l2anchor_dense_seed7,notebook/notebook,73.081,73.081,0.9443,0.2309,0.0699,0.679
20260913_joint4_decoder_l2anchor_dense_seed7,notebook/notebook,85.879,85.879,0.9422,0.2466,0.0458,0.511
20260913_joint4_decoder_l2anchor_dense_seed7,notebook/notebook,49.836,130.164,0.9346,0.6865,0.3463,0.786
20260913_joint4_decoder_l2anchor_dense_seed7,notebook/notebook,77.749,77.749,0.9486,0.1841,0.0541,0.827
20260913_joint4_decoder_l2anchor_dense_seed7,notebook/notebook,80.925,99.075,0.9538,0.3975,0.2575,1.336
20260913_joint4_decoder_l2anchor_dense_seed7,notebook/notebook,55.509,55.509,0.9506,0.4532,0.0467,0.488
20260913_joint4_decoder_l2anchor_dense_seed7,notebook/notebook,30.993,149.007,0.9582,0.8413,0.2294,0.537
20260913_joint4_decoder_l2anchor_dense_seed7,notebook/notebook,74.010,74.010,0.9528,0.0780,0.0491,0.899
20260913_joint4_decoder_l2anchor_dense_seed7,notebook/notebook,76.575,103.425,0.9478,0.2544,0.2550,1.588
20260913_joint4_decoder_l2anchor_dense_seed7,notebook/notebook,62.315,62.315,0.9494,0.2116,0.0776,0.693
20260913_joint4_decoder_l2anchor_dense_seed7,notebook/notebook,56.118,56.118,0.9420,0.0901,0.0955,0.641
20260913_joint4_decoder_l2anchor_dense_seed7,notebook/notebook,60.573,119.427,0.9370,0.4804,0.3190,1.280
20260913_joint4_decoder_l2anchor_dense_seed7,notebook/notebook,65.131,65.131,0.9515,0.0780,0.0186,0.746
20260913_joint4_decoder_l2anchor_dense_seed7,notebook/notebook,60.599,119.401,0.9519,0.4357,0.2596,1.203
20260913_joint4_decoder_l2anchor_dense_seed7,notebook/notebook,44.526,135.474,0.9526,0.1372,0.0981,0.590
20260913_joint4_decoder_l2anchor_dense_seed7,notebook/notebook,53.934,126.066,0.9573,0.7417,0.2611,0.857
20260913_joint4_decoder_l2anchor_dense_seed7,notebook/notebook,75.231,75.231,0.9486,0.0600,0.0682,0.786
20260913_joint4_decoder_l2anchor_dense_seed7,notebook/notebook,26.970,153.030,0.9510,0.5067,0.2506,0.956
20260913_joint4_decoder_l2anchor_dense_seed7,phone/phone,53.078,126.922,0.9430,0.1626,0.0736,1.584
20260913_joint4_decoder_l2anchor_dense_seed7,phone/phone,24.464,24.464,0.9448,0.6415,0.1279,0.376
20260913_joint4_decoder_l2anchor_dense_seed7,phone/phone,41.797,138.203,0.9389,0.1302,0.1004,1.556
20260913_joint4_decoder_l2anchor_dense_seed7,phone/phone,11.552,11.552,0.9546,0.4219,0.0041,0.842
20260913_joint4_decoder_l2anchor_dense_seed7,phone/phone,53.538,126.462,0.9362,0.5064,0.0008,1.744
20260913_joint4_decoder_l2anchor_dense_seed7,phone/phone,51.210,51.210,0.9606,0.3615,0.0293,0.811
20260913_joint4_decoder_l2anchor_dense_seed7,phone/phone,59.051,120.949,0.9338,0.5596,0.1751,1.033
20260913_joint4_decoder_l2anchor_dense_seed7,phone/phone,43.995,136.005,0.9500,0.7624,0.0673,0.592
20260913_joint4_decoder_l2anchor_dense_seed7,phone/phone,57.784,122.216,0.9492,0.8747,0.1980,1.101
20260913_joint4_decoder_l2anchor_dense_seed7,phone/phone,21.586,21.586,0.9447,0.6371,0.0890,0.453
20260913_joint4_decoder_l2anchor_dense_seed7,phone/phone,75.311,75.311,0.9531,0.8542,0.3619,0.903
20260913_joint4_decoder_l2anchor_dense_seed7,phone/phone,70.768,70.768,0.9538,0.8657,0.0997,0.334
20260913_joint4_decoder_l2anchor_dense_seed7,phone/phone,54.869,125.131,0.9462,0.5813,0.1144,1.904
20260913_joint4_decoder_l2anchor_dense_seed7,phone/phone,43.456,43.456,0.9446,0.8808,0.1096,0.541
20260913_joint4_decoder_l2anchor_dense_seed7,phone/phone,18.592,161.408,0.9509,0.6960,0.0930,0.595
20260913_joint4_decoder_l2anchor_dense_seed7,phone/phone,34.543,34.543,0.9510,0.6259,0.0936,0.829
20260913_joint4_decoder_l2anchor_dense_seed7,laptop/laptop,5.992,5.992,0.9518,1.1527,0.0943,0.949
20260913_joint4_decoder_l2anchor_dense_seed7,laptop/laptop,59.876,120.124,0.9481,0.8885,0.2932,1.604
20260913_joint4_decoder_l2anchor_dense_seed7,laptop/laptop,87.946,92.054,0.9542,0.8249,0.0482,1.151
20260913_joint4_decoder_l2anchor_dense_seed7,laptop/laptop,59.568,59.568,0.9436,0.5690,0.0214,0.172
20260913_joint4_decoder_l2anchor_dense_seed7,laptop/laptop,45.658,134.342,0.9506,1.2041,0.2650,1.399
20260913_joint4_decoder_l2anchor_dense_seed7,laptop/laptop,32.894,32.894,0.9435,2.1629,0.2385,1.183
20260913_joint4_decoder_l2anchor_dense_seed7,laptop/laptop,60.081,119.919,0.9458,1.0066,0.2541,1.418
20260913_joint4_decoder_l2anchor_dense_seed7,laptop/laptop,5.912,5.912,0.9517,1.1057,0.0928,0.749
20260913_joint4_decoder_l2anchor_dense_seed7,laptop/laptop,44.550,135.450,0.9582,1.4046,0.3368,1.377
20260913_joint4_decoder_l2anchor_dense_seed7,laptop/laptop,4.181,4.181,0.9443,1.4281,0.0408,0.363
20260913_joint4_decoder_l2anchor_dense_seed7,laptop/laptop,9.339,9.339,0.9467,3.3018,0.0332,0.347
20260913_joint4_decoder_l2anchor_dense_seed7,laptop/laptop,43.398,136.602,0.9456,0.7404,0.0723,0.876
20260913_joint4_decoder_l2anchor_dense_seed7,laptop/laptop,6.108,6.108,0.9509,1.0521,0.0885,1.085
20260913_joint4_decoder_l2anchor_dense_seed7,laptop/laptop,49.821,130.179,0.9506,1.1292,0.2603,1.052
20260913_joint4_decoder_l2anchor_dense_seed7,microwave/microwave,64.065,64.065,0.9459,0.5295,0.0157,1.626
20260913_joint4_decoder_l2anchor_dense_seed7,microwave/microwave,85.981,94.019,0.9476,0.5166,0.1858,1.392
20260913_joint4_decoder_l2anchor_dense_seed7,microwave/microwave,43.998,43.998,0.9361,0.3534,0.0273,1.531
20260913_joint4_decoder_l2anchor_dense_seed7,microwave/microwave,68.790,111.210,0.9506,0.5885,0.2291,1.305
20260913_joint4_decoder_l2anchor_dense_seed7,microwave/microwave,49.373,130.627,0.9389,0.5027,0.0746,1.096
20260913_joint4_decoder_l2anchor_dense_seed7,microwave/microwave,77.502,77.502,0.9365,0.8099,0.0467,1.422
20260913_joint4_decoder_l2anchor_dense_seed7,microwave/microwave,57.641,122.359,0.9465,0.6914,0.1157,1.108
20260913_joint4_decoder_l2anchor_dense_seed7,microwave/microwave,23.752,23.752,0.9507,0.1482,0.1056,1.457
20260913_joint4_decoder_l2anchor_dense_seed7,microwave/microwave,83.866,96.134,0.9520,0.5815,0.1275,1.158
20260913_joint4_decoder_l2anchor_dense_seed7,microwave/microwave,61.372,61.372,0.9424,0.3734,0.0640,1.568
20260913_joint4_decoder_l2anchor_dense_seed7,microwave/microwave,71.196,108.804,0.9517,0.5275,0.2058,1.304
20260913_joint4_decoder_l2anchor_dense_seed7,microwave/microwave,37.739,37.739,0.9326,0.3051,0.0041,1.451
20260913_joint4_decoder_l2anchor_dense_seed7,microwave/microwave,76.893,103.107,0.9470,0.5435,0.2239,1.321
20260913_joint4_decoder_l2anchor_dense_seed7,microwave/microwave,66.970,66.970,0.8955,0.1395,0.0878,1.271
20260913_joint4_decoder_l2anchor_dense_seed7,microwave/microwave,48.811,48.811,0.9260,0.3970,0.0167,0.880
20260913_joint4_decoder_l2anchor_dense_seed7,microwave/microwave,32.706,32.706,0.9362,0.1477,0.0403,1.430
20260913_joint4_decoder_l2anchor_dense_seed7,microwave/microwave,25.893,25.893,0.9433,0.1480,0.2155,1.054
20260913_joint4_decoder_l2anchor_dense_seed7,microwave/microwave,52.359,52.359,0.8775,0.5859,0.0364,1.623
20260913_joint4_decoder_l2anchor_dense_seed7,microwave/microwave,88.942,91.058,0.9338,0.5630,0.1600,1.265
20260913_joint4_decoder_l2anchor_dense_seed7,microwave/microwave,59.643,120.357,0.9372,0.5541,0.1116,1.187
20260913_joint4_decoder_l2anchor_dense_seed7,microwave/microwave,79.054,79.054,0.9126,0.5790,0.0517,1.598
20260913_joint4_decoder_l2anchor_dense_seed7,microwave/microwave,69.275,110.725,0.9517,0.4481,0.1772,1.264
20260913_joint4_decoder_l2anchor_dense_seed7,microwave/microwave,65.817,65.817,0.9387,0.4511,0.0359,1.531
20260913_joint4_decoder_l2anchor_dense_seed7,microwave/microwave,85.306,94.694,0.9513,0.6056,0.1265,1.202
20260913_joint4_decoder_l2anchor_dense_seed7,microwave/microwave,67.906,67.906,0.9463,0.3587,0.0755,1.515
20260913_joint4_decoder_l2anchor_dense_seed7,microwave/microwave,48.930,131.070,0.9435,0.6647,0.1976,1.247
20260913_joint4_decoder_l2anchor_dense_seed7,microwave/microwave,77.228,77.228,0.9489,0.4863,0.0517,1.349
20260913_joint4_decoder_l2anchor_dense_seed7,microwave/microwave,54.438,125.562,0.9291,0.7404,0.2197,1.316
20260913_joint4_decoder_l2anchor_dense_seed7,microwave/microwave,3.335,3.335,0.9481,0.2162,0.0874,1.416
20260913_joint4_decoder_l2anchor_dense_seed7,microwave/microwave,52.499,52.499,0.9367,0.5380,0.0638,0.837
20260913_joint4_decoder_l2anchor_dense_seed7,microwave/microwave,47.198,132.802,0.9472,0.7624,0.0829,1.213
20260913_joint4_decoder_l2anchor_dense_seed7,notebook/notebook,55.817,55.817,0.9560,0.3598,0.0463,0.575
20260913_joint4_decoder_l2anchor_dense_seed7,notebook/notebook,10.718,169.282,0.9528,0.8595,0.3698,1.108
20260913_joint4_decoder_l2anchor_dense_seed7,notebook/notebook,46.735,46.735,0.9442,0.2657,0.1200,0.548
20260913_joint4_decoder_l2anchor_dense_seed7,notebook/notebook,47.275,132.725,0.9500,0.7456,0.2456,1.034
20260913_joint4_decoder_l2anchor_dense_seed7,notebook/notebook,69.388,110.612,0.9507,0.3614,0.0721,0.683
20260913_joint4_decoder_l2anchor_dense_seed7,notebook/notebook,30.738,149.262,0.9503,0.1576,0.2215,0.277
20260913_joint4_decoder_l2anchor_dense_seed7,notebook/notebook,28.348,28.348,0.9496,0.2478,0.0586,0.630
20260913_joint4_decoder_l2anchor_dense_seed7,notebook/notebook,74.597,74.597,0.9520,0.3422,0.0220,0.599
20260913_joint4_decoder_l2anchor_dense_seed7,notebook/notebook,38.574,141.426,0.9575,0.9619,0.2328,0.714
20260913_joint4_decoder_l2anchor_dense_seed7,notebook/notebook,49.293,49.293,0.9529,0.3920,0.1361,0.977
20260913_joint4_decoder_l2anchor_dense_seed7,notebook/notebook,88.763,88.763,0.9541,0.0258,0.1527,0.548
20260913_joint4_decoder_l2anchor_dense_seed7,notebook/notebook,45.487,134.513,0.9529,0.7484,0.3389,1.168
20260913_joint4_decoder_l2anchor_dense_seed7,notebook/notebook,24.527,155.473,0.9544,0.7832,0.4036,1.106
20260913_joint4_decoder_l2anchor_dense_seed7,notebook/notebook,28.242,28.242,0.9515,0.5175,0.0242,0.893
20260913_joint4_decoder_l2anchor_dense_seed7,notebook/notebook,2.030,177.970,0.9585,0.8670,0.3675,1.240
20260913_joint4_decoder_l2anchor_dense_seed7,notebook/notebook,74.441,74.441,0.9464,0.3116,0.1106,0.586
20260913_joint4_decoder_l2anchor_dense_seed7,phone/phone,81.899,98.101,0.9598,1.1708,0.3172,0.646
20260913_joint4_decoder_l2anchor_dense_seed7,phone/phone,80.152,80.152,0.9501,0.4123,0.0004,0.226
20260913_joint4_decoder_l2anchor_dense_seed7,phone/phone,49.402,49.402,0.9525,0.5396,0.2455,0.647
20260913_joint4_decoder_l2anchor_dense_seed7,phone/phone,80.540,80.540,0.9394,0.6194,0.0826,0.646
20260913_joint4_decoder_l2anchor_dense_seed7,phone/phone,39.546,39.546,0.9491,0.5079,0.3384,0.798
20260913_joint4_decoder_l2anchor_dense_seed7,phone/phone,40.702,40.702,0.9563,0.6055,0.2212,0.425
20260913_joint4_decoder_l2anchor_dense_seed7,phone/phone,49.244,130.756,0.9485,0.3961,0.1224,1.358
20260913_joint4_decoder_l2anchor_dense_seed7,phone/phone,72.753,72.753,0.9504,0.3818,0.0912,0.703
20260913_joint4_decoder_l2anchor_dense_seed7,phone/phone,70.607,109.393,0.9557,1.0900,0.2607,0.514
20260913_joint4_decoder_l2anchor_dense_seed7,phone/phone,67.634,67.634,0.9441,0.6854,0.1537,0.368
20260913_joint4_decoder_l2anchor_dense_seed7,phone/phone,59.671,120.329,0.9528,0.3397,0.0375,1.561
20260913_joint4_decoder_l2anchor_dense_seed7,phone/phone,63.640,116.360,0.9461,0.4574,0.0891,0.582
20260913_joint4_decoder_l2anchor_dense_seed7,phone/phone,46.853,133.147,0.9540,0.4229,0.1355,1.552
20260913_joint4_decoder_l2anchor_dense_seed7,phone/phone,85.929,85.929,0.9460,0.4983,0.0652,0.570
20260913_joint4_decoder_l2anchor_dense_seed7,phone/phone,36.015,143.985,0.9501,0.8005,0.1875,0.484
20260913_joint4_decoder_l2anchor_dense_seed7,phone/phone,57.303,57.303,0.9467,0.5935,0.0381,0.516
20260913_joint4_decoder_l2anchor_dense_seed7,phone/phone,58.917,121.083,0.9574,0.7644,0.2408,0.991
20260913_joint4_decoder_l2anchor_dense_seed7,phone/phone,55.652,124.348,0.9537,0.6942,0.1285,0.725
20260913_joint4_decoder_l2anchor_dense_seed7,espressomachine/espressomachine,61.656,61.656,0.9453,0.6521,0.0818,1.112
20260913_joint4_decoder_l2anchor_dense_seed7,espressomachine/espressomachine,82.708,82.708,0.9474,2.3728,0.0028,3.029
20260913_joint4_decoder_l2anchor_dense_seed7,espressomachine/espressomachine,60.907,60.907,0.9451,1.0037,0.0541,0.262
20260913_joint4_decoder_l2anchor_dense_seed7,espressomachine/espressomachine,75.552,75.552,0.9518,1.6390,0.0134,2.526
20260913_joint4_decoder_l2anchor_dense_seed7,espressomachine/espressomachine,62.004,62.004,0.9364,0.6325,0.0778,1.126
20260913_joint4_decoder_l2anchor_dense_seed7,espressomachine/espressomachine,77.388,77.388,0.9348,2.1982,0.1964,2.428
20260913_joint4_decoder_l2anchor_dense_seed7,espressomachine/espressomachine,62.751,62.751,0.9458,0.7775,0.0783,1.182
20260913_joint4_decoder_l2anchor_dense_seed7,espressomachine/espressomachine,73.285,73.285,0.9407,2.3991,0.1162,2.794
20260913_joint4_decoder_l2anchor_dense_seed7,espressomachine/espressomachine,63.093,63.093,0.9393,0.6196,0.0672,1.305
20260913_joint4_decoder_l2anchor_dense_seed7,espressomachine/espressomachine,76.422,76.422,0.9178,2.5776,0.1686,2.831
20260913_joint4_decoder_l2anchor_dense_seed7,espressomachine/espressomachine,59.412,59.412,0.9438,1.2769,0.0886,0.450
20260913_joint4_decoder_l2anchor_dense_seed7,espressomachine/espressomachine,87.354,87.354,0.9403,2.2757,0.0065,3.043
20260913_joint4_decoder_l2anchor_dense_seed7,espressomachine/espressomachine,60.033,60.033,0.9432,1.2276,0.1052,0.931
20260913_joint4_decoder_l2anchor_dense_seed7,espressomachine/espressomachine,84.550,84.550,0.9494,2.2060,0.0230,3.012
20260913_joint4_decoder_l2anchor_dense_seed7,espressomachine/espressomachine,61.350,61.350,0.9368,0.3363,0.1356,1.098
20260913_joint4_decoder_l2anchor_dense_seed7,espressomachine/espressomachine,68.270,68.270,0.9429,2.0126,0.0562,3.131
20260913_joint4_decoder_l2anchor_dense_seed7,espressomachine/espressomachine,57.763,57.763,0.9481,1.0179,0.0705,0.759
20260913_joint4_decoder_l2anchor_dense_seed7,espressomachine/espressomachine,87.841,87.841,0.9330,2.4245,0.0305,3.178
20260913_joint4_decoder_l2anchor_dense_seed7,espressomachine/espressomachine,57.814,57.814,0.9498,0.6301,0.1047,1.061
20260913_joint4_decoder_l2anchor_dense_seed7,espressomachine/espressomachine,87.075,87.075,0.9407,2.2268,0.0266,3.037
20260913_joint4_decoder_l2anchor_dense_seed7,espressomachine/espressomachine,59.060,59.060,0.9490,1.0640,0.1054,0.251
20260913_joint4_decoder_l2anchor_dense_seed7,espressomachine/espressomachine,76.193,76.193,0.9438,2.1201,0.0069,3.085
20260913_joint4_decoder_l2anchor_dense_seed7,espressomachine/espressomachine,57.982,57.982,0.9425,1.0713,0.1035,0.809
20260913_joint4_decoder_l2anchor_dense_seed7,espressomachine/espressomachine,84.107,84.107,0.9456,2.4780,0.0145,3.245
20260913_joint4_decoder_l2anchor_dense_seed7,espressomachine/espressomachine,57.565,57.565,0.9167,0.3596,0.0785,1.843
20260913_joint4_decoder_l2anchor_dense_seed7,espressomachine/espressomachine,86.061,86.061,0.9431,2.5188,0.0603,2.933
20260913_joint4_decoder_l2anchor_dense_seed7,espressomachine/espressomachine,56.849,56.849,0.9465,1.0647,0.1165,0.740
20260913_joint4_decoder_l2anchor_dense_seed7,espressomachine/espressomachine,89.411,89.411,0.9422,2.4869,0.0181,3.020
20260913_joint4_decoder_l2anchor_dense_seed7,espressomachine/espressomachine,52.560,52.560,0.9479,1.6641,0.1253,0.301
20260913_joint4_decoder_l2anchor_dense_seed7,espressomachine/espressomachine,71.303,71.303,0.9284,1.8633,0.0300,2.721
20260913_joint4_decoder_l2anchor_dense_seed7,espressomachine/espressomachine,55.193,55.193,0.9293,0.9021,0.1117,1.256
20260913_joint4_decoder_l2anchor_dense_seed7,espressomachine/espressomachine,81.421,81.421,0.9471,2.3011,0.0177,3.236
20260913_joint4_decoder_l2anchor_dense_seed7,espressomachine/espressomachine,57.686,57.686,0.9423,1.4689,0.1168,0.483
20260913_joint4_decoder_l2anchor_dense_seed7,espressomachine/espressomachine,77.719,77.719,0.9529,1.9650,0.0060,2.830
20260913_joint4_decoder_l2anchor_dense_seed7,espressomachine/espressomachine,57.329,57.329,0.9479,1.1555,0.1231,0.471
20260913_joint4_decoder_l2anchor_dense_seed7,espressomachine/espressomachine,59.461,59.461,0.9348,2.2031,0.0121,3.363
20260913_joint4_decoder_l2anchor_dense_seed7,espressomachine/espressomachine,47.980,47.980,0.9216,0.4217,0.1275,1.953
20260913_joint4_decoder_l2anchor_dense_seed7,espressomachine/espressomachine,51.909,51.909,0.9239,0.3061,0.1110,1.977
20260913_joint4_decoder_l2anchor_dense_seed7,espressomachine/espressomachine,79.287,79.287,0.9453,1.4487,0.0226,2.361
20260913_joint4_decoder_l2anchor_dense_seed7,espressomachine/espressomachine,58.679,58.679,0.9482,1.1091,0.0977,0.348
20260913_joint4_decoder_l2anchor_dense_seed7,phone/phone,55.068,124.932,0.9515,0.5732,0.2238,1.491
20260913_joint4_decoder_l2anchor_dense_seed7,phone/phone,21.682,21.682,0.9475,0.7888,0.1146,0.311
20260913_joint4_decoder_l2anchor_dense_seed7,phone/phone,62.571,117.429,0.9423,0.3983,0.0721,2.052
20260913_joint4_decoder_l2anchor_dense_seed7,phone/phone,43.793,43.793,0.9469,0.9415,0.0742,0.461
20260913_joint4_decoder_l2anchor_dense_seed7,phone/phone,11.799,168.201,0.9334,0.6647,0.2806,1.281
20260913_joint4_decoder_l2anchor_dense_seed7,phone/phone,26.364,26.364,0.9442,0.4869,0.1356,0.180
20260913_joint4_decoder_l2anchor_dense_seed7,phone/phone,45.280,134.720,0.9436,0.5036,0.2598,1.494
20260913_joint4_decoder_l2anchor_dense_seed7,phone/phone,47.564,47.564,0.9457,0.6335,0.1270,0.362
20260913_joint4_decoder_l2anchor_dense_seed7,phone/phone,68.777,111.223,0.9422,0.2647,0.0509,1.916
20260913_joint4_decoder_l2anchor_dense_seed7,phone/phone,33.489,33.489,0.9483,1.2421,0.0444,0.475
20260913_joint4_decoder_l2anchor_dense_seed7,phone/phone,35.811,144.189,0.9525,0.8344,0.3109,1.216
20260913_joint4_decoder_l2anchor_dense_seed7,phone/phone,24.333,24.333,0.9527,0.5679,0.1054,0.668
20260913_joint4_decoder_l2anchor_dense_seed7,phone/phone,59.903,120.097,0.9560,0.7290,0.2508,0.915
20260913_joint4_decoder_l2anchor_dense_seed7,phone/phone,30.048,30.048,0.9460,0.6348,0.0829,0.369
20260913_joint4_decoder_l2anchor_dense_seed7,phone/phone,34.895,145.105,0.9338,0.5348,0.1725,1.676
20260913_joint4_decoder_l2anchor_dense_seed7,phone/phone,21.808,21.808,0.9464,1.2383,0.0908,0.324
20260913_joint4_decoder_l2anchor_dense_seed7,phone/phone,45.750,134.250,0.9552,0.7695,0.2836,1.304
20260913_joint4_decoder_l2anchor_dense_seed7,phone/phone,35.132,35.132,0.9470,0.6178,0.1154,0.499
20260913_joint4_decoder_l2anchor_dense_seed7,phone/phone,48.374,131.626,0.9470,0.5484,0.2385,1.200
20260913_joint4_decoder_l2anchor_dense_seed7,phone/phone,20.853,20.853,0.9529,0.9051,0.1630,0.712
20260913_joint4_decoder_l2anchor_dense_seed7,phone/phone,49.750,130.250,0.9399,0.1951,0.0066,2.078
20260913_joint4_decoder_l2anchor_dense_seed7,phone/phone,21.249,21.249,0.9501,0.6094,0.0828,0.365
20260913_joint4_decoder_l2anchor_dense_seed7,phone/phone,12.524,167.476,0.9467,1.1347,0.3063,0.892
20260913_joint4_decoder_l2anchor_dense_seed7,phone/phone,6.244,6.244,0.9599,0.6597,0.1255,0.559
20260913_joint4_decoder_l2anchor_dense_seed7,phone/phone,56.310,123.690,0.9571,0.5919,0.2186,1.035
20260913_joint4_decoder_l2anchor_dense_seed7,phone/phone,80.022,80.022,0.9545,0.8563,0.0893,0.545
20260913_joint4_decoder_l2anchor_dense_seed7,phone/phone,58.191,121.809,0.9465,0.1932,0.0945,1.634
20260913_joint4_decoder_l2anchor_dense_seed7,phone/phone,47.808,47.808,0.9497,0.8611,0.0102,0.464
20260913_joint4_decoder_l2anchor_dense_seed7,phone/phone,55.161,124.839,0.9537,0.9219,0.2437,0.427
20260913_joint4_decoder_l2anchor_dense_seed7,phone/phone,24.222,24.222,0.9403,0.7789,0.0860,0.335
20260913_joint4_decoder_l2anchor_dense_seed7,phone/phone,38.900,141.100,0.9318,0.7256,0.1499,1.644
20260913_joint4_decoder_l2anchor_dense_seed7,phone/phone,37.727,37.727,0.9440,0.9908,0.1132,0.257
20260913_joint4_decoder_l2anchor_dense_seed7,phone/phone,60.842,119.158,0.9424,0.3057,0.0505,1.461
20260913_joint4_decoder_l2anchor_dense_seed7,phone/phone,12.315,12.315,0.9539,0.4993,0.0250,0.621
20260913_joint4_decoder_l2anchor_dense_seed7,scissors/scissors,65.973,114.027,0.9493,0.2327,0.0662,0.995
20260913_joint4_decoder_l2anchor_dense_seed7,scissors/scissors,26.361,26.361,0.9551,0.3236,0.0846,0.752
20260913_joint4_decoder_l2anchor_dense_seed7,scissors/scissors,38.977,141.023,0.9462,0.3736,0.3431,0.936
20260913_joint4_decoder_l2anchor_dense_seed7,scissors/scissors,68.437,68.437,0.9483,0.1547,0.0374,0.604
20260913_joint4_decoder_l2anchor_dense_seed7,scissors/scissors,67.929,112.071,0.9500,0.4850,0.3474,0.749
20260913_joint4_decoder_l2anchor_dense_seed7,scissors/scissors,65.355,114.645,0.9521,0.1156,0.0951,0.947
20260913_joint4_decoder_l2anchor_dense_seed7,scissors/scissors,52.542,52.542,0.9384,0.4227,0.0599,0.746
20260913_joint4_decoder_l2anchor_dense_seed7,scissors/scissors,82.171,97.829,0.9496,0.0874,0.0220,1.445
20260913_joint4_decoder_l2anchor_dense_seed7,scissors/scissors,43.004,43.004,0.9418,0.2014,0.0008,0.888
20260913_joint4_decoder_l2anchor_dense_seed7,scissors/scissors,54.640,125.360,0.9482,0.3695,0.2100,0.898
20260913_joint4_decoder_l2anchor_dense_seed7,scissors/scissors,75.014,104.986,0.9602,0.2801,0.2179,0.907
20260913_joint4_decoder_l2anchor_dense_seed7,scissors/scissors,66.312,113.688,0.9462,0.2564,0.2967,1.257
20260913_joint4_decoder_l2anchor_dense_seed7,scissors/scissors,39.287,140.713,0.9591,0.3223,0.2098,1.131
20260913_joint4_decoder_l2anchor_dense_seed7,scissors/scissors,35.650,144.350,0.9534,0.3203,0.3298,0.955
20260913_joint4_decoder_l2anchor_dense_seed7,scissors/scissors,61.385,61.385,0.9508,0.5652,0.1315,0.660
20260913_joint4_decoder_l2anchor_dense_seed7,scissors/scissors,26.161,153.839,0.9490,0.2260,0.2357,1.121
20260913_joint4_decoder_l2anchor_dense_seed7,scissors/scissors,84.254,95.746,0.9490,0.1520,0.0304,1.113
20260913_joint4_decoder_l2anchor_dense_seed7,scissors/scissors,51.396,128.604,0.9544,0.2630,0.2825,1.262
20260913_joint4_decoder_l2anchor_dense_seed7,scissors/scissors,60.490,119.510,0.9564,0.3008,0.2848,1.297
20260913_joint4_decoder_l2anchor_dense_seed7,scissors/scissors,87.122,92.878,0.9457,0.3337,0.0271,0.765
20260913_joint4_decoder_l2anchor_dense_seed7,scissors/scissors,69.785,110.215,0.9486,0.4438,0.1961,0.892
20260913_joint4_decoder_l2anchor_dense_seed7,scissors/scissors,24.432,155.568,0.9523,0.3508,0.2804,0.998
20260913_joint4_decoder_l2anchor_dense_seed7,scissors/scissors,57.497,122.503,0.9495,0.5203,0.2565,0.642
20260913_joint4_decoder_l2anchor_dense_seed7,scissors/scissors,71.204,108.796,0.9424,0.2337,0.2004,1.120
20260913_joint4_decoder_l2anchor_dense_seed7,scissors/scissors,73.377,73.377,0.9456,0.1257,0.0242,1.102
20260913_joint4_decoder_l2anchor_dense_seed7,scissors/scissors,47.073,132.927,0.9519,0.2879,0.3278,1.187
20260913_joint4_decoder_l2anchor_dense_seed7,scissors/scissors,50.286,129.714,0.9498,0.2328,0.2508,1.165
20260913_joint4_decoder_l2anchor_dense_seed7,scissors/scissors,36.339,36.339,0.9574,0.3908,0.0680,0.751
20260913_joint4_decoder_l2anchor_dense_seed7,scissors/scissors,55.441,124.559,0.9486,0.1830,0.1647,0.869
20260913_joint4_decoder_l2anchor_dense_seed7,scissors/scissors,44.970,135.030,0.9528,0.2637,0.2511,1.195
20260913_joint4_decoder_l2anchor_dense_seed7,scissors/scissors,66.481,113.519,0.9456,0.3731,0.2491,0.825
20260913_joint4_decoder_l2anchor_dense_seed7,scissors/scissors,70.645,109.355,0.9433,0.0850,0.0881,1.367
20260913_joint4_decoder_l2anchor_dense_seed7,scissors/scissors,49.658,130.342,0.9467,0.4731,0.2152,0.732
20260913_joint4_decoder_l2anchor_dense_seed7,scissors/scissors,50.930,129.070,0.9486,0.2153,0.2265,1.366
20260913_joint4_decoder_l2anchor_dense_seed7,scissors/scissors,85.016,94.984,0.9451,0.1161,0.1518,0.947
20260913_joint4_decoder_l2anchor_dense_seed7,scissors/scissors,58.956,58.956,0.9584,0.5661,0.0998,0.904
20260913_joint4_decoder_l2anchor_dense_seed7,scissors/scissors,62.697,117.303,0.9531,0.2895,0.1860,0.912
20260913_joint4_decoder_l2anchor_dense_seed7,scissors/scissors,44.986,135.014,0.9433,0.2177,0.2051,1.457
20260913_joint4_decoder_l2anchor_dense_seed7,scissors/scissors,82.760,82.760,0.9405,0.5309,0.1383,1.053
20260913_joint4_decoder_l2anchor_dense_seed7,scissors/scissors,64.879,115.121,0.9418,0.1274,0.1899,1.303
20260913_joint4_decoder_l2anchor_dense_seed7,scissors/scissors,37.491,37.491,0.9604,0.6105,0.0189,1.128
20260913_joint4_decoder_l2anchor_dense_seed7,scissors/scissors,36.897,143.103,0.9396,0.1204,0.1227,1.124
20260913_joint4_decoder_l2anchor_dense_seed7,scissors/scissors,62.222,62.222,0.9467,0.1224,0.0683,1.266
20260913_joint4_decoder_l2anchor_dense_seed7,scissors/scissors,13.147,13.147,0.9545,0.6228,0.0371,0.929
20260913_joint4_decoder_l2anchor_dense_seed7,scissors/scissors,74.120,74.120,0.9446,0.2133,0.0936,1.092
20260913_joint4_decoder_l2anchor_dense_seed7,scissors/scissors,56.241,123.759,0.9478,0.1427,0.1771,0.990
20260913_joint4_decoder_l2anchor_dense_seed7,scissors/scissors,57.971,122.029,0.9493,0.3498,0.1010,0.873
20260913_joint4_decoder_l2anchor_dense_seed7,scissors/scissors,73.511,73.511,0.9556,0.5850,0.1602,0.656
20260913_joint4_decoder_l2anchor_dense_seed7,scissors/scissors,71.075,108.925,0.9520,0.1711,0.0556,1.178
