epoch,step,train/L_coord_epoch,train/L_coord_step,train/L_geo_pp_dir_epoch,train/L_geo_pp_dir_step,train/L_geo_pred_pred_art_epoch,train/L_geo_pred_pred_art_step,train/L_kld_epoch,train/L_kld_step,train/L_mask_epoch,train/L_mask_step,train/L_motion_recon_epoch,train/L_motion_recon_step,train/L_motion_type_epoch,train/L_motion_type_step,train/L_origin_epoch,train/L_origin_map_epoch,train/L_origin_map_step,train/L_origin_step,train/L_point_3d_epoch,train/L_point_3d_step,train/L_point_map_epoch,train/L_point_map_step,train/L_trajectory_epoch,train/L_trajectory_m2,train/L_trajectory_step,train/L_vae_total_epoch,train/L_vae_total_step,train/loss_total_epoch,train/loss_total_step,train/p_rev_mean,val/L_coord,val/L_geo_pp_dir,val/L_geo_pred_pred_art,val/L_kld,val/L_mask,val/L_motion_recon,val/L_motion_type,val/L_origin,val/L_origin_map,val/L_point_3d,val/L_point_map,val/L_trajectory,val/L_trajectory_m2,val/L_vae_total,val/loss_total
0,9,,0.06485611200332642,,0.07591890543699265,,0.026170670986175537,,0.0,,0.32315126061439514,,0.9323962926864624,,1.3908799886703491,,,106.06910705566406,2602.767333984375,,0.057578396052122116,,0.26843875646591187,,,32.11872100830078,,0.9323962926864624,,1372.0064697265625,,,,,,,,,,,,,,,,
0,19,,0.0597430057823658,,0.09045841544866562,,0.07476694136857986,,0.0,,0.2946631908416748,,0.9626886248588562,,1.133927822113037,,,22.000349044799805,1512.70361328125,,0.044921811670064926,,0.20177927613258362,,,27.680503845214844,,0.9626886248588562,,782.5576782226562,,,,,,,,,,,,,,,,
0,29,,0.06822868436574936,,0.15588539838790894,,0.15211641788482666,,0.0,,0.3324860632419586,,0.9503433108329773,,1.5298082828521729,,,9.709139823913574,1346.4404296875,,0.059221260249614716,,0.24381385743618011,,,19.725690841674805,,0.9503433108329773,,689.5604248046875,,,,,,,,,,,,,,,,
0,39,,0.10874110460281372,,0.2719000577926636,,0.2356180101633072,,0.0,,0.3484938144683838,,0.7622553110122681,,1.2736477851867676,,,1.8046233654022217,1073.5111083984375,,0.0731746256351471,,0.33289945125579834,,,12.916084289550781,,0.7622553110122681,,545.6162719726562,,,,,,,,,,,,,,,,
0,49,,0.07807506620883942,,0.3484259247779846,,0.39849263429641724,,0.0,,0.31424960494041443,,0.7178313732147217,,0.8535462617874146,,,0.3470279276371002,1017.2822875976562,,0.04207119345664978,,0.24616244435310364,,,7.4419450759887695,,0.7178313732147217,,513.736328125,,,,,,,,,,,,,,,,
0,59,,0.10605738312005997,,0.4299354553222656,,0.4230656027793884,,0.0,,0.34715089201927185,,0.6135085225105286,,0.7414455413818359,,,0.549309492111206,867.6853637695312,,0.05059321969747543,,0.34773653745651245,,,5.5602569580078125,,0.6135085225105286,,438.08599853515625,,,,,,,,,,,,,,,,
0,69,,0.10109922289848328,,0.5152310132980347,,0.47391223907470703,,0.0,,0.37499672174453735,,0.6299299001693726,,0.7061871290206909,,,0.4692995548248291,719.1339721679688,,0.06454121321439743,,0.45132502913475037,,,4.373562812805176,,0.6299299001693726,,363.2513427734375,,,,,,,,,,,,,,,,
0,79,,0.10551214218139648,,0.5206083655357361,,0.43884310126304626,,0.0,,0.34670865535736084,,0.42068690061569214,,0.41002094745635986,,,0.39328011870384216,491.04681396484375,,0.07689446210861206,,0.3142027258872986,,,3.075458526611328,,0.42068690061569214,,248.19073486328125,,,,,,,,,,,,,,,,
0,84,,,,,,,,,,,,,,,,,,,,,,,,,,,,,,,0.12045522034168243,0.7312629818916321,0.5323957204818726,0.0,0.4174213111400604,0.5816264152526855,0.7227975726127625,515.2576904296875,0.3205605745315552,0.07910611480474472,0.26687315106391907,2.7931551933288574,0.454673707485199,0.5816264152526855,260.4061584472656
0,84,0.08246897161006927,,0.29857420921325684,,0.26858073472976685,,0.0,,0.3235538899898529,,0.7462183833122253,,1.0000362396240234,,1290.0150146484375,26.568729400634766,,,0.05560414493083954,,0.2925296723842621,,14.34945011138916,2.0793240070343018,,0.7462183833122253,,666.7734985351562,,0.21364732086658478,,,,,,,,,,,,,,,
1,89,,0.09579682350158691,,0.5676538944244385,,0.42599835991859436,,0.0,,0.3576689064502716,,0.2944739758968353,,0.5200278759002686,,,0.4019801914691925,532.6051025390625,,0.0341799259185791,,0.3798505365848541,,,2.846407890319824,,0.2944739758968353,,268.86712646484375,,,,,,,,,,,,,,,,
1,99,,0.0737893208861351,,0.5336462259292603,,0.4605344533920288,,0.0,,0.32535284757614136,,0.2549923360347748,,0.3627653419971466,,,0.37736037373542786,473.0784912109375,,0.02363414876163006,,0.246235191822052,,,2.7381365299224854,,0.2549923360347748,,238.83978271484375,,,,,,,,,,,,,,,,
1,109,,0.09679353982210159,,0.462148517370224,,0.44046443700790405,,0.0,,0.34237125515937805,,0.2822473645210266,,0.31556379795074463,,,0.34131237864494324,319.40216064453125,,0.03550376743078232,,0.3360331058502197,,,3.428713798522949,,0.2822473645210266,,162.38059997558594,,,,,,,,,,,,,,,,
1,119,,0.10204093158245087,,0.4505375027656555,,0.3473755121231079,,0.0,,0.3533717095851898,,0.26291027665138245,,0.37849900126457214,,,0.33304882049560547,309.2625427246094,,0.04504904896020889,,0.34949058294296265,,,2.230269432067871,,0.26291027665138245,,156.73838806152344,,,,,,,,,,,,,,,,
1,129,,0.09264576435089111,,0.4664594233036041,,0.3850176930427551,,0.0,,0.3381544053554535,,0.23799677193164825,,0.3899071514606476,,,0.35661107301712036,250.90928649902344,,0.03593312203884125,,0.33622807264328003,,,3.2694272994995117,,0.23799677193164825,,128.0682373046875,,,,,,,,,,,,,,,,
1,139,,0.09329049289226532,,0.4935900866985321,,0.38249891996383667,,0.0,,0.33208543062210083,,0.31152141094207764,,0.4022986590862274,,,0.3424719274044037,241.8030242919922,,0.03542492166161537,,0.29955846071243286,,,1.5035383701324463,,0.31152141094207764,,122.64921569824219,,,,,,,,,,,,,,,,
1,149,,0.10723699629306793,,0.48020651936531067,,0.35007262229919434,,0.0,,0.347189337015152,,0.304004043340683,,0.3390253782272339,,,0.35487431287765503,179.78121948242188,,0.06022515892982483,,0.29798853397369385,,,1.7670676708221436,,0.304004043340683,,91.762451171875,,,,,,,,,,,,,,,,
1,159,,0.0966092050075531,,0.4457705616950989,,0.3492303788661957,,0.0,,0.3746117353439331,,0.23155783116817474,,0.3075483441352844,,,0.3969951570034027,170.4111785888672,,0.05149231478571892,,0.34525248408317566,,,1.6214430332183838,,0.23155783116817474,,86.99784088134766,,,,,,,,,,,,,,,,
1,169,,0.09492843598127365,,0.4890533685684204,,0.3580084443092346,,0.0,,0.368741899728775,,0.21416154503822327,,0.2769330143928528,,,0.3195849657058716,154.224853515625,,0.04871494695544243,,0.38775041699409485,,,1.4061486721038818,,0.21416154503822327,,78.755615234375,,,,,,,,,,,,,,,,
1,169,,,,,,,,,,,,,,,,,,,,,,,,,,,,,,,0.12150882929563522,0.7190824151039124,0.4632282853126526,0.0,0.4316721558570862,0.5611977577209473,0.4435977637767792,116.52703857421875,0.30572742223739624,0.07197016477584839,0.26177045702934265,1.5352250337600708,0.25598838925361633,0.5611977577209473,60.24808883666992
1,169,0.09620573371648788,,0.4946170449256897,,0.3943324685096741,,0.0,,0.35035911202430725,,0.28471288084983826,,0.3616721034049988,,294.475341796875,0.36812472343444824,,,0.04375436156988144,,0.31787359714508057,,2.281550645828247,0.33815425634384155,,0.28471288084983826,,149.3787078857422,,0.20790472626686096,,,,,,,,,,,,,,,
2,179,,0.08415436744689941,,0.46382322907447815,,0.30964159965515137,,0.0,,0.3514544665813446,,0.16675299406051636,,0.2799057066440582,,,0.3711093068122864,94.38078308105469,,0.02572869323194027,,0.2881203889846802,,,1.6497694253921509,,0.16675299406051636,,48.87623596191406,,,,,,,,,,,,,,,,
2,189,,0.11257084459066391,,0.5106317400932312,,0.35273921489715576,,0.0,,0.3822091817855835,,0.2276582568883896,,0.3520062565803528,,,0.35540568828582764,107.74417877197266,,0.038231246173381805,,0.2915361821651459,,,1.7926439046859741,,0.2276582568883896,,55.73455810546875,,,,,,,,,,,,,,,,
2,199,,0.0778648853302002,,0.47245118021965027,,0.32683128118515015,,0.0,,0.3346858024597168,,0.168300062417984,,0.27841508388519287,,,0.32689934968948364,94.81214904785156,,0.03566380962729454,,0.26880064606666565,,,1.2768418788909912,,0.168300062417984,,48.86973571777344,,,,,,,,,,,,,,,,
2,209,,0.09410252422094345,,0.4192228317260742,,0.3078369200229645,,0.0,,0.3502916693687439,,0.10953353345394135,,0.23091325163841248,,,0.33379611372947693,47.358551025390625,,0.04964696988463402,,0.29907792806625366,,,1.0888668298721313,,0.10953353345394135,,25.03009796142578,,,,,,,,,,,,,,,,
2,219,,0.10611135512590408,,0.47635310888290405,,0.33621424436569214,,0.0,,0.3972153663635254,,0.18370243906974792,,0.3403073847293854,,,0.322192907333374,49.088661193847656,,0.0428292453289032,,0.3292158246040344,,,1.1905851364135742,,0.18370243906974792,,26.081668853759766,,,,,,,,,,,,,,,,
2,229,,0.08506351709365845,,0.42745357751846313,,0.30659136176109314,,0.0,,0.3495674431324005,,0.20431077480316162,,0.26772433519363403,,,0.3348757326602936,41.519073486328125,,0.040477901697158813,,0.26680314540863037,,,1.1614238023757935,,0.20431077480316162,,22.188064575195312,,,,,,,,,,,,,,,,
2,239,,0.10195678472518921,,0.4497227072715759,,0.34093350172042847,,0.0,,0.35895755887031555,,0.17932265996932983,,0.2659110724925995,,,0.3814750611782074,18.405988693237305,,0.06201864778995514,,0.30297863483428955,,,1.1839549541473389,,0.17932265996932983,,10.700346946716309,,,,,,,,,,,,,,,,
2,249,,0.09081313759088516,,0.4968370199203491,,0.3302347660064697,,0.0,,0.3565268814563751,,0.15655890107154846,,0.2691948711872101,,,0.3144418001174927,40.469112396240234,,0.02469385787844658,,0.2841634452342987,,,1.0804632902145386,,0.15655890107154846,,21.605690002441406,,,,,,,,,,,,,,,,
2,254,,,,,,,,,,,,,,,,,,,,,,,,,,,,,,,0.12158536911010742,0.704242467880249,0.4298382103443146,0.0,0.43563976883888245,0.5493535995483398,0.3773360252380371,24.442842483520508,0.30398181080818176,0.06864605098962784,0.25693047046661377,1.1842900514602661,0.2007187306880951,0.5493535995483398,13.983710289001465
2,254,0.09161439538002014,,0.4616014063358307,,0.34010088443756104,,0.0,,0.35174208879470825,,0.19080694019794464,,0.28246721625328064,,68.7815170288086,0.34433141350746155,,,0.037423714995384216,,0.29040512442588806,,1.2671730518341064,0.19694195687770844,,0.19080694019794464,,35.89891815185547,,0.2017945498228073,,,,,,,,,,,,,,,
3,259,,0.09191571176052094,,0.49025771021842957,,0.29189562797546387,,0.0,,0.3624068796634674,,0.17781858146190643,,0.29666829109191895,,,0.31011638045310974,27.40962791442871,,0.044736962765455246,,0.2624610364437103,,,1.113176941871643,,0.17781858146190643,,15.112679481506348,,,,,,,,,,,,,,,,
3,269,,0.09208279848098755,,0.4396708011627197,,0.3141574561595917,,0.0,,0.3378061056137085,,0.17555400729179382,,0.24705028533935547,,,0.3314075469970703,25.86161231994629,,0.038584258407354355,,0.23290985822677612,,,0.9721832275390625,,0.17555400729179382,,14.219978332519531,,,,,,,,,,,,,,,,
3,279,,0.0901852399110794,,0.47469860315322876,,0.24402505159378052,,0.0,,0.3464115858078003,,0.21625900268554688,,0.22697049379348755,,,0.32400423288345337,24.252286911010742,,0.054018329828977585,,0.2869040369987488,,,0.8476752638816833,,0.21625900268554688,,13.394230842590332,,,,,,,,,,,,,,,,
3,289,,0.0849490612745285,,0.4659850001335144,,0.2911461591720581,,0.0,,0.3598358631134033,,0.15858983993530273,,0.24443505704402924,,,0.3652610778808594,14.958013534545898,,0.04897066205739975,,0.32334983348846436,,,1.0098458528518677,,0.15858983993530273,,8.852338790893555,,,,,,,,,,,,,,,,
3,299,,0.09492570906877518,,0.41431543231010437,,0.3412517309188843,,0.0,,0.34442153573036194,,0.2037418782711029,,0.28458064794540405,,,0.2980673909187317,9.891356468200684,,0.04643716663122177,,0.2907518744468689,,,0.8737365007400513,,0.2037418782711029,,6.239566326141357,,,,,,,,,,,,,,,,
3,309,,0.0980677604675293,,0.4346321225166321,,0.2515876293182373,,0.0,,0.35973629355430603,,0.10965197533369064,,0.27243277430534363,,,0.3332756757736206,8.295284271240234,,0.028677454218268394,,0.26823630928993225,,,0.750908374786377,,0.10965197533369064,,5.326757907867432,,,,,,,,,,,,,,,,
3,319,,0.0875830352306366,,0.4231685400009155,,0.3018796443939209,,0.0,,0.3635443449020386,,0.12380244582891464,,0.25822579860687256,,,0.3290371894836426,16.026222229003906,,0.027638515457510948,,0.27986201643943787,,,0.6666414737701416,,0.12380244582891464,,9.153782844543457,,,,,,,,,,,,,,,,
3,329,,0.10148333013057709,,0.3911833167076111,,0.2608635127544403,,0.0,,0.3717421889305115,,0.07970543205738068,,0.21927326917648315,,,0.3296481668949127,18.852548599243164,,0.030729174613952637,,0.26337218284606934,,,0.6423110961914062,,0.07970543205738068,,10.510611534118652,,,,,,,,,,,,,,,,
3,339,,0.09564126282930374,,0.3959119915962219,,0.323363721370697,,0.0,,0.34352317452430725,,0.16210725903511047,,0.26100316643714905,,,0.31284987926483154,5.60095739364624,,0.040399495512247086,,0.32618188858032227,,,0.6644733548164368,,0.16210725903511047,,3.9754960536956787,,,,,,,,,,,,,,,,
3,339,,,,,,,,,,,,,,,,,,,,,,,,,,,,,,,0.12312889099121094,0.68684983253479,0.38874146342277527,0.0,0.4382837116718292,0.5497676134109497,0.34506773948669434,5.851807117462158,0.3020855188369751,0.06526902318000793,0.2578431963920593,1.0064542293548584,0.1717788577079773,0.5497676134109497,4.5774126052856445
3,339,0.08823335915803909,,0.43448585271835327,,0.2892809510231018,,0.0,,0.3493252396583557,,0.14486047625541687,,0.26156502962112427,,18.678497314453125,0.3298993706703186,,,0.03551565855741501,,0.27909716963768005,,0.8343363404273987,0.13398049771785736,,0.14486047625541687,,10.573042869567871,,0.20081813633441925,,,,,,,,,,,,,,,
4,349,,0.10978731513023376,,0.4298139214515686,,0.25832778215408325,,0.0,,0.38042134046554565,,0.1731356680393219,,0.2995375692844391,,,0.31081852316856384,12.045631408691406,,0.042962752282619476,,0.289614200592041,,,0.9878771305084229,,0.1731356680393219,,7.388707160949707,,,,,,,,,,,,,,,,
4,359,,0.09121740609407425,,0.555687665939331,,0.29338914155960083,,0.0,,0.3785044252872467,,0.1693435162305832,,0.25209447741508484,,,0.3098122179508209,10.235061645507812,,0.040861018002033234,,0.3143466114997864,,,0.7365834712982178,,0.1693435162305832,,6.348820209503174,,,,,,,,,,,,,,,,
4,369,,0.06854834407567978,,0.40305614471435547,,0.2586395740509033,,0.0,,0.3325437605381012,,0.07831238210201263,,0.24566961824893951,,,0.331337034702301,8.889090538024902,,0.018183117732405663,,0.3506578803062439,,,0.684266984462738,,0.07831238210201263,,5.565474510192871,,,,,,,,,,,,,,,,
4,379,,0.07975753396749496,,0.3924116790294647,,0.19163033366203308,,0.0,,0.3594772219657898,,0.16363868117332458,,0.2326478660106659,,,0.31581979990005493,7.3940324783325195,,0.02408815734088421,,0.3186466693878174,,,0.5941193699836731,,0.16363868117332458,,4.799517631530762,,,,,,,,,,,,,,,,
4,389,,0.06785602122545242,,0.3784008026123047,,0.1859929859638214,,0.0,,0.32933178544044495,,0.09644529223442078,,0.24788659811019897,,,0.33612126111984253,5.472405433654785,,0.018195269629359245,,0.2860933542251587,,,0.4342283010482788,,0.09644529223442078,,3.700721025466919,,,,,,,,,,,,,,,,
4,399,,0.09790802001953125,,0.45833492279052734,,0.2515673339366913,,0.0,,0.34096527099609375,,0.11679580807685852,,0.2792084217071533,,,0.3250819742679596,6.97139310836792,,0.04483526200056076,,0.26701027154922485,,,0.6922174096107483,,0.11679580807685852,,4.638698101043701,,,,,,,,,,,,,,,,
4,409,,0.08360692113637924,,0.39082762598991394,,0.2381913810968399,,0.0,,0.3385854959487915,,0.17827759683132172,,0.23857349157333374,,,0.3272801339626312,2.9403328895568848,,0.02831357717514038,,0.26354849338531494,,,0.6261215209960938,,0.17827759683132172,,2.5752220153808594,,,,,,,,,,,,,,,,
4,419,,0.0997876450419426,,0.41812294721603394,,0.21184729039669037,,0.0,,0.3733961284160614,,0.15198135375976562,,0.25858551263809204,,,0.33840852975845337,2.4128060340881348,,0.05053166672587395,,0.38668292760849,,,0.47936421632766724,,0.15198135375976562,,2.3387691974639893,,,,,,,,,,,,,,,,
4,424,,,,,,,,,,,,,,,,,,,,,,,,,,,,,,,0.11966156959533691,0.6551882028579712,0.3649294078350067,0.0,0.4316049814224243,0.5357385873794556,0.3278886079788208,1.9318429231643677,0.30035316944122314,0.06584813445806503,0.256161630153656,0.9082054495811462,0.15561382472515106,0.5357385873794556,2.5406644344329834
4,424,0.08607032150030136,,0.4042108356952667,,0.23801738023757935,,0.0,,0.34560221433639526,,0.11946669220924377,,0.24869701266288757,,6.731500625610352,0.32085347175598145,,,0.03433867171406746,,0.3030041754245758,,0.6178143620491028,0.10140908509492874,,0.11946669220924377,,4.467898845672607,,0.19711320102214813,,,,,,,,,,,,,,,
5,429,,0.06917640566825867,,0.41456955671310425,,0.23087210953235626,,0.0,,0.33125293254852295,,0.10260193794965744,,0.22331279516220093,,,0.3110453188419342,2.318392753601074,,0.029739392921328545,,0.24403171241283417,,,0.5136338472366333,,0.10260193794965744,,2.1361377239227295,,,,,,,,,,,,,,,,
5,439,,0.08454916626214981,,0.35730892419815063,,0.2251613438129425,,0.0,,0.3267276883125305,,0.11638979613780975,,0.22198572754859924,,,0.328163743019104,7.521483898162842,,0.027190562337636948,,0.35878393054008484,,,0.4087873101234436,,0.11638979613780975,,4.755278587341309,,,,,,,,,,,,,,,,
5,449,,0.06999381631612778,,0.3800654411315918,,0.24476848542690277,,0.0,,0.3602822721004486,,0.10794974118471146,,0.22391799092292786,,,0.33942872285842896,2.610351324081421,,0.034346893429756165,,0.31644314527511597,,,0.5227890014648438,,0.10794974118471146,,2.3552348613739014,,,,,,,,,,,,,,,,
5,459,,0.1247723177075386,,0.3872207701206207,,0.2004668414592743,,0.0,,0.38452547788619995,,0.1331644356250763,,0.24397367238998413,,,0.31476277112960815,1.7223525047302246,,0.04782893508672714,,0.3904787600040436,,,0.6166374683380127,,0.1331644356250763,,2.0480170249938965,,,,,,,,,,,,,,,,
5,469,,0.0900614783167839,,0.4324099123477936,,0.1868930459022522,,0.0,,0.3654772639274597,,0.13765645027160645,,0.23964166641235352,,,0.29858770966529846,5.766353130340576,,0.04099298268556595,,0.27829211950302124,,,0.619602382183075,,0.13765645027160645,,3.9802627563476562,,,,,,,,,,,,,,,,
5,479,,0.06330075114965439,,0.3607519567012787,,0.20736753940582275,,0.0,,0.32777824997901917,,0.10619596391916275,,0.22346507012844086,,,0.3417554497718811,5.334814071655273,,0.04399067163467407,,0.27415019273757935,,,0.39275258779525757,,0.10619596391916275,,3.6109135150909424,,,,,,,,,,,,,,,,
5,489,,0.07396507263183594,,0.3719627857208252,,0.25561147928237915,,0.0,,0.3216404616832733,,0.15634146332740784,,0.24669314920902252,,,0.3022858202457428,2.2001702785491943,,0.019760683178901672,,0.28065162897109985,,,0.5450921654701233,,0.15634146332740784,,2.1360578536987305,,,,,,,,,,,,,,,,
5,499,,0.08839660882949829,,0.419569730758667,,0.17217513918876648,,0.0,,0.341935932636261,,0.08876630663871765,,0.2329893857240677,,,0.317360520362854,3.490684747695923,,0.025990616530179977,,0.24403762817382812,,,0.48191702365875244,,0.08876630663871765,,2.7152137756347656,,,,,,,,,,,,,,,,
5,509,,0.08961105346679688,,0.3175845742225647,,0.20444262027740479,,0.0,,0.34161296486854553,,0.07350310683250427,,0.259063184261322,,,0.31696343421936035,1.516252040863037,,0.023458510637283325,,0.25608697533607483,,,0.44272732734680176,,0.07350310683250427,,1.7118419408798218,,,,,,,,,,,,,,,,
5,509,,,,,,,,,,,,,,,,,,,,,,,,,,,,,,,0.11741533875465393,0.6276219487190247,0.3596973419189453,0.0,0.4279114305973053,0.5276338458061218,0.3159482777118683,0.9277904033660889,0.29902246594429016,0.0654255747795105,0.2574429512023926,0.8553945422172546,0.1469910889863968,0.5276338458061218,1.9957246780395508
5,509,0.08247460424900055,,0.36290428042411804,,0.19873711466789246,,0.0,,0.34067222476005554,,0.10004491358995438,,0.24074630439281464,,3.4299991130828857,0.3161105513572693,,,0.03323628008365631,,0.2811303734779358,,0.4950362741947174,0.08255195617675781,,0.10004491358995438,,2.7158901691436768,,0.1961449831724167,,,,,,,,,,,,,,,
6,519,,0.06062830612063408,,0.35160180926322937,,0.147194504737854,,0.0,,0.3280692994594574,,0.07749791443347931,,0.23398563265800476,,,0.32063499093055725,2.1411244869232178,,0.03810751810669899,,0.248805969953537,,,0.3336496949195862,,0.07749791443347931,,1.941131591796875,,,,,,,,,,,,,,,,
6,529,,0.097225122153759,,0.353105366230011,,0.1811654269695282,,0.0,,0.36816006898880005,,0.06808806955814362,,0.25278425216674805,,,0.3048090934753418,1.7767665386199951,,0.03322046250104904,,0.29799532890319824,,,0.45473676919937134,,0.06808806955814362,,1.8803199529647827,,,,,,,,,,,,,,,,
6,539,,0.09470225870609283,,0.3144839406013489,,0.1799839437007904,,0.0,,0.35847917199134827,,0.11857467889785767,,0.22670556604862213,,,0.3184213936328888,1.0430315732955933,,0.034074679017066956,,0.27437180280685425,,,0.46662697196006775,,0.11857467889785767,,1.5169408321380615,,,,,,,,,,,,,,,,
6,549,,0.07724510133266449,,0.32091453671455383,,0.17161184549331665,,0.0,,0.3395165503025055,,0.05238768458366394,,0.23261317610740662,,,0.30943194031715393,3.2511520385742188,,0.026739701628684998,,0.3332591652870178,,,0.3149503171443939,,0.05238768458366394,,2.5179007053375244,,,,,,,,,,,,,,,,
6,559,,0.08450775593519211,,0.3348851799964905,,0.21036353707313538,,0.0,,0.34198078513145447,,0.12138707935810089,,0.24736450612545013,,,0.2882958650588989,4.178843975067139,,0.04283657670021057,,0.2530466914176941,,,0.41171562671661377,,0.12138707935810089,,3.0395140647888184,,,,,,,,,,,,,,,,
6,569,,0.07226388156414032,,0.33908534049987793,,0.13406823575496674,,0.0,,0.3311018943786621,,0.1273844689130783,,0.22587370872497559,,,0.3121569752693176,2.1012537479400635,,0.059463903307914734,,0.253362238407135,,,0.3877578377723694,,0.1273844689130783,,1.9826246500015259,,,,,,,,,,,,,,,,
6,579,,0.07640961557626724,,0.2498624622821808,,0.15304899215698242,,0.0,,0.319821298122406,,0.050907038152217865,,0.22748617827892303,,,0.33363401889801025,0.7954276204109192,,0.017597943544387817,,0.2695764899253845,,,0.3054847717285156,,0.050907038152217865,,1.2384637594223022,,,,,,,,,,,,,,,,
6,589,,0.07998985797166824,,0.2906375527381897,,0.12776130437850952,,0.0,,0.31158503890037537,,0.08775588124990463,,0.21104362607002258,,,0.3000031113624573,1.0356343984603882,,0.023935219272971153,,0.26763468980789185,,,0.32728302478790283,,0.08775588124990463,,1.364272117614746,,,,,,,,,,,,,,,,
6,594,,,,,,,,,,,,,,,,,,,,,,,,,,,,,,,0.11509057134389877,0.5960611701011658,0.3605031967163086,0.0,0.42501235008239746,0.513365626335144,0.3001815378665924,0.6638965010643005,0.2983407974243164,0.062932588160038,0.2554837167263031,0.8046116828918457,0.13868600130081177,0.513365626335144,1.81511390209198
6,594,0.0795212984085083,,0.32528483867645264,,0.17098796367645264,,0.0,,0.33574312925338745,,0.09031066298484802,,0.23490342497825623,,2.1776134967803955,0.31475746631622314,,,0.03286872059106827,,0.2724883258342743,,0.4131505489349365,0.06966918706893921,,0.09031066298484802,,2.025305986404419,,0.19476965069770813,,,,,,,,,,,,,,,
7,599,,0.08379427343606949,,0.32218027114868164,,0.13706058263778687,,0.0,,0.3378846347332001,,0.03472280502319336,,0.23230114579200745,,,0.2928768992424011,2.3732056617736816,,0.03175145015120506,,0.300386518239975,,,0.352364182472229,,0.03472280502319336,,2.065567970275879,,,,,,,,,,,,,,,,
7,609,,0.0825590267777443,,0.26302847266197205,,0.1519297957420349,,0.0,,0.3343188762664795,,0.08558844029903412,,0.24186038970947266,,,0.30900144577026367,1.8946696519851685,,0.026372378692030907,,0.24725422263145447,,,0.32877182960510254,,0.08558844029903412,,1.816693902015686,,,,,,,,,,,,,,,,
7,619,,0.0642322301864624,,0.27957358956336975,,0.12570232152938843,,0.0,,0.33557116985321045,,0.0637679323554039,,0.21773792803287506,,,0.31306689977645874,2.024677038192749,,0.028504740446805954,,0.2560359239578247,,,0.27067649364471436,,0.0637679323554039,,1.827662706375122,,,,,,,,,,,,,,,,
7,629,,0.07892325520515442,,0.2991520166397095,,0.15060749650001526,,0.0,,0.3182195723056793,,0.057332392781972885,,0.22772464156150818,,,0.33352231979370117,2.7816216945648193,,0.05177026987075806,,0.27074068784713745,,,0.3592517077922821,,0.057332392781972885,,2.284529209136963,,,,,,,,,,,,,,,,
7,639,,0.09929848462343216,,0.3563399910926819,,0.1496484875679016,,0.0,,0.34806138277053833,,0.10520867258310318,,0.24745520949363708,,,0.3032345473766327,3.596330165863037,,0.03856624662876129,,0.281379759311676,,,0.39624518156051636,,0.10520867258310318,,2.758488655090332,,,,,,,,,,,,,,,,
7,649,,0.0719953402876854,,0.2565622925758362,,0.16953527927398682,,0.0,,0.3123108446598053,,0.08019059896469116,,0.22981339693069458,,,0.29987579584121704,0.5167412757873535,,0.028392937034368515,,0.27033132314682007,,,0.34056344628334045,,0.08019059896469116,,1.1177172660827637,,,,,,,,,,,,,,,,
7,659,,0.09304624795913696,,0.31901076436042786,,0.16940543055534363,,0.0,,0.3502238094806671,,0.06038965284824371,,0.22887691855430603,,,0.31725358963012695,1.0571231842041016,,0.032907068729400635,,0.29374459385871887,,,0.3589925169944763,,0.06038965284824371,,1.4451204538345337,,,,,,,,,,,,,,,,
7,669,,0.0667797401547432,,0.21267759799957275,,0.13400204479694366,,0.0,,0.3119388222694397,,0.05280011519789696,,0.21660146117210388,,,0.3140494227409363,1.0817646980285645,,0.020802132785320282,,0.2519223690032959,,,0.31173786520957947,,0.05280011519789696,,1.3488662242889404,,,,,,,,,,,,,,,,
7,679,,0.06685170531272888,,0.26840218901634216,,0.1450127363204956,,0.0,,0.31753575801849365,,0.0794355645775795,,0.2232193648815155,,,0.3341941833496094,1.3488625288009644,,0.041565489023923874,,0.23961198329925537,,,0.31654462218284607,,0.0794355645775795,,1.525252103805542,,,,,,,,,,,,,,,,
7,679,,,,,,,,,,,,,,,,,,,,,,,,,,,,,,,0.11265525221824646,0.5819543600082397,0.3496605157852173,0.0,0.4196285605430603,0.5025342702865601,0.2987022399902344,0.599205732345581,0.29691436886787415,0.06541825830936432,0.2545822560787201,0.7837305068969727,0.13531459867954254,0.5025342702865601,1.7598470449447632
7,679,0.07630296796560287,,0.2894397974014282,,0.15467193722724915,,0.0,,0.33068838715553284,,0.07959964126348495,,0.23020131886005402,,1.6110864877700806,0.3119199872016907,,,0.03214944526553154,,0.2619900703430176,,0.35563287138938904,0.060931503772735596,,0.07959964126348495,,1.6891964673995972,,0.19446608424186707,,,,,,,,,,,,,,,
8,689,,0.05929235368967056,,0.25281739234924316,,0.16745641827583313,,0.0,,0.3075518310070038,,0.09690263867378235,,0.2186090350151062,,,0.3218298852443695,3.3613498210906982,,0.02471846155822277,,0.23972487449645996,,,0.27576273679733276,,0.09690263867378235,,2.4948983192443848,,,,,,,,,,,,,,,,
8,699,,0.09759830683469772,,0.2533602714538574,,0.1540864259004593,,0.0,,0.35149526596069336,,0.06957687437534332,,0.24132320284843445,,,0.301736056804657,0.638469934463501,,0.032488252967596054,,0.27821552753448486,,,0.35094374418258667,,0.06957687437534332,,1.2216682434082031,,,,,,,,,,,,,,,,
8,709,,0.057706329971551895,,0.24709251523017883,,0.15343314409255981,,0.0,,0.3016866445541382,,0.09526035189628601,,0.210417240858078,,,0.3127906918525696,2.1885762214660645,,0.025351200252771378,,0.3255281448364258,,,0.3075387477874756,,0.09526035189628601,,1.9524803161621094,,,,,,,,,,,,,,,,
8,719,,0.07486063987016678,,0.26832544803619385,,0.13941724598407745,,0.0,,0.3252113461494446,,0.07218475639820099,,0.24383969604969025,,,0.3153042197227478,1.2102547883987427,,0.0464077889919281,,0.2955108880996704,,,0.2933051288127899,,0.07218475639820099,,1.4792139530181885,,,,,,,,,,,,,,,,
8,729,,0.05342833325266838,,0.2490314394235611,,0.14539912343025208,,0.0,,0.3374432921409607,,0.06064967066049576,,0.21458986401557922,,,0.32097434997558594,1.7715524435043335,,0.021958526223897934,,0.26093900203704834,,,0.36461853981018066,,0.06064967066049576,,1.7425200939178467,,,,,,,,,,,,,,,,
8,739,,0.06610079109668732,,0.2835569381713867,,0.11601612716913223,,0.0,,0.3297129273414612,,0.04524511471390724,,0.21332454681396484,,,0.3028245270252228,2.4123737812042236,,0.038845788687467575,,0.2663533389568329,,,0.26851147413253784,,0.04524511471390724,,2.011603593826294,,,,,,,,,,,,,,,,
8,749,,0.07571922242641449,,0.2548734247684479,,0.12979592382907867,,0.0,,0.3243361711502075,,0.04990699142217636,,0.2220081090927124,,,0.3070758879184723,2.3406660556793213,,0.037107668817043304,,0.2479819804430008,,,0.2755034267902374,,0.04990699142217636,,1.9786196947097778,,,,,,,,,,,,,,,,
8,759,,0.05544187128543854,,0.23600807785987854,,0.13051611185073853,,0.0,,0.2998356223106384,,0.036133430898189545,,0.22212806344032288,,,0.32327425479888916,1.2006758451461792,,0.021466143429279327,,0.23802396655082703,,,0.2602638006210327,,0.036133430898189545,,1.3652738332748413,,,,,,,,,,,,,,,,
8,764,,,,,,,,,,,,,,,,,,,,,,,,,,,,,,,0.11209958046674728,0.5738185048103333,0.33817100524902344,0.0,0.41802144050598145,0.4921075105667114,0.29383760690689087,0.5586838126182556,0.2965852618217468,0.06331676989793777,0.2541097104549408,0.7540336847305298,0.1305341124534607,0.4921075105667114,1.7125967741012573
8,764,0.07352137565612793,,0.26256263256073,,0.1347360908985138,,0.0,,0.32604819536209106,,0.06755828112363815,,0.22604720294475555,,1.412537693977356,0.31079989671707153,,,0.03293856978416443,,0.2723284959793091,,0.3113320767879486,0.054049599915742874,,0.06755828112363815,,1.5562857389450073,,0.1929045021533966,,,,,,,,,,,,,,,
9,769,,0.05189603939652443,,0.252363383769989,,0.11164326965808868,,0.0,,0.308351069688797,,0.06630277633666992,,0.21905960142612457,,,0.3117067813873291,1.4283078908920288,,0.033390045166015625,,0.2443661093711853,,,0.22843670845031738,,0.06630277633666992,,1.4823092222213745,,,,,,,,,,,,,,,,
9,779,,0.07554496824741364,,0.265579491853714,,0.09674490988254547,,0.0,,0.3384381830692291,,0.04393063113093376,,0.21281753480434418,,,0.31309983134269714,1.6820838451385498,,0.04805092141032219,,0.27184000611305237,,,0.25629785656929016,,0.04393063113093376,,1.6572843790054321,,,,,,,,,,,,,,,,
9,789,,0.08429417014122009,,0.21837475895881653,,0.10992484539747238,,0.0,,0.343324214220047,,0.04168985038995743,,0.21448025107383728,,,0.2977459132671356,1.242577075958252,,0.035250432789325714,,0.25192275643348694,,,0.2474791705608368,,0.04168985038995743,,1.4122118949890137,,,,,,,,,,,,,,,,
9,799,,0.07432416081428528,,0.2921326160430908,,0.11348014324903488,,0.0,,0.3389268219470978,,0.059434227645397186,,0.21291497349739075,,,0.3071790635585785,0.9914380311965942,,0.030222710222005844,,0.25221747159957886,,,0.2596951127052307,,0.059434227645397186,,1.3037375211715698,,,,,,,,,,,,,,,,
9,809,,0.07500585913658142,,0.2505260705947876,,0.1346631646156311,,0.0,,0.315518856048584,,0.04249745234847069,,0.21024245023727417,,,0.3091404139995575,1.627156138420105,,0.040474820882081985,,0.2400510609149933,,,0.2562011778354645,,0.04249745234847069,,1.5966631174087524,,,,,,,,,,,,,,,,
9,819,,0.06709229946136475,,0.22533248364925385,,0.11715750396251678,,0.0,,0.32577645778656006,,0.06428134441375732,,0.23749133944511414,,,0.2946633994579315,0.9368751645088196,,0.03315456211566925,,0.23277157545089722,,,0.27106645703315735,,0.06428134441375732,,1.265835165977478,,,,,,,,,,,,,,,,
9,829,,0.06728315353393555,,0.2856963276863098,,0.11964848637580872,,0.0,,0.32787758111953735,,0.06036015599966049,,0.2407739758491516,,,0.3112102746963501,1.624320149421692,,0.03482649847865105,,0.22719524800777435,,,0.273739218711853,,0.06036015599966049,,1.6243276596069336,,,,,,,,,,,,,,,,
9,839,,0.06776116788387299,,0.21326559782028198,,0.16842980682849884,,0.0,,0.3324120342731476,,0.06173291057348251,,0.2144739180803299,,,0.3128582537174225,0.6878988146781921,,0.03148752823472023,,0.2300984263420105,,,0.28433501720428467,,0.06173291057348251,,1.1496984958648682,,,,,,,,,,,,,,,,
9,849,,0.07118591666221619,,0.22981008887290955,,0.12611627578735352,,0.0,,0.3435228765010834,,0.06732212007045746,,0.21641896665096283,,,0.31452077627182007,0.9758203625679016,,0.02465962991118431,,0.24089160561561584,,,0.2622571289539337,,0.06732212007045746,,1.2938923835754395,,,,,,,,,,,,,,,,
9,849,,,,,,,,,,,,,,,,,,,,,,,,,,,,,,,0.10940882563591003,0.5569160580635071,0.3215266168117523,0.0,0.41486093401908875,0.49084967374801636,0.2863384187221527,0.5643301606178284,0.29532769322395325,0.06594982743263245,0.2520568072795868,0.7396613359451294,0.12822602689266205,0.49084967374801636,1.6972362995147705
9,849,0.0710478201508522,,0.2417747974395752,,0.11872965097427368,,0.0,,0.32178252935409546,,0.059394583106040955,,0.22289855778217316,,1.2511848211288452,0.3097344636917114,,,0.03274309262633324,,0.2519577741622925,,0.2778015732765198,0.04877001419663429,,0.059394583106040955,,1.435322880744934,,0.19443996250629425,,,,,,,,,,,,,,,
10,859,,0.05619382858276367,,0.22810250520706177,,0.0929315835237503,,0.0,,0.27451178431510925,,0.053060486912727356,,0.2192070186138153,,,0.3271717429161072,1.3233085870742798,,0.024749726057052612,,0.24660983681678772,,,0.19749540090560913,,0.053060486912727356,,1.393257737159729,,,,,,,,,,,,,,,,
10,869,,0.06711709499359131,,0.23022165894508362,,0.11986935138702393,,0.0,,0.3238395154476166,,0.03259491175413132,,0.21237969398498535,,,0.3105115592479706,1.5970115661621094,,0.023742910474538803,,0.23892125487327576,,,0.22396494448184967,,0.03259491175413132,,1.5500508546829224,,,,,,,,,,,,,,,,
10,879,,0.07064998894929886,,0.2797645926475525,,0.1041368916630745,,0.0,,0.3524889051914215,,0.05705320090055466,,0.21410661935806274,,,0.2956524193286896,1.488895297050476,,0.05784355103969574,,0.2491900622844696,,,0.23927709460258484,,0.05705320090055466,,1.5509687662124634,,,,,,,,,,,,,,,,
10,889,,0.0674276202917099,,0.25578463077545166,,0.10754767060279846,,0.0,,0.31449583172798157,,0.07051987946033478,,0.2134244740009308,,,0.2976365089416504,1.4866477251052856,,0.030974727123975754,,0.24251535534858704,,,0.23967525362968445,,0.07051987946033478,,1.5179919004440308,,,,,,,,,,,,,,,,
10,899,,0.06218218803405762,,0.21733060479164124,,0.08899465203285217,,0.0,,0.2949035167694092,,0.036375634372234344,,0.21973878145217896,,,0.34254980087280273,0.4362996220588684,,0.01940874196588993,,0.22597691416740417,,,0.2372010499238968,,0.036375634372234344,,0.967950701713562,,,,,,,,,,,,,,,,
10,909,,0.06826658546924591,,0.2572900652885437,,0.09576475620269775,,0.0,,0.3098658621311188,,0.04123014211654663,,0.2227960228919983,,,0.2964234948158264,2.1894426345825195,,0.053189314901828766,,0.23224230110645294,,,0.2673012614250183,,0.04123014211654663,,1.875684380531311,,,,,,,,,,,,,,,,
10,919,,0.05649714544415474,,0.23312288522720337,,0.10124318301677704,,0.0,,0.30345481634140015,,0.04154735803604126,,0.2089521288871765,,,0.30025115609169006,1.607901930809021,,0.036107927560806274,,0.23388686776161194,,,0.22187133133411407,,0.04154735803604126,,1.5386720895767212,,,,,,,,,,,,,,,,
10,929,,0.04677785187959671,,0.19207987189292908,,0.10288165509700775,,0.0,,0.2809014320373535,,0.023379376158118248,,0.20807480812072754,,,0.3109540045261383,0.9962515830993652,,0.02404022216796875,,0.22759851813316345,,,0.19264909625053406,,0.023379376158118248,,1.184809684753418,,,,,,,,,,,,,,,,
10,934,,,,,,,,,,,,,,,,,,,,,,,,,,,,,,,0.10899998247623444,0.5549418330192566,0.3141953945159912,0.0,0.4135352075099945,0.4834584593772888,0.2838623523712158,0.5497395992279053,0.29497769474983215,0.06345440447330475,0.2530200481414795,0.7278317809104919,0.1264086365699768,0.4834584593772888,1.6763532161712646
10,934,0.06905622780323029,,0.22700394690036774,,0.1087501272559166,,0.0,,0.31797632575035095,,0.05291111767292023,,0.22036081552505493,,1.14556884765625,0.3089633882045746,,,0.03125396743416786,,0.2448737472295761,,0.2509652078151703,0.04458514228463173,,0.05291111767292023,,1.3545401096343994,,0.19386686384677887,,,,,,,,,,,,,,,
11,939,,0.06979170441627502,,0.17888721823692322,,0.10107222199440002,,0.0,,0.34421929717063904,,0.0232754647731781,,0.2137664407491684,,,0.31796085834503174,1.1136630773544312,,0.03088339790701866,,0.24702852964401245,,,0.18569976091384888,,0.0232754647731781,,1.3011400699615479,,,,,,,,,,,,,,,,
11,949,,0.06020689010620117,,0.2363288849592209,,0.11686235666275024,,0.0,,0.3158298134803772,,0.06504824012517929,,0.20949888229370117,,,0.3091133236885071,0.8146079182624817,,0.022462910041213036,,0.23607677221298218,,,0.28981325030326843,,0.06504824012517929,,1.196648120880127,,,,,,,,,,,,,,,,
11,959,,0.08171696960926056,,0.21457445621490479,,0.07949350029230118,,0.0,,0.33789515495300293,,0.09119735658168793,,0.2148866057395935,,,0.31838318705558777,1.1135179996490479,,0.02315090224146843,,0.26369601488113403,,,0.2706416845321655,,0.09119735658168793,,1.3869497776031494,,,,,,,,,,,,,,,,
11,969,,0.06495025753974915,,0.20001938939094543,,0.0928972065448761,,0.0,,0.3092486262321472,,0.042770303785800934,,0.21459008753299713,,,0.31411033868789673,1.932556390762329,,0.02745843678712845,,0.23790106177330017,,,0.25441378355026245,,0.042770303785800934,,1.7282912731170654,,,,,,,,,,,,,,,,
11,979,,0.05800020694732666,,0.18255287408828735,,0.07201502472162247,,0.0,,0.31493163108825684,,0.023280421271920204,,0.2094261795282364,,,0.30160263180732727,1.072192668914795,,0.017028693109750748,,0.24576358497142792,,,0.1518779993057251,,0.023280421271920204,,1.2225087881088257,,,,,,,,,,,,,,,,
11,989,,0.06444993615150452,,0.2321014106273651,,0.07250413298606873,,0.0,,0.3011593818664551,,0.03478649631142616,,0.22590023279190063,,,0.3040834963321686,1.0136630535125732,,0.02442382089793682,,0.23706208169460297,,,0.2494315356016159,,0.03478649631142616,,1.257940649986267,,,,,,,,,,,,,,,,
11,999,,0.074290931224823,,0.26741158962249756,,0.08349615335464478,,0.0,,0.31595543026924133,,0.0844016969203949,,0.20952904224395752,,,0.2912837862968445,1.1973109245300293,,0.050265662372112274,,0.23368799686431885,,,0.23320035636425018,,0.0844016969203949,,1.3800536394119263,,,,,,,,,,,,,,,,
11,1009,,0.05478960648179054,,0.2517051696777344,,0.09945833683013916,,0.0,,0.28892603516578674,,0.03256705775856972,,0.211692214012146,,,0.28464579582214355,2.1534154415130615,,0.031690191477537155,,0.24426530301570892,,,0.18825262784957886,,0.03256705775856972,,1.7802385091781616,,,,,,,,,,,,,,,,
11,1019,,0.05592389404773712,,0.2208072543144226,,0.07836118340492249,,0.0,,0.29043692350387573,,0.022126730531454086,,0.2133144736289978,,,0.302459716796875,1.0212947130203247,,0.03234584629535675,,0.23228666186332703,,,0.16921907663345337,,0.022126730531454086,,1.1996208429336548,,,,,,,,,,,,,,,,
11,1019,,,,,,,,,,,,,,,,,,,,,,,,,,,,,,,0.10670744627714157,0.5508840084075928,0.3180224299430847,0.0,0.4089548885822296,0.48190298676490784,0.281849205493927,0.5460113286972046,0.29358744621276855,0.061974573880434036,0.2508258819580078,0.7240634560585022,0.12583217024803162,0.48190298676490784,1.664829134941101
11,1019,0.06753645837306976,,0.21167409420013428,,0.09918679296970367,,0.0,,0.3148833215236664,,0.04842735081911087,,0.21837687492370605,,1.051624059677124,0.30731022357940674,,,0.0303661972284317,,0.24751166999340057,,0.2295144945383072,0.041058871895074844,,0.04842735081911087,,1.2888613939285278,,0.19223695993423462,,,,,,,,,,,,,,,
12,1029,,0.05906666815280914,,0.2130769044160843,,0.10667409747838974,,0.0,,0.2980952560901642,,0.02852907031774521,,0.22606810927391052,,,0.3115890920162201,0.726139485836029,,0.02626352570950985,,0.22435349225997925,,,0.2725987434387207,,0.02852907031774521,,1.1183269023895264,,,,,,,,,,,,,,,,
12,1039,,0.07203017175197601,,0.2117251455783844,,0.08720365166664124,,0.0,,0.3102893531322479,,0.0493977852165699,,0.22728392481803894,,,0.29582497477531433,1.0636452436447144,,0.03376569598913193,,0.2574940323829651,,,0.2412901669740677,,0.0493977852165699,,1.305403470993042,,,,,,,,,,,,,,,,
12,1049,,0.08181622624397278,,0.24030379951000214,,0.11115109920501709,,0.0,,0.3318080008029938,,0.10684863477945328,,0.2248445451259613,,,0.3067132532596588,0.8622190356254578,,0.05633647367358208,,0.23598627746105194,,,0.2315409630537033,,0.10684863477945328,,1.2542022466659546,,,,,,,,,,,,,,,,
12,1059,,0.07873214781284332,,0.214254230260849,,0.14005975425243378,,0.0,,0.31845369935035706,,0.05289212241768837,,0.20968514680862427,,,0.3085806369781494,0.8307589292526245,,0.04486065357923508,,0.25295376777648926,,,0.21788567304611206,,0.05289212241768837,,1.1928328275680542,,,,,,,,,,,,,,,,
12,1069,,0.05914671719074249,,0.20867037773132324,,0.07121054828166962,,0.0,,0.2939169704914093,,0.02459675446152687,,0.2141973376274109,,,0.3044443130493164,1.0949065685272217,,0.02837834134697914,,0.23488417267799377,,,0.14824780821800232,,0.02459675446152687,,1.229347586631775,,,,,,,,,,,,,,,,
12,1079,,0.06637369096279144,,0.15963596105575562,,0.08463995158672333,,0.0,,0.31581389904022217,,0.037690747529268265,,0.21991097927093506,,,0.32680660486221313,0.7159790992736816,,0.023548424243927002,,0.26936331391334534,,,0.20596542954444885,,0.037690747529268265,,1.1151537895202637,,,,,,,,,,,,,,,,
12,1089,,0.057402584701776505,,0.1993122547864914,,0.0698622465133667,,0.0,,0.312824547290802,,0.03400755673646927,,0.21069830656051636,,,0.31249046325683594,1.2290441989898682,,0.029559262096881866,,0.2475062608718872,,,0.22123399376869202,,0.03400755673646927,,1.35430109500885,,,,,,,,,,,,,,,,
12,1099,,0.07269550859928131,,0.19739145040512085,,0.08663229644298553,,0.0,,0.3183377683162689,,0.04594920203089714,,0.20906218886375427,,,0.31505897641181946,1.4031749963760376,,0.04660101979970932,,0.24521677196025848,,,0.18221403658390045,,0.04594920203089714,,1.4475575685501099,,,,,,,,,,,,,,,,
12,1104,,,,,,,,,,,,,,,,,,,,,,,,,,,,,,,0.10596892982721329,0.5414204001426697,0.32703202962875366,0.0,0.40772882103919983,0.4727362394332886,0.2761174738407135,0.5363138914108276,0.2937352955341339,0.0611860454082489,0.2496633529663086,0.7068657875061035,0.1230972558259964,0.4727362394332886,1.642003059387207
12,1104,0.06659583747386932,,0.2023426741361618,,0.09075967967510223,,0.0,,0.3105020523071289,,0.044047653675079346,,0.2165514975786209,,1.0064055919647217,0.30771541595458984,,,0.030226584523916245,,0.2455356866121292,,0.21341635286808014,0.03858853504061699,,0.044047653675079346,,1.249808430671692,,0.19362878799438477,,,,,,,,,,,,,,,
13,1109,,0.07482776045799255,,0.21129737794399261,,0.08439774811267853,,0.0,,0.29804229736328125,,0.0245649591088295,,0.20549288392066956,,,0.3052714467048645,1.7311509847640991,,0.059722304344177246,,0.24634897708892822,,,0.15139703452587128,,0.0245649591088295,,1.5779787302017212,,,,,,,,,,,,,,,,
13,1119,,0.08598145097494125,,0.1678718477487564,,0.07737907767295837,,0.0,,0.33050525188446045,,0.020708877593278885,,0.22768019139766693,,,0.307778537273407,0.6996269226074219,,0.03917309641838074,,0.24696820974349976,,,0.1527356207370758,,0.020708877593278885,,1.080104112625122,,,,,,,,,,,,,,,,
13,1129,,0.0764399841427803,,0.17237266898155212,,0.11038409173488617,,0.0,,0.3361116349697113,,0.039534103125333786,,0.22630558907985687,,,0.30159950256347656,0.3936120867729187,,0.027427833527326584,,0.25452011823654175,,,0.18780986964702606,,0.039534103125333786,,0.9499559998512268,,,,,,,,,,,,,,,,
13,1139,,0.06797926127910614,,0.2160390019416809,,0.09170152246952057,,0.0,,0.29897695779800415,,0.040302880108356476,,0.2180921733379364,,,0.28527674078941345,3.43949818611145,,0.023073498159646988,,0.24721330404281616,,,0.26735037565231323,,0.040302880108356476,,2.474655866622925,,,,,,,,,,,,,,,,
13,1149,,0.06919793784618378,,0.19203287363052368,,0.11436861753463745,,0.0,,0.3062196373939514,,0.04685221612453461,,0.2109423726797104,,,0.3171384036540985,1.0892612934112549,,0.040494561195373535,,0.23428423702716827,,,0.2163354754447937,,0.04685221612453461,,1.2960032224655151,,,,,,,,,,,,,,,,
13,1159,,0.06423848122358322,,0.21043428778648376,,0.10735788941383362,,0.0,,0.2936151623725891,,0.060442402958869934,,0.23490694165229797,,,0.29377853870391846,0.9210858941078186,,0.022546445950865746,,0.24995295703411102,,,0.2456303834915161,,0.060442402958869934,,1.2248777151107788,,,,,,,,,,,,,,,,
13,1169,,0.062157053500413895,,0.20361320674419403,,0.11278372257947922,,0.0,,0.3062547445297241,,0.04071805626153946,,0.22382625937461853,,,0.29613903164863586,0.5636793971061707,,0.028096182271838188,,0.2548157572746277,,,0.22718185186386108,,0.04071805626153946,,1.033073902130127,,,,,,,,,,,,,,,,
13,1179,,0.0577184222638607,,0.17434296011924744,,0.1540176272392273,,0.0,,0.2957492768764496,,0.08365549147129059,,0.208236426115036,,,0.3086521625518799,0.5569140315055847,,0.022365164011716843,,0.24794647097587585,,,0.2393580675125122,,0.08365549147129059,,1.0431338548660278,,,,,,,,,,,,,,,,
13,1189,,0.07485003024339676,,0.22953347861766815,,0.0764213427901268,,0.0,,0.31363293528556824,,0.045458968728780746,,0.2146693617105484,,,0.29509875178337097,0.6665874719619751,,0.037829216569662094,,0.23247328400611877,,,0.19796553254127502,,0.045458968728780746,,1.069878339767456,,,,,,,,,,,,,,,,
13,1189,,,,,,,,,,,,,,,,,,,,,,,,,,,,,,,0.10480740666389465,0.5242705941200256,0.31174927949905396,0.0,0.40509647130966187,0.47237923741340637,0.2762940227985382,0.511699378490448,0.29201939702033997,0.06734613329172134,0.24975857138633728,0.7003360986709595,0.12203259766101837,0.47237923741340637,1.623470664024353
13,1189,0.06469694525003433,,0.1930091679096222,,0.0863020047545433,,0.0,,0.30816319584846497,,0.04160131514072418,,0.21455013751983643,,0.9149360060691833,0.30470624566078186,,,0.029837636277079582,,0.24294413626194,,0.19728071987628937,0.03608166053891182,,0.04160131514072418,,1.1872891187667847,,0.19252878427505493,,,,,,,,,,,,,,,
14,1199,,0.08254000544548035,,0.2002861648797989,,0.08429008722305298,,0.0,,0.32077038288116455,,0.03900068253278732,,0.21763403713703156,,,0.3240543007850647,0.881209671497345,,0.03573080897331238,,0.24871766567230225,,,0.21539533138275146,,0.03900068253278732,,1.2109839916229248,,,,,,,,,,,,,,,,
14,1209,,0.06409996002912521,,0.14314943552017212,,0.05113181471824646,,0.0,,0.31866511702537537,,0.022914282977581024,,0.22902315855026245,,,0.2863510549068451,0.9469988346099854,,0.023900968953967094,,0.25738096237182617,,,0.1475183218717575,,0.022914282977581024,,1.1678545475006104,,,,,,,,,,,,,,,,
14,1219,,0.07220432162284851,,0.2614918649196625,,0.09070353955030441,,0.0,,0.33236005902290344,,0.028624996542930603,,0.20639945566654205,,,0.31295740604400635,1.6422078609466553,,0.057533830404281616,,0.2643524408340454,,,0.1612306535243988,,0.028624996542930603,,1.5741549730300903,,,,,,,,,,,,,,,,
14,1229,,0.05852408707141876,,0.19651749730110168,,0.11934785544872284,,0.0,,0.29085901379585266,,0.09488547593355179,,0.21015402674674988,,,0.2826796770095825,1.9632349014282227,,0.0224674791097641,,0.23447343707084656,,,0.27636533975601196,,0.09488547593355179,,1.7484081983566284,,,,,,,,,,,,,,,,
14,1239,,0.06172356754541397,,0.18408262729644775,,0.07167075574398041,,0.0,,0.2784389853477478,,0.06288620829582214,,0.21460172533988953,,,0.30824995040893555,0.8061051368713379,,0.03981867805123329,,0.22617045044898987,,,0.1612825095653534,,0.06288620829582214,,1.1052141189575195,,,,,,,,,,,,,,,,
14,1249,,0.06712287664413452,,0.1562793105840683,,0.06847700476646423,,0.0,,0.29931265115737915,,0.018802516162395477,,0.20704782009124756,,,0.32030072808265686,0.6486334800720215,,0.025495564565062523,,0.24466155469417572,,,0.14843755960464478,,0.018802516162395477,,1.012382984161377,,,,,,,,,,,,,,,,
14,1259,,0.054417435079813004,,0.16570250689983368,,0.12114844471216202,,0.0,,0.2830279767513275,,0.033084556460380554,,0.2052466720342636,,,0.2927783727645874,0.7569653987884521,,0.023815225809812546,,0.23126640915870667,,,0.17714232206344604,,0.033084556460380554,,1.057557225227356,,,,,,,,,,,,,,,,
14,1269,,0.042417608201503754,,0.17006297409534454,,0.0599217489361763,,0.0,,0.26138266921043396,,0.042539313435554504,,0.2064523994922638,,,0.2981727123260498,1.2501318454742432,,0.021071329712867737,,0.20626243948936462,,,0.1374206244945526,,0.042539313435554504,,1.2559239864349365,,,,,,,,,,,,,,,,
14,1274,,,,,,,,,,,,,,,,,,,,,,,,,,,,,,,0.10434834659099579,0.5325452089309692,0.3218013644218445,0.0,0.40305382013320923,0.47195276618003845,0.2715347707271576,0.5136029720306396,0.290971577167511,0.059484001249074936,0.2474953681230545,0.7001290917396545,0.12210964411497116,0.47195276618003845,1.6167209148406982
14,1274,0.0640520229935646,,0.1842399388551712,,0.079915352165699,,0.0,,0.3050532042980194,,0.03983362764120102,,0.21311476826667786,,0.8585870265960693,0.3044854700565338,,,0.028893226757645607,,0.24209415912628174,,0.1863085925579071,0.034248918294906616,,0.03983362764120102,,1.1476267576217651,,0.1931956559419632,,,,,,,,,,,,,,,
15,1279,,0.05630640685558319,,0.18366798758506775,,0.09122177958488464,,0.0,,0.3031422197818756,,0.03857957944273949,,0.21159768104553223,,,0.30239492654800415,0.7825137972831726,,0.01780291460454464,,0.2179216593503952,,,0.22564443945884705,,0.03857957944273949,,1.1054407358169556,,,,,,,,,,,,,,,,
15,1289,,0.06432472169399261,,0.16385437548160553,,0.07194290310144424,,0.0,,0.30388304591178894,,0.01358194649219513,,0.21188053488731384,,,0.29454565048217773,1.210561990737915,,0.02346797287464142,,0.22284463047981262,,,0.13325661420822144,,0.01358194649219513,,1.2627532482147217,,,,,,,,,,,,,,,,
15,1299,,0.07633128017187119,,0.15907500684261322,,0.07646293938159943,,0.0,,0.310596227645874,,0.03249306231737137,,0.21001188457012177,,,0.3221707046031952,0.39163777232170105,,0.02443801425397396,,0.23167307674884796,,,0.16376861929893494,,0.03249306231737137,,0.9051141142845154,,,,,,,,,,,,,,,,
15,1309,,0.07679623365402222,,0.2347271740436554,,0.10779504477977753,,0.0,,0.32992854714393616,,0.02601570449769497,,0.20647023618221283,,,0.3127610981464386,0.5675684809684753,,0.036970384418964386,,0.2532545328140259,,,0.22780942916870117,,0.02601570449769497,,1.0530394315719604,,,,,,,,,,,,,,,,
15,1319,,0.06612458825111389,,0.20444902777671814,,0.08024710416793823,,0.0,,0.33462828397750854,,0.03767360374331474,,0.21717116236686707,,,0.2951568067073822,1.1940683126449585,,0.04285809397697449,,0.23160116374492645,,,0.21963974833488464,,0.03767360374331474,,1.3479304313659668,,,,,,,,,,,,,,,,
15,1329,,0.05494385212659836,,0.12817510962486267,,0.03291467949748039,,0.0,,0.29400166869163513,,0.021466385573148727,,0.2061508148908615,,,0.2986198365688324,0.8938666582107544,,0.020082201808691025,,0.21378561854362488,,,0.0940171629190445,,0.021466385573148727,,1.0645761489868164,,,,,,,,,,,,,,,,
15,1339,,0.05407632142305374,,0.14144039154052734,,0.07160934805870056,,0.0,,0.2993652820587158,,0.06281033158302307,,0.21024590730667114,,,0.2992188334465027,0.5648573040962219,,0.02228660136461258,,0.24709774553775787,,,0.14570507407188416,,0.06281033158302307,,0.9741366505622864,,,,,,,,,,,,,,,,
15,1349,,0.07069335877895355,,0.1840994954109192,,0.06223559379577637,,0.0,,0.30198585987091064,,0.055529940873384476,,0.22060206532478333,,,0.29941895604133606,1.2834020853042603,,0.023832198232412338,,0.2431616187095642,,,0.18599927425384521,,0.055529940873384476,,1.3669463396072388,,,,,,,,,,,,,,,,
15,1359,,0.06919746100902557,,0.1651189923286438,,0.06662249565124512,,0.0,,0.32321393489837646,,0.04122132807970047,,0.20355108380317688,,,0.3127915859222412,0.49829211831092834,,0.025983374565839767,,0.23770396411418915,,,0.17150403559207916,,0.04122132807970047,,0.9649036526679993,,,,,,,,,,,,,,,,
15,1359,,,,,,,,,,,,,,,,,,,,,,,,,,,,,,,0.1020459458231926,0.5175804495811462,0.3024868369102478,0.0,0.4011389911174774,0.46970367431640625,0.27181723713874817,0.5016810297966003,0.2890505790710449,0.061172738671302795,0.24623289704322815,0.6943148970603943,0.12111488729715347,0.46970367431640625,1.600585699081421
15,1359,0.06212272495031357,,0.17688734829425812,,0.07407357543706894,,0.0,,0.3026495575904846,,0.03734207898378372,,0.2119537591934204,,0.7996060252189636,0.3032068610191345,,,0.027243131771683693,,0.2357553392648697,,0.17449404299259186,0.032185278832912445,,0.03734207898378372,,1.1022827625274658,,0.19162487983703613,,,,,,,,,,,,,,,
16,1369,,0.05980832129716873,,0.12048312276601791,,0.060673587024211884,,0.0,,0.2941824793815613,,0.027358002960681915,,0.20486730337142944,,,0.30088502168655396,0.6424137353897095,,0.02298911288380623,,0.22654348611831665,,,0.14444172382354736,,0.027358002960681915,,0.9798603057861328,,,,,,,,,,,,,,,,
16,1379,,0.05481136590242386,,0.1755453199148178,,0.056954216212034225,,0.0,,0.2911243140697479,,0.03806261718273163,,0.2033851146697998,,,0.3002806007862091,1.0516679286956787,,0.024575572460889816,,0.2230178713798523,,,0.132865309715271,,0.03806261718273163,,1.1831454038619995,,,,,,,,,,,,,,,,
16,1389,,0.05813772976398468,,0.1489904820919037,,0.05633866414427757,,0.0,,0.30167460441589355,,0.04645981267094612,,0.20913121104240417,,,0.3144546151161194,0.37341856956481934,,0.027306441217660904,,0.2650447189807892,,,0.14941182732582092,,0.04645981267094612,,0.8930525779724121,,,,,,,,,,,,,,,,
16,1399,,0.04823155701160431,,0.15213221311569214,,0.06567902863025665,,0.0,,0.28302717208862305,,0.02076290175318718,,0.2086608111858368,,,0.3065672218799591,0.7424575686454773,,0.01014266163110733,,0.24252280592918396,,,0.16886591911315918,,0.02076290175318718,,1.0374003648757935,,,,,,,,,,,,,,,,
16,1409,,0.059328172355890274,,0.17588651180267334,,0.08621269464492798,,0.0,,0.3001808226108551,,0.031007681041955948,,0.21648645401000977,,,0.30977049469947815,0.7668957114219666,,0.03057244047522545,,0.22810496389865875,,,0.14619535207748413,,0.031007681041955948,,1.0704809427261353,,,,,,,,,,,,,,,,
16,1419,,0.0549023300409317,,0.11272311210632324,,0.06511946767568588,,0.0,,0.28959840536117554,,0.02405492030084133,,0.20704494416713715,,,0.2994052469730377,0.4593706727027893,,0.017526252195239067,,0.22832703590393066,,,0.16654501855373383,,0.02405492030084133,,0.8911716938018799,,,,,,,,,,,,,,,,
16,1429,,0.07175867259502411,,0.1635756641626358,,0.05403345078229904,,0.0,,0.31020018458366394,,0.02221522107720375,,0.20589770376682281,,,0.30949652194976807,0.6035581231117249,,0.030477695167064667,,0.22763380408287048,,,0.1897800862789154,,0.02221522107720375,,1.0072699785232544,,,,,,,,,,,,,,,,
16,1439,,0.0530150830745697,,0.14280664920806885,,0.045208871364593506,,0.0,,0.25488802790641785,,0.01109935250133276,,0.2072369009256363,,,0.29742351174354553,0.5466934442520142,,0.015932004898786545,,0.2110985666513443,,,0.11178446561098099,,0.01109935250133276,,0.8733872771263123,,,,,,,,,,,,,,,,
16,1444,,,,,,,,,,,,,,,,,,,,,,,,,,,,,,,0.1005806177854538,0.5190626978874207,0.3110884130001068,0.0,0.4005855321884155,0.46650004386901855,0.2701711356639862,0.4972372353076935,0.2883218824863434,0.05950607359409332,0.24298615753650665,0.6930012702941895,0.12089233845472336,0.46650004386901855,1.592460036277771
16,1444,0.060702089220285416,,0.16943728923797607,,0.06757139414548874,,0.0,,0.2985702157020569,,0.03653881698846817,,0.21057435870170593,,0.7615647315979004,0.30034586787223816,,,0.02623956836760044,,0.2409825474023819,,0.16436508297920227,0.030605288222432137,,0.03653881698846817,,1.073642373085022,,0.1921636015176773,,,,,,,,,,,,,,,
17,1449,,0.05214838683605194,,0.13279621303081512,,0.05182220786809921,,0.0,,0.27536681294441223,,0.026658833026885986,,0.207696795463562,,,0.29821836948394775,0.7593218088150024,,0.020959695801138878,,0.21264410018920898,,,0.12212778627872467,,0.026658833026885986,,1.006033182144165,,,,,,,,,,,,,,,,
17,1459,,0.04829328507184982,,0.18625463545322418,,0.06822501122951508,,0.0,,0.2786361873149872,,0.020130205899477005,,0.21252059936523438,,,0.2859497368335724,1.1067085266113281,,0.0230206698179245,,0.23651742935180664,,,0.15898314118385315,,0.020130205899477005,,1.2108279466629028,,,,,,,,,,,,,,,,
17,1469,,0.08635295927524567,,0.15931153297424316,,0.06203803792595863,,0.0,,0.3193296790122986,,0.017169732600450516,,0.2067832052707672,,,0.2960087060928345,0.506950318813324,,0.032713696360588074,,0.2627148926258087,,,0.1522146463394165,,0.017169732600450516,,0.9622538685798645,,,,,,,,,,,,,,,,
17,1479,,0.062471963465213776,,0.20739270746707916,,0.06322692334651947,,0.0,,0.2831631600856781,,0.015617637895047665,,0.20480777323246002,,,0.30063292384147644,1.1487115621566772,,0.041690096259117126,,0.2277056872844696,,,0.09757378697395325,,0.015617637895047665,,1.2182492017745972,,,,,,,,,,,,,,,,
17,1489,,0.059591226279735565,,0.142426997423172,,0.06434359401464462,,0.0,,0.291231244802475,,0.02117401547729969,,0.2059202492237091,,,0.31058523058891296,0.5939682722091675,,0.02536105364561081,,0.23409494757652283,,,0.16619685292243958,,0.02117401547729969,,0.974738597869873,,,,,,,,,,,,,,,,
17,1499,,0.05747147649526596,,0.11058515310287476,,0.07371063530445099,,0.0,,0.27596616744995117,,0.04188641905784607,,0.2043592482805252,,,0.3139346241950989,0.3007294237613678,,0.016647009178996086,,0.2329733669757843,,,0.1647256463766098,,0.04188641905784607,,0.822776198387146,,,,,,,,,,,,,,,,
17,1509,,0.05177801102399826,,0.20525717735290527,,0.05968286469578743,,0.0,,0.27205243706703186,,0.02253788709640503,,0.2172069102525711,,,0.28136709332466125,1.4106431007385254,,0.028036143630743027,,0.21315336227416992,,,0.13839919865131378,,0.02253788709640503,,1.3440810441970825,,,,,,,,,,,,,,,,
17,1519,,0.052576303482055664,,0.18431594967842102,,0.0768907219171524,,0.0,,0.3073577880859375,,0.028239304199814796,,0.21828880906105042,,,0.282924622297287,0.3845815658569336,,0.024583375081419945,,0.21189182996749878,,,0.19887185096740723,,0.028239304199814796,,0.880778431892395,,,,,,,,,,,,,,,,
17,1529,,0.06489647924900055,,0.1941608488559723,,0.06122290715575218,,0.0,,0.31796273589134216,,0.01847914792597294,,0.21509796380996704,,,0.2805037200450897,0.30719733238220215,,0.025719119235873222,,0.2616626024246216,,,0.12103614211082458,,0.01847914792597294,,0.8318160772323608,,,,,,,,,,,,,,,,
17,1529,,,,,,,,,,,,,,,,,,,,,,,,,,,,,,,0.0991082638502121,0.5093332529067993,0.3035510182380676,0.0,0.39739811420440674,0.44082075357437134,0.2723608613014221,0.48677581548690796,0.2872098684310913,0.05884791910648346,0.24289171397686005,0.6895341277122498,0.12022662907838821,0.44082075357437134,1.5687623023986816
17,1529,0.05990593880414963,,0.16317015886306763,,0.06571811437606812,,0.0,,0.2956296503543854,,0.03231911361217499,,0.2097744643688202,,0.7295394539833069,0.29835245013237,,,0.025573357939720154,,0.23203051090240479,,0.1562134474515915,0.029129985719919205,,0.03231911361217499,,1.0425580739974976,,0.1923384964466095,,,,,,,,,,,,,,,
18,1539,,0.05064430460333824,,0.1406799703836441,,0.05890609323978424,,0.0,,0.29195722937583923,,0.013995076529681683,,0.21682003140449524,,,0.29607897996902466,0.4092569649219513,,0.01829839125275612,,0.21928644180297852,,,0.11071524024009705,,0.013995076529681683,,0.833484947681427,,,,,,,,,,,,,,,,
18,1549,,0.07315871119499207,,0.18543124198913574,,0.09244539588689804,,0.0,,0.3197748064994812,,0.04156564176082611,,0.2028515338897705,,,0.2857557535171509,0.5258183479309082,,0.0332878977060318,,0.25858935713768005,,,0.18009358644485474,,0.04156564176082611,,0.9882354736328125,,,,,,,,,,,,,,,,
18,1559,,0.05443183705210686,,0.1578398197889328,,0.07735598087310791,,0.0,,0.2794959843158722,,0.030165813863277435,,0.20465236902236938,,,0.3068279027938843,0.6334261894226074,,0.018244387581944466,,0.2092602252960205,,,0.18730652332305908,,0.030165813863277435,,0.9854251742362976,,,,,,,,,,,,,,,,
18,1569,,0.058655835688114166,,0.1997467428445816,,0.10121047496795654,,0.0,,0.2995934784412384,,0.0165148563683033,,0.2035047709941864,,,0.2778235673904419,0.5866242051124573,,0.024873103946447372,,0.2260267287492752,,,0.12608715891838074,,0.0165148563683033,,0.9399475455284119,,,,,,,,,,,,,,,,
18,1579,,0.05437447503209114,,0.13052213191986084,,0.11772509664297104,,0.0,,0.2918171286582947,,0.025213617831468582,,0.2047460675239563,,,0.307712197303772,0.5732467770576477,,0.031034236773848534,,0.22029122710227966,,,0.1341540366411209,,0.025213617831468582,,0.9461196064949036,,,,,,,,,,,,,,,,
18,1589,,0.049109216779470444,,0.08835431933403015,,0.052564267069101334,,0.0,,0.29730528593063354,,0.014593413099646568,,0.20396311581134796,,,0.31057319045066833,0.8446493148803711,,0.022403165698051453,,0.21359896659851074,,,0.0927291065454483,,0.014593413099646568,,1.038554310798645,,,,,,,,,,,,,,,,
18,1599,,0.05937148258090019,,0.17419439554214478,,0.04495878890156746,,0.0,,0.3078888952732086,,0.013922901824116707,,0.20784404873847961,,,0.31464123725891113,0.7177034616470337,,0.03253231197595596,,0.22907191514968872,,,0.13601121306419373,,0.013922901824116707,,1.0314090251922607,,,,,,,,,,,,,,,,
18,1609,,0.042470209300518036,,0.12888015806674957,,0.04840309917926788,,0.0,,0.26758646965026855,,0.024135496467351913,,0.2064678966999054,,,0.30152127146720886,0.4166468381881714,,0.013949498534202576,,0.22376912832260132,,,0.13953663408756256,,0.024135496467351913,,0.8357700705528259,,,,,,,,,,,,,,,,
18,1614,,,,,,,,,,,,,,,,,,,,,,,,,,,,,,,0.09895072132349014,0.5056109428405762,0.30448293685913086,0.0,0.3953154385089874,0.45802441239356995,0.26937898993492126,0.4782642424106598,0.28604552149772644,0.05849059671163559,0.24279168248176575,0.6873325109481812,0.11992611736059189,0.45802441239356995,1.5683064460754395
18,1614,0.05806995928287506,,0.1584966480731964,,0.06206996738910675,,0.0,,0.29198122024536133,,0.03132857754826546,,0.20869870483875275,,0.6953712701797485,0.29705506563186646,,,0.024786079302430153,,0.2260397970676422,,0.14861690998077393,0.027919065207242966,,0.03132857754826546,,1.0130305290222168,,0.1930207461118698,,,,,,,,,,,,,,,
19,1619,,0.06907489150762558,,0.14440616965293884,,0.06030923128128052,,0.0,,0.31427624821662903,,0.034832313656806946,,0.20564457774162292,,,0.29848670959472656,0.5799524188041687,,0.02633793279528618,,0.22689388692378998,,,0.18927925825119019,,0.034832313656806946,,0.9928606152534485,,,,,,,,,,,,,,,,
19,1629,,0.0810512974858284,,0.21441712975502014,,0.061190541833639145,,0.0,,0.3269612789154053,,0.028336672112345695,,0.21986106038093567,,,0.3003559410572052,0.8841204643249512,,0.04776766896247864,,0.2901879549026489,,,0.16670258343219757,,0.028336672112345695,,1.2002331018447876,,,,,,,,,,,,,,,,
19,1639,,0.051145534962415695,,0.11381720006465912,,0.05485871434211731,,0.0,,0.26596808433532715,,0.017865879461169243,,0.2045985460281372,,,0.30749276280403137,0.31095460057258606,,0.015181089751422405,,0.2165408730506897,,,0.11878419667482376,,0.017865879461169243,,0.7711333632469177,,,,,,,,,,,,,,,,
19,1649,,0.05556895211338997,,0.1998271495103836,,0.06823348999023438,,0.0,,0.26849058270454407,,0.0334070660173893,,0.20256026089191437,,,0.30071723461151123,0.9959239363670349,,0.0267639122903347,,0.22465017437934875,,,0.12842121720314026,,0.0334070660173893,,1.1450579166412354,,,,,,,,,,,,,,,,
19,1659,,0.048884257674217224,,0.10899278521537781,,0.035106360912323,,0.0,,0.2585653066635132,,0.027144016698002815,,0.20337720215320587,,,0.299780011177063,0.6659349203109741,,0.021909501403570175,,0.2138838917016983,,,0.10255733132362366,,0.027144016698002815,,0.9354280829429626,,,,,,,,,,,,,,,,
19,1669,,0.043202027678489685,,0.1303638517856598,,0.04251151904463768,,0.0,,0.26694631576538086,,0.01838776282966137,,0.20622499287128448,,,0.301096111536026,0.5284348726272583,,0.019016217440366745,,0.20691382884979248,,,0.13121360540390015,,0.01838776282966137,,0.87800532579422,,,,,,,,,,,,,,,,
19,1679,,0.06234580650925636,,0.17241859436035156,,0.052537254989147186,,0.0,,0.3164845108985901,,0.024061236530542374,,0.20565693080425262,,,0.3018077313899994,0.6954743266105652,,0.02538212202489376,,0.28760725259780884,,,0.12103135883808136,,0.024061236530542374,,1.0424213409423828,,,,,,,,,,,,,,,,
19,1689,,0.04506020247936249,,0.14786545932292938,,0.04942236468195915,,0.0,,0.28216496109962463,,0.03995658457279205,,0.20575357973575592,,,0.3020457625389099,0.5690245032310486,,0.016934432089328766,,0.23455986380577087,,,0.11838145554065704,,0.03995658457279205,,0.9266694784164429,,,,,,,,,,,,,,,,
19,1699,,0.05255405977368355,,0.13014808297157288,,0.11216415464878082,,0.0,,0.2999533712863922,,0.038635432720184326,,0.20774038136005402,,,0.3149222433567047,0.5105733871459961,,0.025767948478460312,,0.24812597036361694,,,0.13094961643218994,,0.038635432720184326,,0.9388424158096313,,,,,,,,,,,,,,,,
19,1699,,,,,,,,,,,,,,,,,,,,,,,,,,,,,,,0.0969628170132637,0.49479496479034424,0.2910490930080414,0.0,0.3959159255027771,0.4545048773288727,0.2683420479297638,0.46295836567878723,0.2843778431415558,0.056390948593616486,0.24093498289585114,0.6850109696388245,0.11944428086280823,0.4545048773288727,1.5512834787368774
19,1699,0.05629930645227432,,0.1526331901550293,,0.0575057752430439,,0.0,,0.2895675301551819,,0.030387047678232193,,0.20797322690486908,,0.6694358587265015,0.2962145507335663,,,0.023336073383688927,,0.23167170584201813,,0.1407272219657898,0.026474133133888245,,0.030387047678232193,,0.9938200116157532,,0.19280073046684265,,,,,,,,,,,,,,,
20,1709,,0.0441531203687191,,0.18501269817352295,,0.06374660134315491,,0.0,,0.2862011790275574,,0.01873798482120037,,0.20792172849178314,,,0.2574751377105713,0.8058815598487854,,0.02589327096939087,,0.21265679597854614,,,0.14629986882209778,,0.01873798482120037,,1.0274862051010132,,,,,,,,,,,,,,,,
20,1719,,0.06987379491329193,,0.15874415636062622,,0.05763581395149231,,0.0,,0.31123459339141846,,0.021941453218460083,,0.21201136708259583,,,0.3016931116580963,0.4255424737930298,,0.025937628000974655,,0.23929911851882935,,,0.1320590078830719,,0.021941453218460083,,0.8914342522621155,,,,,,,,,,,,,,,,
20,1729,,0.04811860993504524,,0.11991610378026962,,0.05869842693209648,,0.0,,0.27492809295654297,,0.01879829168319702,,0.20433413982391357,,,0.3151223659515381,0.301328182220459,,0.023528194054961205,,0.21253655850887299,,,0.14462566375732422,,0.01879829168319702,,0.7895215153694153,,,,,,,,,,,,,,,,
20,1739,,0.05287054181098938,,0.11828549206256866,,0.043522924184799194,,0.0,,0.28590208292007446,,0.019506052136421204,,0.20689383149147034,,,0.2865486741065979,0.8017346858978271,,0.02584337256848812,,0.23432646691799164,,,0.09631751477718353,,0.019506052136421204,,1.0211524963378906,,,,,,,,,,,,,,,,
20,1749,,0.07410704344511032,,0.16244544088840485,,0.05853846296668053,,0.0,,0.28992390632629395,,0.015490100719034672,,0.20431894063949585,,,0.28572767972946167,0.5906362533569336,,0.026317080482840538,,0.2295042872428894,,,0.14002996683120728,,0.015490100719034672,,0.9501259922981262,,,,,,,,,,,,,,,,
20,1759,,0.053511038422584534,,0.09285092353820801,,0.043474942445755005,,0.0,,0.264164000749588,,0.02310124598443508,,0.2091972380876541,,,0.3102264106273651,0.5663837790489197,,0.01897549442946911,,0.20395375788211823,,,0.12417770177125931,,0.02310124598443508,,0.900477945804596,,,,,,,,,,,,,,,,
20,1769,,0.060403186827898026,,0.08991065621376038,,0.05323982983827591,,0.0,,0.2862900495529175,,0.05927051976323128,,0.2057090401649475,,,0.30868348479270935,0.4559890627861023,,0.018603242933750153,,0.2245391607284546,,,0.1381436288356781,,0.05927051976323128,,0.8931307792663574,,,,,,,,,,,,,,,,
20,1779,,0.05203302949666977,,0.12743863463401794,,0.06594020128250122,,0.0,,0.3128262758255005,,0.025460515171289444,,0.203279510140419,,,0.2918097674846649,0.27084317803382874,,0.020073896273970604,,0.22084137797355652,,,0.13487249612808228,,0.025460515171289444,,0.7853579521179199,,,,,,,,,,,,,,,,
20,1784,,,,,,,,,,,,,,,,,,,,,,,,,,,,,,,0.09634852409362793,0.48881372809410095,0.3147552013397217,0.0,0.3952927589416504,0.4597911834716797,0.2677266001701355,0.46101558208465576,0.2829456031322479,0.058470718562603,0.2428334802389145,0.6845412850379944,0.1192120835185051,0.4597911834716797,1.554839849472046
20,1784,0.054082468152046204,,0.14760613441467285,,0.055948592722415924,,0.0,,0.28601574897766113,,0.029374171048402786,,0.20731845498085022,,0.6347339153289795,0.294568806886673,,,0.021820591762661934,,0.22655612230300903,,0.1352921426296234,0.0256092119961977,,0.029374171048402786,,0.9652367234230042,,0.19185402989387512,,,,,,,,,,,,,,,
21,1789,,0.044744279235601425,,0.123416468501091,,0.051673173904418945,,0.0,,0.2738422751426697,,0.02118309959769249,,0.2027847170829773,,,0.30588531494140625,0.49066200852394104,,0.013927916996181011,,0.21528637409210205,,,0.13169901072978973,,0.02118309959769249,,0.8675164580345154,,,,,,,,,,,,,,,,
21,1799,,0.05494663119316101,,0.12459713220596313,,0.043554894626140594,,0.0,,0.2666565477848053,,0.013005302287638187,,0.20450961589813232,,,0.30245956778526306,0.4239789545536041,,0.029495244845747948,,0.217457577586174,,,0.09352757036685944,,0.013005302287638187,,0.8198336958885193,,,,,,,,,,,,,,,,
21,1809,,0.04703092202544212,,0.11578274518251419,,0.03846270963549614,,0.0,,0.2615271210670471,,0.04648270830512047,,0.2052859663963318,,,0.29070374369621277,0.4862993657588959,,0.015402300283312798,,0.20424175262451172,,,0.17511232197284698,,0.04648270830512047,,0.8814677000045776,,,,,,,,,,,,,,,,
21,1819,,0.056189924478530884,,0.14679108560085297,,0.034254252910614014,,0.0,,0.2804860472679138,,0.010566867887973785,,0.20618781447410583,,,0.28633275628089905,0.5877907276153564,,0.016659634187817574,,0.21766579151153564,,,0.08533182740211487,,0.010566867887973785,,0.8917102217674255,,,,,,,,,,,,,,,,
21,1829,,0.05557940900325775,,0.10355700552463531,,0.06680789589881897,,0.0,,0.2580518126487732,,0.06415852904319763,,0.20415779948234558,,,0.31483522057533264,0.4614664316177368,,0.017213068902492523,,0.23294711112976074,,,0.1826493889093399,,0.06415852904319763,,0.9125658273696899,,,,,,,,,,,,,,,,
21,1839,,0.05586456134915352,,0.11412829905748367,,0.04199155792593956,,0.0,,0.26850616931915283,,0.01368657499551773,,0.20309677720069885,,,0.30136117339134216,0.3563213050365448,,0.020154017955064774,,0.21399842202663422,,,0.12303847074508667,,0.01368657499551773,,0.7936258316040039,,,,,,,,,,,,,,,,
21,1849,,0.041245680302381516,,0.18754471838474274,,0.0724760964512825,,0.0,,0.270877867937088,,0.03916369378566742,,0.20973250269889832,,,0.2842582166194916,0.5925098657608032,,0.012756535783410072,,0.2788386344909668,,,0.15227705240249634,,0.03916369378566742,,0.9668322205543518,,,,,,,,,,,,,,,,
21,1859,,0.04070842266082764,,0.1633765995502472,,0.04873232915997505,,0.0,,0.2865402400493622,,0.014979924075305462,,0.2128477692604065,,,0.2819048762321472,0.5075660943984985,,0.0237113144248724,,0.21929804980754852,,,0.12571269273757935,,0.014979924075305462,,0.8778455257415771,,,,,,,,,,,,,,,,
21,1869,,0.04985645413398743,,0.1144990399479866,,0.12285029143095016,,0.0,,0.3031359612941742,,0.013047227635979652,,0.20537330210208893,,,0.29793721437454224,0.22814390063285828,,0.017124205827713013,,0.2348887324333191,,,0.10898133367300034,,0.013047227635979652,,0.752979040145874,,,,,,,,,,,,,,,,
21,1869,,,,,,,,,,,,,,,,,,,,,,,,,,,,,,,0.09450407326221466,0.4921703338623047,0.3380628228187561,0.0,0.39237186312675476,0.44830015301704407,0.268227219581604,0.4555680751800537,0.2816033661365509,0.05391862988471985,0.23820483684539795,0.6838418841362,0.11902718991041183,0.44830015301704407,1.5412935018539429
21,1869,0.05300571396946907,,0.1433200091123581,,0.05420681834220886,,0.0,,0.2841547429561615,,0.026368163526058197,,0.20662613213062286,,0.5880676507949829,0.29345226287841797,,,0.020849844440817833,,0.22390544414520264,,0.1294889897108078,0.024528587237000465,,0.026368163526058197,,0.9327121376991272,,0.19201184809207916,,,,,,,,,,,,,,,
22,1879,,0.04832238703966141,,0.11802756786346436,,0.030555184930562973,,0.0,,0.27262070775032043,,0.013618895784020424,,0.20332039892673492,,,0.28517699241638184,0.6618984341621399,,0.023233473300933838,,0.22847828269004822,,,0.13063828647136688,,0.013618895784020424,,0.9485121965408325,,,,,,,,,,,,,,,,
22,1889,,0.04309938848018646,,0.10872076451778412,,0.04882799834012985,,0.0,,0.263973206281662,,0.01880788803100586,,0.20470623672008514,,,0.24812260270118713,0.3112832009792328,,0.01860499009490013,,0.2318197339773178,,,0.10193108022212982,,0.01880788803100586,,0.7369290590286255,,,,,,,,,,,,,,,,
22,1899,,0.0712050199508667,,0.13765576481819153,,0.05794906988739967,,0.0,,0.28343290090560913,,0.03704531863331795,,0.20824289321899414,,,0.30570676922798157,0.5602798461914062,,0.031446270644664764,,0.22910603880882263,,,0.16729581356048584,,0.03704531863331795,,0.9664408564567566,,,,,,,,,,,,,,,,
22,1909,,0.0619061142206192,,0.1309661865234375,,0.048078376799821854,,0.0,,0.2968809902667999,,0.044629015028476715,,0.20538046956062317,,,0.3082347810268402,0.4587360918521881,,0.02292819879949093,,0.2187545746564865,,,0.11774079501628876,,0.044629015028476715,,0.8854999542236328,,,,,,,,,,,,,,,,
22,1919,,0.05493734031915665,,0.16410279273986816,,0.06705336272716522,,0.0,,0.2909306287765503,,0.029532289132475853,,0.21097901463508606,,,0.2910091280937195,0.4785561263561249,,0.021916519850492477,,0.2180960774421692,,,0.13893231749534607,,0.029532289132475853,,0.8905604481697083,,,,,,,,,,,,,,,,
22,1929,,0.04466143995523453,,0.10079216212034225,,0.05011812224984169,,0.0,,0.2693565785884857,,0.04281792789697647,,0.20347656309604645,,,0.29175257682800293,0.1638798713684082,,0.01472159381955862,,0.21565504372119904,,,0.07767762988805771,,0.04281792789697647,,0.6770906448364258,,,,,,,,,,,,,,,,
22,1939,,0.04547913372516632,,0.18908032774925232,,0.035576045513153076,,0.0,,0.27384865283966064,,0.02115856483578682,,0.202105313539505,,,0.27043309807777405,0.8651041388511658,,0.023730561137199402,,0.20645025372505188,,,0.1081157773733139,,0.02115856483578682,,1.0306782722473145,,,,,,,,,,,,,,,,
22,1949,,0.042239680886268616,,0.10187303274869919,,0.03548385202884674,,0.0,,0.2608405351638794,,0.031510986387729645,,0.20475204288959503,,,0.28529196977615356,0.3943546414375305,,0.014484858140349388,,0.22559215128421783,,,0.07886582612991333,,0.031510986387729645,,0.7827020287513733,,,,,,,,,,,,,,,,
22,1954,,,,,,,,,,,,,,,,,,,,,,,,,,,,,,,0.09404819458723068,0.48389920592308044,0.29378631711006165,0.0,0.390155166387558,0.44873109459877014,0.26655343174934387,0.44670370221138,0.2799724340438843,0.0555541068315506,0.2372322529554367,0.688901960849762,0.11982939392328262,0.44873109459877014,1.5316946506500244
22,1954,0.051968056708574295,,0.13792306184768677,,0.053338102996349335,,0.0,,0.28114837408065796,,0.02754083462059498,,0.20600314438343048,,0.545157790184021,0.28966280817985535,,,0.02217445895075798,,0.2190823256969452,,0.12443841248750687,0.023515278473496437,,0.02754083462059498,,0.9027140736579895,,0.19146870076656342,,,,,,,,,,,,,,,
23,1959,,0.05004345625638962,,0.13904184103012085,,0.0605623833835125,,0.0,,0.26931944489479065,,0.0494738332927227,,0.20386338233947754,,,0.3155635595321655,0.4499702751636505,,0.028773030266165733,,0.20997142791748047,,,0.15132935345172882,,0.0494738332927227,,0.8841142654418945,,,,,,,,,,,,,,,,
23,1969,,0.03832203894853592,,0.11959455162286758,,0.05448130518198013,,0.0,,0.2541462779045105,,0.02020253613591194,,0.20412711799144745,,,0.285690039396286,0.8057247400283813,,0.01503684651106596,,0.2127941995859146,,,0.125031977891922,,0.02020253613591194,,0.9979454874992371,,,,,,,,,,,,,,,,
23,1979,,0.0534798726439476,,0.1342700868844986,,0.03706265240907669,,0.0,,0.2758810520172119,,0.008799662813544273,,0.20396549999713898,,,0.2766737639904022,0.5162787437438965,,0.017536399886012077,,0.22675734758377075,,,0.08476325124502182,,0.008799662813544273,,0.8492011427879333,,,,,,,,,,,,,,,,
23,1989,,0.05169611796736717,,0.09334356337785721,,0.03664158284664154,,0.0,,0.281937837600708,,0.016286971047520638,,0.20331330597400665,,,0.2760738730430603,0.38867175579071045,,0.014688415452837944,,0.22182445228099823,,,0.09590405225753784,,0.016286971047520638,,0.7881969809532166,,,,,,,,,,,,,,,,
23,1999,,0.04586914926767349,,0.10887453705072403,,0.03524666279554367,,0.0,,0.26981717348098755,,0.014486977830529213,,0.20343056321144104,,,0.29090380668640137,0.508025050163269,,0.013001489453017712,,0.2108219414949417,,,0.07510131597518921,,0.014486977830529213,,0.8301408886909485,,,,,,,,,,,,,,,,
23,2009,,0.048857614398002625,,0.17125160992145538,,0.07177801430225372,,0.0,,0.27362436056137085,,0.05241455137729645,,0.2080014944076538,,,0.2851461172103882,0.5693668127059937,,0.030826976522803307,,0.20823052525520325,,,0.21412958204746246,,0.05241455137729645,,0.9696019887924194,,,,,,,,,,,,,,,,
23,2019,,0.053904205560684204,,0.20898516476154327,,0.03938843309879303,,0.0,,0.2815708518028259,,0.02823535166680813,,0.2031271606683731,,,0.2585422098636627,0.5228292942047119,,0.04230058193206787,,0.2195032238960266,,,0.09552238881587982,,0.02823535166680813,,0.8776050209999084,,,,,,,,,,,,,,,,
23,2029,,0.050417933613061905,,0.08221453428268433,,0.02777683362364769,,0.0,,0.26352056860923767,,0.012881814502179623,,0.2025192677974701,,,0.2822825014591217,0.9457444548606873,,0.023473020642995834,,0.208846777677536,,,0.07550942152738571,,0.012881814502179623,,1.0435969829559326,,,,,,,,,,,,,,,,
23,2039,,0.047621943056583405,,0.14817136526107788,,0.04981844127178192,,0.0,,0.2826288342475891,,0.04198486730456352,,0.2074405997991562,,,0.2797742784023285,0.2732319235801697,,0.018395476043224335,,0.2197919338941574,,,0.1053299605846405,,0.04198486730456352,,0.7578989863395691,,,,,,,,,,,,,,,,
23,2039,,,,,,,,,,,,,,,,,,,,,,,,,,,,,,,0.09232725948095322,0.48183733224868774,0.3584301769733429,0.0,0.38850003480911255,0.4519382119178772,0.2697714567184448,0.43654388189315796,0.2778642773628235,0.05200463905930519,0.23815634846687317,0.6787895560264587,0.11810847371816635,0.4519382119178772,1.5269745588302612
23,2039,0.05037946626543999,,0.134039044380188,,0.049805641174316406,,0.0,,0.27933695912361145,,0.02590479515492916,,0.20544561743736267,,0.5217510461807251,0.28650882840156555,,,0.020652320235967636,,0.21668186783790588,,0.12053212523460388,0.022974468767642975,,0.02590479515492916,,0.8819807767868042,,0.192195326089859,,,,,,,,,,,,,,,
24,2049,,0.03488445281982422,,0.10542468726634979,,0.05649331212043762,,0.0,,0.25130385160446167,,0.010367047041654587,,0.20353178679943085,,,0.2720903158187866,0.2554047703742981,,0.017437152564525604,,0.19458936154842377,,,0.08282895386219025,,0.010367047041654587,,0.6774106621742249,,,,,,,,,,,,,,,,
24,2059,,0.05711037665605545,,0.14893001317977905,,0.0501202829182148,,0.0,,0.27405285835266113,,0.025655042380094528,,0.2055034637451172,,,0.26152873039245605,0.4601397216320038,,0.03620564937591553,,0.22221344709396362,,,0.13906808197498322,,0.025655042380094528,,0.860643744468689,,,,,,,,,,,,,,,,
24,2069,,0.028878383338451385,,0.11345469951629639,,0.03995727747678757,,0.0,,0.2451903522014618,,0.017215866595506668,,0.20691755414009094,,,0.2580581307411194,0.30538123846054077,,0.009319635108113289,,0.2114013284444809,,,0.13539646565914154,,0.017215866595506668,,0.7242206931114197,,,,,,,,,,,,,,,,
24,2079,,0.06420891731977463,,0.14555160701274872,,0.060506392270326614,,0.0,,0.30414894223213196,,0.03659114986658096,,0.20635497570037842,,,0.2874058485031128,0.4385754466056824,,0.02853352203965187,,0.2209290862083435,,,0.14811357855796814,,0.03659114986658096,,0.8880366086959839,,,,,,,,,,,,,,,,
24,2089,,0.046213842928409576,,0.13764360547065735,,0.03924813121557236,,0.0,,0.2681249976158142,,0.01730847917497158,,0.20240336656570435,,,0.2681557834148407,0.3290923237800598,,0.015424525365233421,,0.21289384365081787,,,0.10132884234189987,,0.01730847917497158,,0.7481622099876404,,,,,,,,,,,,,,,,
24,2099,,0.04950304329395294,,0.151868537068367,,0.0521160289645195,,0.0,,0.24783456325531006,,0.01599016599357128,,0.20336200296878815,,,0.27047300338745117,0.5124584436416626,,0.025157004594802856,,0.2320697009563446,,,0.09224723279476166,,0.01599016599357128,,0.844946026802063,,,,,,,,,,,,,,,,
24,2109,,0.04204263538122177,,0.15112265944480896,,0.0398758202791214,,0.0,,0.2733881175518036,,0.020583663135766983,,0.20139479637145996,,,0.2840408682823181,0.48522791266441345,,0.01898127980530262,,0.1992579996585846,,,0.08466918021440506,,0.020583663135766983,,0.823893129825592,,,,,,,,,,,,,,,,
24,2119,,0.04130280762910843,,0.11948822438716888,,0.029492367058992386,,0.0,,0.2857600450515747,,0.015157156623899937,,0.2045142650604248,,,0.25011640787124634,0.45058977603912354,,0.012849959544837475,,0.20282690227031708,,,0.08198489248752594,,0.015157156623899937,,0.7874491810798645,,,,,,,,,,,,,,,,
24,2124,,,,,,,,,,,,,,,,,,,,,,,,,,,,,,,0.09347987920045853,0.4882722795009613,0.35027220845222473,0.0,0.38691192865371704,0.4375590682029724,0.266893595457077,0.43482452630996704,0.27644023299217224,0.053596045821905136,0.2504172921180725,0.6830379962921143,0.11882814019918442,0.4375590682029724,1.5254347324371338
24,2124,0.048337556421756744,,0.12779420614242554,,0.05033260956406593,,0.0,,0.2762450873851776,,0.02456638403236866,,0.20511139929294586,,0.4825650453567505,0.28546375036239624,,,0.018923524767160416,,0.2110927402973175,,0.1151050552725792,0.022032728418707848,,0.02456638403236866,,0.8515180945396423,,0.1909503936767578,,,,,,,,,,,,,,,
25,2129,,0.0669986754655838,,0.2269696742296219,,0.06703761219978333,,0.0,,0.3130774199962616,,0.055549368262290955,,0.2056000828742981,,,0.2988487482070923,0.39649689197540283,,0.03165749832987785,,0.22343376278877258,,,0.17631828784942627,,0.055549368262290955,,0.91339111328125,,,,,,,,,,,,,,,,
25,2139,,0.036166995763778687,,0.12802205979824066,,0.06826287508010864,,0.0,,0.26443421840667725,,0.013855925761163235,,0.2038106471300125,,,0.2827931344509125,0.40495768189430237,,0.022784870117902756,,0.19890083372592926,,,0.11667663604021072,,0.013855925761163235,,0.7918189764022827,,,,,,,,,,,,,,,,
25,2149,,0.04038543626666069,,0.10746880620718002,,0.0426027812063694,,0.0,,0.2622217535972595,,0.0453810915350914,,0.21336118876934052,,,0.27859413623809814,0.33093276619911194,,0.01514503639191389,,0.20675057172775269,,,0.10813593864440918,,0.0453810915350914,,0.7654610872268677,,,,,,,,,,,,,,,,
25,2159,,0.04245704039931297,,0.12815523147583008,,0.04138823598623276,,0.0,,0.2850499749183655,,0.013131705112755299,,0.2026224434375763,,,0.27183157205581665,0.2860817611217499,,0.018336500972509384,,0.20957566797733307,,,0.08105282485485077,,0.013131705112755299,,0.7220240235328674,,,,,,,,,,,,,,,,
25,2169,,0.04759316146373749,,0.130253404378891,,0.03736789897084236,,0.0,,0.27612239122390747,,0.015868667513132095,,0.20521345734596252,,,0.31206122040748596,0.5245769023895264,,0.012163619510829449,,0.22443239390850067,,,0.098438560962677,,0.015868667513132095,,0.8749973773956299,,,,,,,,,,,,,,,,
25,2179,,0.04161263257265091,,0.08964173495769501,,0.025475014001131058,,0.0,,0.24750547111034393,,0.01706693321466446,,0.2010204792022705,,,0.2884982228279114,0.5376663208007812,,0.008225498721003532,,0.19499121606349945,,,0.08974979817867279,,0.01706693321466446,,0.824679970741272,,,,,,,,,,,,,,,,
25,2189,,0.04025563225150108,,0.1528286635875702,,0.05639645829796791,,0.0,,0.27080217003822327,,0.03193703666329384,,0.2035086452960968,,,0.2797432243824005,0.33939823508262634,,0.011115139350295067,,0.19704866409301758,,,0.12988831102848053,,0.03193703666329384,,0.7727710008621216,,,,,,,,,,,,,,,,
25,2199,,0.03640218824148178,,0.11271251738071442,,0.052924685180187225,,0.0,,0.2616443932056427,,0.0234963558614254,,0.202335923910141,,,0.29635974764823914,0.28590747714042664,,0.012079250067472458,,0.2070108950138092,,,0.09025733172893524,,0.0234963558614254,,0.7243104577064514,,,,,,,,,,,,,,,,
25,2209,,0.037354953587055206,,0.1128256767988205,,0.03794901445508003,,0.0,,0.2582622170448303,,0.009980558417737484,,0.20341867208480835,,,0.2545885443687439,0.5331317186355591,,0.017550110816955566,,0.19774790108203888,,,0.08169843256473541,,0.009980558417737484,,0.8119440078735352,,,,,,,,,,,,,,,,
25,2209,,,,,,,,,,,,,,,,,,,,,,,,,,,,,,,0.09049849212169647,0.47905462980270386,0.3673386573791504,0.0,0.38626828789711,0.43262600898742676,0.26719045639038086,0.4324100911617279,0.2749577760696411,0.05281158536672592,0.23512126505374908,0.6811621189117432,0.11826300621032715,0.43262600898742676,1.511162281036377
25,2209,0.04785845801234245,,0.1245429739356041,,0.04712563008069992,,0.0,,0.2735744118690491,,0.022727305069565773,,0.20451720058918,,0.4594593644142151,0.2801174223423004,,,0.018991990014910698,,0.21064971387386322,,0.10956402122974396,0.02109108306467533,,0.022727305069565773,,0.8308969140052795,,0.19225652515888214,,,,,,,,,,,,,,,
26,2219,,0.06588427722454071,,0.11490307748317719,,0.05106605216860771,,0.0,,0.310837060213089,,0.019872840493917465,,0.2050766497850418,,,0.2932719886302948,0.5777923464775085,,0.02139119803905487,,0.225818932056427,,,0.1108323484659195,,0.019872840493917465,,0.9319857954978943,,,,,,,,,,,,,,,,
26,2229,,0.052868980914354324,,0.12197193503379822,,0.04621681571006775,,0.0,,0.27263209223747253,,0.013928580097854137,,0.20622649788856506,,,0.2798205614089966,0.41887882351875305,,0.019970864057540894,,0.19994822144508362,,,0.10912293940782547,,0.013928580097854137,,0.8035176992416382,,,,,,,,,,,,,,,,
26,2239,,0.04385038837790489,,0.11392614245414734,,0.03675787150859833,,0.0,,0.2767068147659302,,0.013402791693806648,,0.20481377840042114,,,0.2769182622432709,0.5801429748535156,,0.018487460911273956,,0.20301462709903717,,,0.08645917475223541,,0.013402791693806648,,0.8669665455818176,,,,,,,,,,,,,,,,
26,2249,,0.06637540459632874,,0.16956374049186707,,0.044483304023742676,,0.0,,0.3073253631591797,,0.009986753575503826,,0.20456868410110474,,,0.28746670484542847,0.39488139748573303,,0.0287337563931942,,0.2136014997959137,,,0.10285000503063202,,0.009986753575503826,,0.8292993903160095,,,,,,,,,,,,,,,,
26,2259,,0.03608483821153641,,0.09011250734329224,,0.028945276513695717,,0.0,,0.2657439410686493,,0.008538028225302696,,0.20061779022216797,,,0.2630055844783783,0.5592327117919922,,0.015964554622769356,,0.2036483734846115,,,0.06295829266309738,,0.008538028225302696,,0.8198028206825256,,,,,,,,,,,,,,,,
26,2269,,0.056324396282434464,,0.11099172383546829,,0.06521255522966385,,0.0,,0.2726653516292572,,0.03153860941529274,,0.20667174458503723,,,0.27505069971084595,0.3385644555091858,,0.01563502475619316,,0.2068597972393036,,,0.14505721628665924,,0.03153860941529274,,0.7918040752410889,,,,,,,,,,,,,,,,
26,2279,,0.03737342357635498,,0.11370189487934113,,0.04097738489508629,,0.0,,0.22435426712036133,,0.018980907276272774,,0.20754000544548035,,,0.284654825925827,0.4183117747306824,,0.014562445692718029,,0.19225959479808807,,,0.10289503633975983,,0.018980907276272774,,0.7659341096878052,,,,,,,,,,,,,,,,
26,2289,,0.046445950865745544,,0.10487246513366699,,0.04685145244002342,,0.0,,0.26190051436424255,,0.01733340322971344,,0.2141304612159729,,,0.28780248761177063,0.2192959487438202,,0.01368619129061699,,0.21089766919612885,,,0.09641210734844208,,0.01733340322971344,,0.6991246938705444,,,,,,,,,,,,,,,,
26,2294,,,,,,,,,,,,,,,,,,,,,,,,,,,,,,,0.08784837275743484,0.480326771736145,0.3798443675041199,0.0,0.382286012172699,0.43858158588409424,0.26789674162864685,0.4216715395450592,0.27442923188209534,0.05067954212427139,0.23339694738388062,0.6844559907913208,0.11888135969638824,0.43858158588409424,1.5066401958465576
26,2294,0.046027280390262604,,0.12002050876617432,,0.04753272235393524,,0.0,,0.27214664220809937,,0.020651109516620636,,0.20426280796527863,,0.42933812737464905,0.2783588767051697,,,0.01909726671874523,,0.20835979282855988,,0.10633546113967896,0.02043554186820984,,0.020651109516620636,,0.8090438842773438,,0.19139671325683594,,,,,,,,,,,,,,,
27,2299,,0.03134358301758766,,0.09679712355136871,,0.06286239624023438,,0.0,,0.23922693729400635,,0.017388632521033287,,0.2010703682899475,,,0.25716808438301086,0.2986408472061157,,0.020125985145568848,,0.19822418689727783,,,0.12049552798271179,,0.017388632521033287,,0.7078080177307129,,,,,,,,,,,,,,,,
27,2309,,0.04608680307865143,,0.12087434530258179,,0.04108097776770592,,0.0,,0.2697311043739319,,0.023802537471055984,,0.20465914905071259,,,0.2581712305545807,0.6030377149581909,,0.016846774145960808,,0.20608924329280853,,,0.10379819571971893,,0.023802537471055984,,0.8823068737983704,,,,,,,,,,,,,,,,
27,2319,,0.04307667165994644,,0.10657069087028503,,0.03315427526831627,,0.0,,0.25942108035087585,,0.025264570489525795,,0.20168226957321167,,,0.30905476212501526,0.5307645201683044,,0.018350832164287567,,0.20276041328907013,,,0.09401243180036545,,0.025264570489525795,,0.8561662435531616,,,,,,,,,,,,,,,,
27,2329,,0.04180602729320526,,0.08670122176408768,,0.04609105363488197,,0.0,,0.25335437059402466,,0.04727334529161453,,0.20436561107635498,,,0.27076098322868347,0.30235713720321655,,0.01593860238790512,,0.19510065019130707,,,0.0783727616071701,,0.04727334529161453,,0.7179439067840576,,,,,,,,,,,,,,,,
27,2339,,0.04403401538729668,,0.12685701251029968,,0.0519304983317852,,0.0,,0.27407845854759216,,0.012079177424311638,,0.20430104434490204,,,0.29514366388320923,0.42822715640068054,,0.020122405141592026,,0.20769143104553223,,,0.09874241054058075,,0.012079177424311638,,0.8100886940956116,,,,,,,,,,,,,,,,
27,2349,,0.041493479162454605,,0.1165747195482254,,0.05778227001428604,,0.0,,0.2799592614173889,,0.048762042075395584,,0.20202118158340454,,,0.28133082389831543,0.3801259398460388,,0.017018217593431473,,0.20283213257789612,,,0.12723127007484436,,0.048762042075395584,,0.8078228235244751,,,,,,,,,,,,,,,,
27,2359,,0.05133034288883209,,0.09839482605457306,,0.05015081912279129,,0.0,,0.27056416869163513,,0.042761582881212234,,0.2013542503118515,,,0.3002881407737732,0.23855674266815186,,0.014704576693475246,,0.22378355264663696,,,0.10751453042030334,,0.042761582881212234,,0.7402835488319397,,,,,,,,,,,,,,,,
27,2369,,0.047361016273498535,,0.13097161054611206,,0.05133423954248428,,0.0,,0.2560216784477234,,0.020362872630357742,,0.20370374619960785,,,0.25745487213134766,0.5173457860946655,,0.021996140480041504,,0.20987623929977417,,,0.0695776641368866,,0.020362872630357742,,0.820080578327179,,,,,,,,,,,,,,,,
27,2379,,0.04244547337293625,,0.15046396851539612,,0.06888799369335175,,0.0,,0.24494771659374237,,0.025833474472165108,,0.20208606123924255,,,0.24428415298461914,0.4653884172439575,,0.018903441727161407,,0.21066375076770782,,,0.12493126094341278,,0.025833474472165108,,0.8116770386695862,,,,,,,,,,,,,,,,
27,2379,,,,,,,,,,,,,,,,,,,,,,,,,,,,,,,0.08728982508182526,0.47640880942344666,0.38662904500961304,0.0,0.38135871291160583,0.4346655011177063,0.2679539918899536,0.4213283658027649,0.2731800973415375,0.051779698580503464,0.2337976098060608,0.6751109957695007,0.11707506328821182,0.4346655011177063,1.4995362758636475
27,2379,0.04430226609110832,,0.11330512911081314,,0.0490247905254364,,0.0,,0.2685305178165436,,0.020997382700443268,,0.20382682979106903,,0.4118666350841522,0.27619656920433044,,,0.017146605998277664,,0.2085052877664566,,0.10312654823064804,0.019896192476153374,,0.020997382700443268,,0.7934824228286743,,0.19100557267665863,,,,,,,,,,,,,,,
28,2389,,0.052303992211818695,,0.10205727815628052,,0.05560358613729477,,0.0,,0.29549458622932434,,0.0680679902434349,,0.2022080272436142,,,0.2867404520511627,0.3878017067909241,,0.029864147305488586,,0.22702103853225708,,,0.11663991957902908,,0.0680679902434349,,0.8488370180130005,,,,,,,,,,,,,,,,
28,2399,,0.04877467080950737,,0.12307337671518326,,0.03635135293006897,,0.0,,0.26680901646614075,,0.042484723031520844,,0.20095670223236084,,,0.27628234028816223,0.4633522927761078,,0.015975169837474823,,0.20506064593791962,,,0.1091189831495285,,0.042484723031520844,,0.8303496837615967,,,,,,,,,,,,,,,,
28,2409,,0.05213378369808197,,0.1198270320892334,,0.05080655217170715,,0.0,,0.2691458463668823,,0.01800711639225483,,0.2031424194574356,,,0.2838406562805176,0.326712965965271,,0.017962103709578514,,0.21090905368328094,,,0.11036226898431778,,0.01800711639225483,,0.7631714940071106,,,,,,,,,,,,,,,,
28,2419,,0.04637429118156433,,0.09176777303218842,,0.04454078525304794,,0.0,,0.2849741280078888,,0.014221062883734703,,0.2067382037639618,,,0.28380101919174194,0.3147914409637451,,0.015189620666205883,,0.22035536170005798,,,0.0816887766122818,,0.014221062883734703,,0.7476978898048401,,,,,,,,,,,,,,,,
28,2429,,0.047012921422719955,,0.09593139588832855,,0.0482432059943676,,0.0,,0.2654292583465576,,0.013141420669853687,,0.20232880115509033,,,0.2640714645385742,0.376041054725647,,0.014361346140503883,,0.21629153192043304,,,0.09052442014217377,,0.013141420669853687,,0.75901859998703,,,,,,,,,,,,,,,,
28,2439,,0.04413655400276184,,0.06382513791322708,,0.04120401665568352,,0.0,,0.2585919499397278,,0.00919419527053833,,0.20367778837680817,,,0.27100229263305664,0.31593960523605347,,0.01574532315135002,,0.20784126222133636,,,0.06294844299554825,,0.00919419527053833,,0.7050416469573975,,,,,,,,,,,,,,,,
28,2449,,0.0487237311899662,,0.11590380221605301,,0.04442363977432251,,0.0,,0.25780943036079407,,0.025775033980607986,,0.20629791915416718,,,0.25185921788215637,0.4828832745552063,,0.01955699734389782,,0.20962700247764587,,,0.08919905126094818,,0.025775033980607986,,0.8118985891342163,,,,,,,,,,,,,,,,
28,2459,,0.03337005898356438,,0.09647227823734283,,0.03112039901316166,,0.0,,0.2528553009033203,,0.012705628760159016,,0.20122045278549194,,,0.2816038429737091,0.5881088376045227,,0.015972545370459557,,0.19348189234733582,,,0.09477276355028152,,0.012705628760159016,,0.8498049378395081,,,,,,,,,,,,,,,,
28,2464,,,,,,,,,,,,,,,,,,,,,,,,,,,,,,,0.08631826192140579,0.4645897150039673,0.38259780406951904,0.0,0.37752723693847656,0.42875906825065613,0.26915279030799866,0.4233691692352295,0.27101367712020874,0.04957243427634239,0.2320869266986847,0.6783327460289001,0.11747189611196518,0.42875906825065613,1.4927853345870972
28,2464,0.043261975049972534,,0.1106303408741951,,0.04570331424474716,,0.0,,0.2658616006374359,,0.018795328214764595,,0.2035825103521347,,0.384893000125885,0.275869756937027,,,0.017177939414978027,,0.2108452022075653,,0.09888504445552826,0.019100822508335114,,0.018795328214764595,,0.7752193808555603,,0.19172771275043488,,,,,,,,,,,,,,,
29,2469,,0.049840815365314484,,0.08691173791885376,,0.03793421387672424,,0.0,,0.262843519449234,,0.028605308383703232,,0.2020535171031952,,,0.2677675485610962,0.26343613862991333,,0.021701447665691376,,0.19999517500400543,,,0.10013050585985184,,0.028605308383703232,,0.7106716632843018,,,,,,,,,,,,,,,,
29,2479,,0.03877805918455124,,0.12437845766544342,,0.043769724667072296,,0.0,,0.24782150983810425,,0.023090336471796036,,0.2009914517402649,,,0.25426504015922546,0.5018704533576965,,0.01548846997320652,,0.2015528827905655,,,0.10137796401977539,,0.023090336471796036,,0.8094329237937927,,,,,,,,,,,,,,,,
29,2489,,0.04712485149502754,,0.11449714004993439,,0.05481975898146629,,0.0,,0.28344008326530457,,0.010708391666412354,,0.20584392547607422,,,0.2733269929885864,0.4903762936592102,,0.017280282452702522,,0.20757825672626495,,,0.08677475899457932,,0.010708391666412354,,0.8281586170196533,,,,,,,,,,,,,,,,
29,2499,,0.055384621024131775,,0.08602665364742279,,0.034174419939517975,,0.0,,0.2701490819454193,,0.016877837479114532,,0.20472683012485504,,,0.28484389185905457,0.35211628675460815,,0.018879545852541924,,0.2032794952392578,,,0.08587712049484253,,0.016877837479114532,,0.7580875158309937,,,,,,,,,,,,,,,,
29,2509,,0.04216175526380539,,0.07765299081802368,,0.04965433478355408,,0.0,,0.24622051417827606,,0.015845850110054016,,0.21112792193889618,,,0.2779681384563446,0.3238562047481537,,0.011652780696749687,,0.2027883231639862,,,0.1100798174738884,,0.015845850110054016,,0.7335813641548157,,,,,,,,,,,,,,,,
29,2519,,0.03692210838198662,,0.0921216532588005,,0.040530573576688766,,0.0,,0.25203123688697815,,0.05787115544080734,,0.20359274744987488,,,0.25893980264663696,0.3859926164150238,,0.015322791412472725,,0.1920473277568817,,,0.11455566436052322,,0.05787115544080734,,0.7719029188156128,,,,,,,,,,,,,,,,
29,2529,,0.05076064169406891,,0.19378507137298584,,0.06249992921948433,,0.0,,0.2871384620666504,,0.04107578843832016,,0.2026454359292984,,,0.2711547911167145,0.3732788860797882,,0.032790206372737885,,0.22131767868995667,,,0.13058634102344513,,0.04107578843832016,,0.8310025930404663,,,,,,,,,,,,,,,,
29,2539,,0.05058768764138222,,0.13860884308815002,,0.06405095010995865,,0.0,,0.2820643186569214,,0.046443503350019455,,0.20406827330589294,,,0.2610275149345398,0.34595727920532227,,0.02645714208483696,,0.21116219460964203,,,0.14263442158699036,,0.046443503350019455,,0.8054671883583069,,,,,,,,,,,,,,,,
29,2549,,0.0338883213698864,,0.06950418651103973,,0.05001017451286316,,0.0,,0.2573370635509491,,0.0216889176517725,,0.20236635208129883,,,0.2999413013458252,0.29963406920433044,,0.015338171273469925,,0.20516936480998993,,,0.11151780188083649,,0.0216889176517725,,0.7353920936584473,,,,,,,,,,,,,,,,
29,2549,,,,,,,,,,,,,,,,,,,,,,,,,,,,,,,0.085129015147686,0.46416977047920227,0.3942018747329712,0.0,0.3805658221244812,0.42954912781715393,0.26756465435028076,0.4074891209602356,0.26947060227394104,0.04795011878013611,0.23169170320034027,0.677895188331604,0.11731800436973572,0.42954912781715393,1.4844897985458374
29,2549,0.041838452219963074,,0.10737980902194977,,0.04565434902906418,,0.0,,0.2633446753025055,,0.017850587144494057,,0.20309802889823914,,0.373481422662735,0.2729671895503998,,,0.01667485572397709,,0.2032778412103653,,0.09561704844236374,0.018615923821926117,,0.017850587144494057,,0.7593784332275391,,0.1920415610074997,,,,,,,,,,,,,,,
30,2559,,0.04157741367816925,,0.08939464390277863,,0.024760130792856216,,0.0,,0.25839653611183167,,0.017257483676075935,,0.20866192877292633,,,0.3167555332183838,0.38768908381462097,,0.01423238217830658,,0.1955563724040985,,,0.08753157407045364,,0.017257483676075935,,0.7752446532249451,,,,,,,,,,,,,,,,
30,2569,,0.038602471351623535,,0.12857693433761597,,0.05962101370096207,,0.0,,0.29259058833122253,,0.01946442201733589,,0.2034357190132141,,,0.2727840542793274,0.3505299687385559,,0.033537451177835464,,0.20497018098831177,,,0.11242634057998657,,0.01946442201733589,,0.7829903364181519,,,,,,,,,,,,,,,,
30,2579,,0.055600471794605255,,0.16174189746379852,,0.03950691968202591,,0.0,,0.2738964855670929,,0.023243458941578865,,0.2031322419643402,,,0.2721487581729889,0.25090283155441284,,0.04535096883773804,,0.21085110306739807,,,0.10718917101621628,,0.023243458941578865,,0.74128258228302,,,,,,,,,,,,,,,,
30,2589,,0.05433828383684158,,0.09619180858135223,,0.0385659784078598,,0.0,,0.2904115617275238,,0.009420831687748432,,0.20514915883541107,,,0.27317744493484497,0.27853503823280334,,0.01811409741640091,,0.22382430732250214,,,0.09858357161283493,,0.009420831687748432,,0.7392528653144836,,,,,,,,,,,,,,,,
30,2599,,0.040681738406419754,,0.13229483366012573,,0.0379391685128212,,0.0,,0.25895756483078003,,0.013476407155394554,,0.21270394325256348,,,0.25870126485824585,0.23996888101100922,,0.011561570689082146,,0.2123364955186844,,,0.07140225172042847,,0.013476407155394554,,0.6769184470176697,,,,,,,,,,,,,,,,
30,2609,,0.045133937150239944,,0.10758918523788452,,0.0962982028722763,,0.0,,0.2742610275745392,,0.009710234589874744,,0.20167751610279083,,,0.2896679639816284,0.20778986811637878,,0.021058276295661926,,0.18810486793518066,,,0.10490824282169342,,0.009710234589874744,,0.6915446519851685,,,,,,,,,,,,,,,,
30,2619,,0.03950896114110947,,0.062477290630340576,,0.03554520756006241,,0.0,,0.2560170888900757,,0.015711311250925064,,0.201071098446846,,,0.3335113227367401,0.3437783420085907,,0.012824679724872112,,0.18888899683952332,,,0.08922359347343445,,0.015711311250925064,,0.7500699162483215,,,,,,,,,,,,,,,,
30,2629,,0.03205208480358124,,0.14779160916805267,,0.028169067576527596,,0.0,,0.2630119025707245,,0.013517703860998154,,0.20175877213478088,,,0.24215030670166016,0.31213825941085815,,0.01893514208495617,,0.20682141184806824,,,0.08570537716150284,,0.013517703860998154,,0.7056415677070618,,,,,,,,,,,,,,,,
30,2634,,,,,,,,,,,,,,,,,,,,,,,,,,,,,,,0.08332499861717224,0.4597552716732025,0.3736775517463684,0.0,0.3745254874229431,0.4285816550254822,0.27038049697875977,0.4093272387981415,0.2692790925502777,0.052598532289266586,0.23174400627613068,0.68056720495224,0.11773841083049774,0.4285816550254822,1.483507752418518
